activity,x-axis,y-axis,z-axis
Jogging,19.95,17.05,9.0
Jogging,6.97,19.27,-3.91
Jogging,-3.38,-19.61,0.69
Jogging,-7.97,-12.26,13.21
Jogging,19.57,18.85,-4.63
Jogging,0.08,-1.76,-2.22
Jogging,3.21,13.67,-3.79
Jogging,-4.06,-4.14,-2.03
Jogging,0.72,19.19,-3.36
Jogging,-3.68,15.47,0.8036005
Jogging,0.72,5.71,-1.46
Jogging,0.42,4.14,-1.12
Jogging,-1.33,2.07,-1.0760075
Jogging,8.62,13.44,8.240311
Jogging,16.25,15.6,-3.9771416
Jogging,4.75,-11.8,-8.77
Jogging,-12.76,12.91,-1.1441092
Jogging,19.27,19.57,-3.2961242
Jogging,3.15,17.47,-0.15
Jogging,10.12,1.5,5.52
Jogging,5.71,19.57,3.1054392
Jogging,15.89,3.17,-7.6273947
Jogging,4.25,9.89,4.2495484
Jogging,3.3,13.18,-0.69
Jogging,4.18,8.73,-7.97
Jogging,13.18,-5.18,-12.37
Jogging,4.52,7.55,2.79
Jogging,3.41,-8.43,2.7240696
Jogging,2.72,17.05,10.76
Jogging,1.99,-3.3,-1.08
Jogging,-2.53,-16.28,3.214402
Jogging,-5.86,1.33,6.701211
Jogging,-2.96,3.06,-0.42223078
Jogging,4.18,0.84,5.67
Jogging,18.96,6.82,11.96
Jogging,3.83,-4.52,1.38
Jogging,-7.93,5.9,4.82
Jogging,1.76,10.88,0.8
Jogging,3.3,19.57,-6.74
Jogging,0.76,9.66,0.69
Jogging,11.84,18.89,-19.23
Jogging,-4.67,0.31,-3.5276701
Jogging,1.46,7.31,2.68
Jogging,5.67,4.75,3.87
Jogging,0.46,-19.61,6.973618
Jogging,1.8387469,-1.3756552,-0.6537767
Jogging,-6.51,-11.26,-15.704261
Jogging,-13.95,10.61,2.8330324
Jogging,6.82,1.84,4.71
Jogging,-3.34,12.68,0.23154591
Jogging,-3.49,-6.59,8.85
Jogging,-19.61,3.83,-5.13
Jogging,-2.37,18.92,-2.1792557
Jogging,-11.45,8.05,-5.86
Jogging,-18.89,-3.79,14.48
Jogging,-0.42,8.35,-0.10896278
Jogging,7.21,-0.27,-0.6537767
Jogging,19.57,19.38,-4.21
Jogging,-1.92,-1.12,2.56
Jogging,3.34,19.57,-3.9499009
Jogging,14.1,12.91,-2.56
Jogging,-3.45,3.99,6.21
Jogging,12.98,2.83,6.36
Jogging,-6.89,0.46,3.36
Jogging,-15.36,1.95,0.61
Jogging,-0.11,9.08,3.57
Jogging,10.8,9.47,-2.3018389
Jogging,8.54,1.76,3.91
Jogging,2.98,-9.92,-8.812365
Jogging,13.76,14.94,-3.6774938
Jogging,4.29,2.37,8.73
Jogging,-14.29,14.02,2.56
Jogging,-5.94,-6.05,3.3
Jogging,-2.37,10.73,8.076866
Jogging,12.49,-19.61,-0.08
Jogging,-5.09,4.02,-2.96
Jogging,6.51,9.85,3.49
Jogging,-1.84,11.3,-0.42223078
Jogging,-3.11,-16.28,-9.7
Jogging,-16.63,0.72,-1.04
Jogging,-17.35,-4.75,-4.75
Jogging,-1.31,19.53,-9.28
Jogging,-12.45,14.44,-2.2201166
Jogging,3.72,19.57,-3.34
Jogging,12.37,-4.25,15.28
Jogging,0.76,10.34,1.8
Jogging,-17.97,5.94,-7.27
Jogging,-0.23,3.02,3.72
Jogging,-3.49,-0.11,-17.54
Jogging,-5.48,13.63,-2.34
Jogging,1.08,19.57,-2.87
Jogging,0.46,-3.64,1.08
Jogging,3.21,18.24,-5.43
Jogging,-2.75,18.92,-8.58
Jogging,3.53,-1.31,-1.46
Jogging,-1.61,2.68,-8.58
Jogging,8.08,-0.72,-0.88532263
Jogging,-16.55,18.2,-7.6273947
Jogging,4.48,2.26,-2.8330324
Jogging,-0.72,16.4,-4.9
Jogging,-16.74,-6.28,17.924377
Jogging,-10.15,6.59,0.23154591
Jogging,6.97,11.73,-2.98
Jogging,3.8273177,19.57244,-1.3075534
Jogging,3.6,4.71,-1.0760075
Jogging,7.668256,12.830367,3.990762
Jogging,0.42,6.93,2.56
Jogging,14.6,-5.43,6.97
Jogging,-1.08,-1.33,0.7218784
Jogging,-17.46,10.57,-11.141444
Jogging,-8.5,18.16,-0.7627395
Jogging,-18.66,-1.92,2.91
Jogging,-8.05,-0.08,-1.3756552
Jogging,-3.64,-0.42,-7.7772183
Jogging,5.48,1.46,3.568531
Jogging,-2.83,0.27,0.72
Jogging,-1.33,-0.3,-6.28
Jogging,-1.04,7.97,3.1054392
Jogging,1.57,2.53,0.23
Jogging,-3.38,7.89,19.11
Jogging,-2.07,-1.5,-2.91
Jogging,8.96,-1.04,2.83
Jogging,-8.27,2.68,-6.74
Jogging,-8.62,9.34,8.049625
Jogging,12.34,5.94,-1.04
Jogging,-12.45,-1.88,-4.3312707
Jogging,-17.92,17.77,-0.19068487
Jogging,-16.55,1.88,5.6
Jogging,11.795221,12.489859,-5.7477865
Jogging,-13.17,19.42,-8.62168
Jogging,-2.22,14.14,0.7218784
Jogging,-4.67,11.26,3.405087
Jogging,-12.15,16.89,-12.95
Jogging,-6.24,-6.85,-2.87
Jogging,-4.33,-5.75,-7.27
Jogging,11.96,-5.09,3.6
Jogging,-3.06,-10.76,-4.8216033
Jogging,-0.57,1.92,-0.84
Jogging,-0.46,1.54,-4.48
Jogging,-4.63,2.15,0.8
Jogging,-2.87,2.83,-2.07
Jogging,-1.46,3.72,6.2789803
Jogging,-1.38,10.31,5.134871
Jogging,18.96,2.15,0.7627395
Jogging,-14.1,-4.59,-0.15
Jogging,1.27,12.57,-8.19945
Jogging,-12.41,12.6,-9.15
Jogging,-2.75,9.47,-1.9477097
Jogging,-6.63,10.76,-1.76
Jogging,-3.26,8.58,10.27
Jogging,13.02,13.38,-4.9850473
Jogging,-3.3,15.17,1.607201
Jogging,-5.28,-19.04,-6.742072
Jogging,-3.79,-0.34,-3.336985
Jogging,-1.08,14.86,0.5720546
Jogging,-2.83,-6.55,-3.06
Jogging,-5.98,15.43,8.894087
Jogging,11.45,12.83,-3.49
Jogging,-1.69,19.53,-13.63
Jogging,4.56,15.21,-5.706926
Jogging,-1.14,-0.84,-2.1111538
Jogging,3.17,3.21,1.57
Jogging,-6.97,10.69,6.05
Jogging,-3.91,7.63,3.5957718
Jogging,3.17,13.33,5.52
Jogging,-0.34,-0.76,-11.92
Jogging,13.82,16.4,-2.2609777
Jogging,5.63,17.62,-3.64
Jogging,-1.23,-4.33,-1.57
Jogging,-7.78,3.57,2.3018389
Jogging,0.5,18.01,15.28203
Jogging,-2.26,-5.41,0.42223078
Jogging,5.43,9.28,-1.27
Jogging,-16.86,11.3,-0.72
Jogging,-0.76,7.06,-3.9090397
Jogging,-2.41,7.12,-7.7772183
Jogging,2.79,19.53,0.5720546
Jogging,6.51,-1.08,2.3
Jogging,-11.14,0.34,-1.76
Jogging,-5.24,11.88,-9.58
Jogging,-10.27,19.31,11.073342
Jogging,9.96,13.67,-2.0294318
Jogging,-2.87,-13.82,0.27
Jogging,18.92,14.48,-9.656827
Jogging,-19.23,-1.73,-1.23
Jogging,-19.04,15.28,-1.33
Jogging,9.49,14.06,2.22
Jogging,0.95,-0.99,-18.66
Jogging,-10.34,16.44,-1.0760075
Jogging,-1.31,-2.75,-4.21
Jogging,6.32,19.53,-0.08172209
Jogging,-1.42,19.57,-1.6480621
Jogging,-0.93,7.06,-2.53
Jogging,4.44,-1.65,-7.205164
Jogging,-0.34,-0.38,-1.14
Jogging,18.85,19.57,5.938472
Jogging,6.82,4.63,-19.08
Jogging,-6.32,-1.33,-1.5
Jogging,-5.09,3.57,-7.4639506
Jogging,1.57,5.37,-1.6889231
Jogging,-2.96,12.3,0.38
Jogging,6.89,-0.57,1.7297841
Jogging,-4.671779,11.604536,3.9499009
Jogging,6.66,0.0,2.6
Jogging,-7.97,18.81,2.4925237
Jogging,-14.75,-6.63,4.6
Jogging,-2.83,12.68,-5.9
Jogging,-17.5,-3.6,8.85
Jogging,16.55,19.57,-9.234595
Jogging,19.57,-0.69,1.61
Jogging,-0.5,-4.63,-9.152874
Jogging,-0.5,16.28,-2.4925237
Jogging,17.67,19.76,-0.84
Jogging,-4.52,15.28,3.36
Jogging,5.56,11.35,0.34
Jogging,-1.12,11.54,-1.08
Jogging,-3.11,10.42,-2.45
Jogging,-19.23,-1.69,6.32
Jogging,-14.79,4.18,-1.879608
Jogging,-19.23,5.24,-3.06
Jogging,-4.59,-8.43,0.31
Jogging,-8.43,10.04,-1.3075534
Jogging,-0.99,0.8,-0.42223078
Jogging,-17.86,3.68,-6.13
Jogging,-1.88,5.6,-1.7570249
Jogging,-5.33,18.01,-1.23
Jogging,3.53,1.54,-14.71
Jogging,3.98,-15.05,3.91
Jogging,4.06,10.19,-3.0645783
Jogging,-4.82,-3.11,10.5
Jogging,-0.76,-17.69,-9.08
Jogging,9.92,1.8,5.67
Jogging,-2.34,7.25,9.425281
Jogging,18.01,15.43,-4.7126403
Jogging,2.26,17.27,10.08
Jogging,-4.06,-0.8,3.87
Jogging,5.13,17.39,2.1792557
Jogging,-1.88,7.89,-3.759216
Jogging,8.77,16.89,9.49
Jogging,-6.55,8.96,0.76
Jogging,-9.47,0.84,3.41
Jogging,-4.18,2.91,2.87
Jogging,-4.06,1.73,-0.84
Jogging,-19.53,18.62,-1.1441092
Jogging,-19.23,14.41,5.09
Jogging,-11.92,6.05,4.02
Jogging,0.11,10.92,-2.03
Jogging,19.57,3.06,4.6
Jogging,-0.46,6.24,-1.65
Jogging,-12.34,-1.92,6.74
Jogging,-3.15,8.39,7.668256
Jogging,5.86,16.63,0.91
Jogging,-4.9,-4.37,-2.79
Jogging,-19.61,6.7,-8.92
Jogging,-5.67,-5.24,0.15
Jogging,-4.29,18.77,5.56
Jogging,-5.82,-10.38,-0.38
Jogging,-4.9,-19.11,1.27
Jogging,9.08,12.07,-4.63
Jogging,17.01,19.53,-10.0
Jogging,-2.72,15.66,0.8036005
Jogging,3.98,17.62,1.95
Jogging,1.04,-4.18,1.69
Jogging,-6.09,3.02,8.349273
Jogging,8.28,-1.31,-1.7978859
Jogging,14.21,-4.75,11.41
Jogging,-0.99,1.38,-9.23
Jogging,0.76,0.08,-0.61
Jogging,7.21,0.72,-1.08
Jogging,-2.2201166,11.645397,2.2609777
Jogging,2.26,-4.4,-6.09
Jogging,1.38,19.57,-6.93
Jogging,-2.49,11.22,-6.5513873
Jogging,-19.23,-9.62,-5.98
Jogging,-11.84,-2.41,6.74
Jogging,11.99,10.12,-11.26
Jogging,-6.28,-1.23,8.66
Jogging,-16.74,1.31,-0.23
Jogging,-8.47,7.27,-4.99
Jogging,17.58,17.2,0.50395286
Jogging,-14.71,-1.14,-15.85
Jogging,9.47,11.88,3.568531
Jogging,-19.23,19.38,-4.1
Jogging,1.04,13.4,-6.428804
Jogging,4.52,10.08,0.65
Jogging,17.73,8.77,6.0474343
Jogging,10.65,-5.01,4.99
Jogging,-19.61,1.99,-6.93
Jogging,-12.15,19.31,4.99
Jogging,3.02,-0.57,4.56
Jogging,0.08,-3.87,-0.89
Jogging,6.17,8.16,3.336985
Jogging,-0.69,-2.72,2.14
Jogging,0.0,4.02,-0.89
Jogging,3.87,3.45,-13.72
Jogging,-1.31,-6.7,-2.34
Jogging,3.76,-1.95,3.173541
Jogging,-3.72,16.59,2.4516625
Jogging,-12.18,2.64,5.63
Jogging,-6.47,7.08,2.15
Jogging,3.06,6.44,1.1849703
Jogging,19.19,12.87,-9.85
Jogging,-1.5,-1.99,-6.55
Jogging,-11.73,2.18,5.37
Jogging,6.93,-14.18,-10.27
Jogging,-1.84,17.39,-7.59
Jogging,-1.08,-4.56,1.95
Jogging,6.47,14.1,2.7649305
Jogging,-1.73,4.56,-0.95
Jogging,5.28,-6.66,-7.504812
Jogging,-4.67,6.21,7.4639506
Jogging,-0.11,-1.46,-0.61
Jogging,13.06,10.57,3.255263
Jogging,-19.3,18.35,0.040861044
Jogging,0.23,-4.06,6.13
Jogging,1.18,-2.18,2.3
Jogging,8.35,15.02,-7.59
Jogging,9.19,13.1,-1.69
Jogging,19.57,19.53,-2.3018389
Jogging,2.98,-6.09,-2.3426998
Jogging,18.05,4.99,4.671779
Jogging,7.63,6.4,2.49
Jogging,15.98,17.77,-6.32
Jogging,0.53,-2.18,3.02
Jogging,5.938472,19.504337,4.630918
Jogging,-1.65,-5.6,-15.173067
Jogging,-0.19,-1.65,-1.18
Jogging,6.21,17.67,0.42
Jogging,-7.16,0.89,-10.228881
Jogging,7.55,1.57,-5.94
Jogging,-7.12,-6.36,-9.62
Jogging,0.89,1.57,8.19945
Jogging,-6.17,2.49,-2.07
Jogging,4.94,-3.64,5.05
Jogging,-19.08,2.15,-2.64
Jogging,18.96,5.13,10.269742
Jogging,2.91,-4.82,-0.88532263
Jogging,0.08,-4.33,8.12
Jogging,-0.91,-3.79,0.61
Jogging,-1.65,-3.21,2.3018389
Jogging,-18.89,20.04,8.16
Jogging,-0.91,6.66,4.1
Jogging,1.18,18.43,-4.7943625
Jogging,13.06,14.41,-4.0588636
Jogging,-1.18,-1.95,-2.6014864
Jogging,1.08,14.29,9.084772
Jogging,-1.42,-12.79,-14.369467
Jogging,-7.7,-19.53,0.89
Jogging,-7.21,0.11,-1.08
Jogging,-8.77,18.77,-0.61291564
Jogging,-8.16,6.85,-5.86
Jogging,3.83,10.04,1.42
Jogging,-0.46,8.89,3.0237172
Jogging,5.175732,14.601013,0.84446156
Jogging,-6.28,14.71,1.0760075
Jogging,9.23,15.36,-0.3
Jogging,-15.32,-5.67,-12.03
Jogging,3.21,14.25,1.76
Jogging,7.31,12.6,-3.15
Jogging,-6.24,4.79,3.5276701
Jogging,1.46,18.96,2.76
Jogging,-13.48,12.95,6.510526
Jogging,-1.65,-6.55,-2.83
Jogging,-0.15,0.8,-7.93
Jogging,0.69,-8.01,6.93
Jogging,5.9,0.8,-2.6
Jogging,-8.43,-11.11,-1.38
Jogging,-1.88,0.04,0.95
Jogging,13.48,-2.79,3.3778462
Jogging,-6.47,-18.54,-8.158588
Jogging,0.19,19.53,-9.58
Jogging,-12.68,1.57,-0.65
Jogging,-1.53,10.69,1.23
Jogging,-18.89,12.79,-0.19
Jogging,-1.5,-1.92,2.49
Jogging,0.57,-18.54,1.31
Jogging,18.47,16.66,-3.91
Jogging,-16.97,17.58,-3.68
Jogging,6.59,2.18,5.33
Jogging,-3.79,6.28,7.16
Jogging,-9.43,-0.91,1.23
Jogging,-18.77,2.22,15.79
Jogging,-2.11,8.89,4.48
Jogging,0.15,1.12,4.37
Jogging,8.35,16.4,7.86
Jogging,7.01,4.37,0.6537767
Jogging,2.11,1.5,4.9850473
Jogging,-1.38,1.61,-1.99
Jogging,-8.66,8.01,-0.3
Jogging,-1.18,-10.0,-6.17
Jogging,1.99,6.78,5.6
Jogging,2.64,19.57,-9.34
Jogging,19.57,19.57,-6.469665
Jogging,-0.57,-1.42,-0.46309182
Jogging,3.79,-7.93,0.08172209
Jogging,1.76,-12.11,-12.26
Jogging,3.6,6.28,-0.8
Jogging,4.4,-0.3,-1.76
Jogging,-6.47,0.08,3.34
Jogging,5.9,0.95,-5.22
Jogging,-6.97,-3.6,-0.61
Jogging,10.99,19.57,-8.853226
Jogging,19.19,15.43,-5.366417
Jogging,-0.8,19.42,6.66
Jogging,-0.15,-9.72,-10.56939
Jogging,-4.18,4.67,-5.22
Jogging,-1.12,-9.89,-1.99
Jogging,14.6,11.56,-7.504812
Jogging,-12.68,-3.79,-1.18
Jogging,8.77,9.81,-3.5957718
Jogging,2.26,2.45,-0.040861044
Jogging,10.42,5.22,3.6774938
Jogging,2.45,14.6,12.340035
Jogging,-3.53,-2.41,0.040861044
Jogging,-15.24,-10.76,-8.24
Jogging,-14.98,-8.69,-7.74
Jogging,9.58,-2.68,-0.46309182
Jogging,9.47,6.36,2.45
Jogging,-16.32,2.49,3.91
Jogging,2.45,8.92,-0.46309182
Jogging,-0.15,2.53,-0.99
Jogging,-0.76,19.72,5.43
Jogging,15.89,5.56,8.89
Jogging,-1.8,13.02,-0.0
Jogging,0.72,6.36,0.6946377
Jogging,-3.64,2.41,4.399372
Jogging,-19.23,-0.27,3.26
Jogging,-0.89,12.45,0.61
Jogging,-10.84,-0.19,2.07
Jogging,-1.57,-2.91,-6.17
Jogging,-6.24,1.42,7.31
Jogging,2.96,-2.07,-3.445948
Jogging,2.26,3.41,-1.57
Jogging,-3.06,-1.8,-3.759216
Jogging,4.06,-4.94,-6.1291566
Jogging,8.05,8.5,-4.33
Jogging,-2.75,19.57,-13.21
Jogging,-4.21,18.47,16.25
Jogging,1.84,12.76,7.44
Jogging,2.3,13.25,3.21
Jogging,11.563675,19.340895,0.14982383
Jogging,-2.91,14.48,-1.76
Jogging,-1.73,-10.0,3.87
Jogging,2.6,-12.41,1.33
Jogging,-4.71,4.29,3.34
Jogging,-7.86,17.5,-0.34
Jogging,-5.94,9.3,0.50395286
Jogging,-11.18,1.95,7.55
Jogging,9.77,5.71,-3.83
Jogging,-6.17,18.43,3.64
Jogging,-0.72,1.8,-0.99
Jogging,-0.61,-3.3,-0.0
Jogging,-6.47,4.86,1.23
Jogging,2.6,-0.46,0.10896278
Jogging,-16.59,13.82,1.5390993
Jogging,-15.83,-11.07,1.57
Jogging,12.64,3.49,7.4639506
Jogging,-13.57,6.51,11.69
Jogging,-19.15,11.69,7.12
Jogging,1.5,2.79,5.2
Jogging,18.5,7.74,14.246883
Jogging,-2.14,3.21,0.14982383
Jogging,-19.23,-5.43,-0.11
Jogging,-12.95,17.88,4.44
Jogging,-6.32,0.93,-0.57
Jogging,3.64,0.15,1.27
Jogging,-10.61,14.21,-4.1
Jogging,0.27,-0.61,1.8
Jogging,1.92,2.87,-0.61
Jogging,-9.04,-3.15,-5.01
Jogging,7.01,14.48,-3.9090397
Jogging,7.82,13.91,3.759216
Jogging,3.34,5.05,-3.718355
Jogging,17.12,12.11,0.95342433
Jogging,17.27,16.89,-8.01
Jogging,-12.3,9.15,11.54
Jogging,1.33,4.67,-0.23154591
Jogging,12.98,11.14,-3.0645783
Jogging,-0.72,5.24,-0.42
Jogging,-11.95,18.96,1.0351465
Jogging,19.65,-6.47,6.93
Jogging,-3.49,2.64,3.6
Jogging,-3.36,19.15,-10.147159
Jogging,19.5,13.14,-5.243834
Jogging,-5.56,7.55,2.070293
Jogging,-0.65,0.04,-3.405087
Jogging,2.96,-1.04,-0.84
Jogging,2.3,20.04,-11.73
Jogging,-4.9,8.81,3.87
Jogging,-1.92,1.84,4.372132
Jogging,-16.86,-4.06,-0.76
Jogging,3.41,-4.63,-7.93
Jogging,-3.41,-3.53,-1.27
Jogging,8.08,16.74,4.7943625
Jogging,2.87,5.09,-1.7978859
Jogging,-6.17,16.93,14.137921
Jogging,-2.34,2.64,1.12
Jogging,19.57,5.6,6.5513873
Jogging,4.67,15.85,4.4
Jogging,2.83,14.25,9.112013
Jogging,-19.27,18.96,-2.37
Jogging,5.71,-0.15,2.4108016
Jogging,17.86,2.87,3.445948
Jogging,-2.41,5.75,1.56634
Jogging,0.46,-19.61,-3.83
Jogging,-17.88,7.82,9.04
Jogging,0.3,13.38,13.44
Jogging,8.89,1.73,-0.23
Jogging,0.38,-4.59,-1.31
Jogging,-1.65,-2.11,-1.8
Jogging,0.84,16.32,-10.800936
Jogging,11.3,-0.08,3.9499009
Jogging,1.57,19.57,-0.76
Jogging,6.93,17.43,-3.173541
Jogging,-2.68,1.42,0.14982383
Jogging,9.58,0.53,-6.24
Jogging,-4.14,2.53,-5.243834
Jogging,-6.82,15.36,-5.243834
Jogging,-1.88,12.22,-3.34
Jogging,1.8,13.63,2.07
Jogging,-2.91,0.5,2.07
Jogging,-6.47,18.85,-7.5865335
Jogging,-6.78,-8.58,-13.4
Jogging,10.08,13.38,-0.040861044
Jogging,-8.5,8.89,-4.33
Jogging,-6.55,5.22,-2.3699405
Jogging,12.87,3.53,3.57
Jogging,-8.35,19.57,4.0180025
Jogging,-14.48,19.5,-5.09401
Jogging,-19.61,-4.99,-15.51
Jogging,14.44,-0.5,0.53119355
Jogging,2.45,2.56,4.9
Jogging,1.8,11.26,0.95342433
Jogging,-1.38,-1.61,3.06
Jogging,4.82,19.57,-8.19945
Jogging,6.24,5.67,3.173541
Jogging,4.18,-14.25,-11.88
Jogging,11.35,9.08,-3.87
Jogging,-8.35,-0.8,6.89
Jogging,-19.34,-17.2,-11.9450445
Jogging,9.28,15.64,-5.71
Jogging,-19.0,0.95,-3.21
Jogging,19.57,19.08,-5.71
Jogging,17.67,9.23,-0.65
Jogging,-3.91,11.96,-2.5606253
Jogging,-0.8,11.07,3.336985
Jogging,0.04,7.16,-11.264028
Jogging,16.7,19.57,11.032481
Jogging,-4.37,-14.4,-7.25
Jogging,-19.42,3.99,14.41
Jogging,-19.61,-19.57,2.7240696
Jogging,-3.45,5.63,-2.0294318
Jogging,-2.53,6.74,5.175732
Jogging,-10.53,2.76,-2.14
Jogging,-10.08,13.67,2.070293
Jogging,-4.99,19.57,-1.04
Jogging,4.1,6.4,2.152015
Jogging,7.06,1.42,0.040861044
Jogging,-2.45,-1.61,-3.5276701
Jogging,-1.04,4.86,-2.83
Jogging,-19.61,10.57,-3.95
Jogging,-18.85,3.72,-0.84
Jogging,8.39,1.08,-1.7978859
Jogging,-7.01,4.02,-5.13
Jogging,-3.214402,19.57244,4.671779
Jogging,-4.63,5.63,-6.469665
Jogging,-1.08,14.33,-0.08172209
Jogging,19.57,19.57,-4.2904096
Jogging,5.98,15.47,-2.3426998
Jogging,4.75,0.04,4.0180025
Jogging,19.95,11.5,-7.63
Jogging,-0.5,2.76,-0.95
Jogging,5.18,5.56,6.4015636
Jogging,-5.05,-7.74,-4.099725
Jogging,3.98,5.56,-3.72
Jogging,-17.86,6.05,-6.89
Jogging,-2.34,0.76,-2.64
Jogging,-1.57,-14.21,-4.9
Jogging,17.12,1.99,-5.6660647
Jogging,1.31,-5.41,-9.193735
Jogging,-3.76,-6.74,11.18
Jogging,6.21,3.34,-1.08
Jogging,-1.7570249,-6.0201936,1.2258313
Jogging,-12.68,2.56,12.18
Jogging,2.18,14.06,-1.0351465
Jogging,17.27,-4.82,5.28
Jogging,0.27,7.08,0.95
Jogging,19.57,19.57,-1.4573772
Jogging,-13.99,14.33,-7.504812
Jogging,-6.66,-17.82,-12.87
Jogging,-6.74,11.73,-0.53119355
Jogging,0.72,19.57,-9.58
Jogging,-2.96,0.5,-4.7126403
Jogging,7.21,1.54,-1.4573772
Jogging,1.42,-1.73,-5.8158884
Jogging,-19.57,3.76,1.08
Jogging,-11.41,-15.55,14.44
Jogging,19.95,-9.08,3.26
Jogging,-10.15,9.11,-1.6480621
Jogging,-5.86,-7.25,-4.14
Jogging,-7.16,13.91,0.8036005
Jogging,-2.37,-2.79,-7.3549876
Jogging,-0.42,0.46,-0.19068487
Jogging,19.91,19.76,-1.46
Jogging,-4.67,10.73,7.6273947
Jogging,4.94,17.12,-0.93
Jogging,0.11,-4.56,9.53
Jogging,-13.29,19.42,-7.082581
Jogging,0.65,-5.63,5.41
Jogging,-12.49,-0.38,-2.45
Jogging,-9.81,1.54,-2.34
Jogging,8.66,9.92,-4.5900574
Jogging,-6.21,-5.33,-12.76
Jogging,13.4,10.88,0.27240697
Jogging,-5.012288,19.422615,8.580819
Jogging,9.43,17.82,9.80665
Jogging,19.57,4.56,-1.6480621
Jogging,-19.23,-7.35,-6.44
Jogging,2.07,12.76,-0.8
Jogging,5.56,19.57,1.3075534
Jogging,17.86,8.47,-7.7
Jogging,-4.52,5.48,-7.8861814
Jogging,6.21,4.37,1.84
Jogging,1.46,6.21,-1.6889231
Jogging,-2.64,-4.25,0.6537767
Jogging,-13.38,-7.21,-1.4573772
Jogging,3.98,5.9,0.84
Jogging,-1.65,7.21,3.26
Jogging,-4.44,16.55,-2.4516625
Jogging,10.84,7.5,-1.879608
Jogging,4.37,4.06,8.69
Jogging,19.95,1.99,0.99
Jogging,-5.24,19.57,0.313268
Jogging,-5.41,-8.35,-3.3
Jogging,4.14,3.72,-2.91
Jogging,1.46,-2.11,-5.48
Jogging,-18.89,10.53,-4.25
Jogging,10.88,1.23,4.06
Jogging,3.91,19.53,-0.69
Jogging,10.84,0.72,-1.92
Jogging,1.65,5.22,8.85
Jogging,13.91,19.11,-1.76
Jogging,7.4,18.77,-2.76
Jogging,-13.99,-6.43,-2.18
Jogging,0.65,-6.51,-1.23
Jogging,1.99,5.94,-2.982856
Jogging,-3.72,9.51,1.76
Jogging,-10.19,12.41,12.91
Jogging,2.34,14.86,5.9793324
Jogging,1.8,19.53,-3.91
Jogging,0.65,5.79,1.8387469
Jogging,2.87,-4.4,-9.847511
Jogging,16.86,16.47,9.043911
Jogging,18.5,19.34,4.9850473
Jogging,10.269742,19.531578,1.1441092
Jogging,5.75,5.24,1.61
Jogging,-0.69,-4.86,-2.53
Jogging,-5.2,-0.5,-0.72
Jogging,8.85,9.08,3.8273177
Jogging,14.86,11.18,1.04
Jogging,-4.75,4.63,3.759216
Jogging,10.15,19.57,5.7477865
Jogging,-10.04,13.02,10.46
Jogging,-12.18,6.66,-7.3549876
Jogging,14.71,11.26,-3.6
Jogging,3.83,11.18,7.35
Jogging,18.39,-2.53,16.82
Jogging,3.3,-19.11,0.3
Jogging,13.95,6.4,6.93
Jogging,-18.54,-7.01,1.5
Jogging,-7.78,5.22,-5.43
Jogging,6.78,7.06,-0.38
Jogging,-10.5,14.44,-2.41
Jogging,-1.84,-19.11,-4.2904096
Jogging,4.82,-4.56,-5.5571017
Jogging,-15.28,4.21,14.67
Jogging,19.57,18.05,0.313268
Jogging,-6.32,17.35,3.95
Jogging,-9.08,18.5,-1.920469
Jogging,-19.23,1.12,7.25
Jogging,-2.68,-5.48,7.06
Jogging,2.22,-4.99,-1.23
Jogging,-6.32,-8.16,-9.23
Jogging,-10.69,13.38,0.08172209
Jogging,-4.21,-2.03,-4.5219555
Jogging,11.92,-1.38,4.86
Jogging,9.43,19.42,1.4982382
Jogging,1.08,-1.31,-2.8330324
Jogging,5.01,-0.23,3.5957718
Jogging,-6.02,18.58,-1.4165162
Jogging,-2.37,-8.01,-4.99
Jogging,-0.61,-11.3,-11.41
Jogging,4.29,19.5,-4.5628166
Jogging,9.3,-4.29,-4.7943625
Jogging,-4.59,3.68,4.44
Jogging,0.42,2.53,-7.205164
Jogging,14.94,-4.59,-3.17
Jogging,-19.57,-9.28,2.6
Jogging,-19.61,19.53,-6.8237944
Jogging,2.6,5.52,-12.49
Jogging,13.8,-4.18,14.25
Jogging,-2.79,17.54,1.8
Jogging,2.26,-15.51,-5.33
Jogging,2.96,0.19,3.6774938
Jogging,2.6,19.57,-2.3
Jogging,1.57,4.1,-0.08
Jogging,-4.06,1.04,1.1168685
Jogging,-2.4516625,19.57244,-0.53119355
Jogging,-11.8,-10.95,-3.6
Jogging,5.43,6.21,-3.405087
Jogging,-5.67,7.5,-0.23
Jogging,-19.23,-3.3,2.56
Jogging,4.33,11.84,0.95
Jogging,-2.41,-0.11,-1.92
Jogging,-10.65,9.3,-1.56634
Jogging,1.57,12.22,1.7570249
Jogging,-19.57,19.57,-1.0760075
Jogging,-16.13,13.53,-0.34
Jogging,2.64,-1.31,-0.53
Jogging,18.43,3.79,8.62168
Jogging,5.05,8.69,-1.12
Jogging,2.64,8.89,3.91
Jogging,-7.44,-1.12,-7.35
Jogging,6.51,15.24,6.5513873
Jogging,1.5,1.65,-3.02
Jogging,0.99,7.93,-8.16
Jogging,8.049625,14.519291,2.982856
Jogging,-13.33,-6.13,-6.32
Jogging,3.99,6.55,1.3756552
Jogging,0.72,7.93,5.43
Jogging,1.23,1.08,-0.19068487
Jogging,-19.61,19.57,-8.662541
Jogging,-15.28,17.2,-5.8158884
Jogging,19.57,19.57,-5.47538
Jogging,2.68,2.53,8.2
Jogging,-7.78,9.89,-5.24
Jogging,15.36,15.55,0.46309182
Jogging,-8.39,18.7,-0.99
Jogging,0.31,5.48,0.42
Jogging,2.07,-7.16,-4.33
Jogging,-12.41,5.83,-5.82
Jogging,5.79,19.46,11.5
Jogging,-0.14982383,-0.42223078,-1.879608
Jogging,-7.12,7.01,-11.727119
Jogging,3.6,2.96,-1.99
Jogging,2.15,4.9,-3.5957718
Jogging,-2.96,-2.34,-1.69
Jogging,18.85,18.54,-4.0180025
Jogging,-19.57,4.06,-9.28
Jogging,9.19,6.32,-0.6537767
Jogging,0.53,2.56,0.31
Jogging,-7.89,2.37,4.67
Jogging,-9.77,9.7,1.1441092
Jogging,0.11,4.37,4.630918
Jogging,-10.76,-18.16,-4.903325
Jogging,9.11,0.23,4.25
Jogging,-5.05,18.01,5.48
Jogging,-10.84,-4.71,-4.440233
Jogging,5.18,13.06,2.83
Jogging,-7.27,15.51,-9.77
Jogging,-9.92,2.76,-2.9147544
Jogging,17.82,12.64,10.76
Jogging,3.87,6.55,0.46
Jogging,6.02,18.09,-4.99
Jogging,13.8,19.53,-4.903325
Jogging,-6.43,5.86,3.336985
Jogging,10.65,13.8,-2.56
Jogging,-6.02,19.15,-6.66
Jogging,-1.92,4.63,-0.04
Jogging,8.12,4.29,-2.11
Jogging,6.63,19.5,-5.13
Jogging,1.08,5.01,3.2961242
Jogging,-1.12,-10.69,-3.6
Jogging,-0.5,-2.79,0.72
Jogging,4.37,1.73,3.7864566
Jogging,0.61,-3.17,5.56
Jogging,5.83,19.53,0.19068487
Jogging,18.31,10.42,9.466142
Jogging,-13.38,-5.01,-5.71
Jogging,-0.04,-1.95,-9.38
Jogging,-2.45,-5.52,-0.72
Jogging,12.98,14.86,8.01
Jogging,6.51,5.86,-13.44
Jogging,-13.17,11.22,1.42
Jogging,0.76,7.12,-0.88532263
Jogging,-13.91,3.26,11.18
Jogging,-1.69,-1.76,-0.53119355
Jogging,3.6,-6.97,-4.48
Jogging,-11.6,0.34,-1.27
Jogging,-19.19,-9.85,-3.95
Jogging,-0.19,5.83,-2.41
Jogging,11.22,-0.23,4.9
Jogging,19.57,7.93,5.938472
Jogging,10.0,-7.86,-13.252599
Jogging,-15.21,-8.96,7.6954966
Jogging,-8.01,17.35,-7.3141265
Jogging,11.22,17.82,-5.47538
Jogging,2.98,14.37,6.97
Jogging,18.43,12.41,-2.8738933
Jogging,5.9,0.61,3.95
Jogging,-5.56,-10.08,-4.06
Jogging,-9.15,11.22,3.99
Jogging,-8.43,7.5,9.66
Jogging,10.0,-19.42,7.12
Jogging,2.56,-4.67,-3.38
Jogging,-3.49,1.99,-3.87
Jogging,-13.67,-1.14,-1.0760075
Jogging,-8.85,9.28,1.1849703
Jogging,19.19,19.15,1.4573772
Jogging,0.95,-5.13,-0.42223078
Jogging,13.02,19.34,2.070293
Jogging,-1.65,1.38,-11.69
Jogging,-6.63,10.57,12.49
Jogging,19.91,11.6,-6.21
Jogging,-6.02,2.56,5.9
Jogging,-19.11,-8.5,-5.67
Jogging,5.71,6.7,4.9
Jogging,7.31,4.33,-0.5
Jogging,-12.37,13.76,-6.51
Jogging,-2.87,-3.87,0.50395286
Jogging,2.68,-3.91,-5.05
Jogging,-5.79,-1.18,3.214402
Jogging,5.13,8.05,-1.38
Jogging,-4.29,-0.3,-6.891896
Jogging,-2.07,5.71,-6.1291566
Jogging,0.34,9.38,-0.99
Jogging,-1.12,-2.75,-2.3426998
Jogging,-8.28,-0.38,-2.26
Jogging,-0.11,6.13,-1.8
Jogging,7.4,-3.68,7.4639506
Jogging,0.19,-3.26,-1.27
Jogging,11.92,1.8,15.02
Jogging,13.715691,15.023244,3.445948
Jogging,-2.11,-6.13,-5.706926
Jogging,-5.67,16.97,3.8273177
Jogging,1.99,3.91,0.61
Jogging,5.43,7.67,-7.21
Jogging,1.2666923,2.0294318,5.829509
Jogging,1.08,0.23,-4.3312707
Jogging,2.72,-4.48,2.6014864
Jogging,14.33,-5.18,16.89
Jogging,2.18,7.67,-4.06
Jogging,1.14,-5.9,-5.175732
Jogging,12.68,13.57,5.5162406
Jogging,-0.65,6.66,8.88
Jogging,16.13,13.67,-1.0760075
Jogging,8.81,-3.6,-4.944186
Jogging,18.43,19.42,-3.486809
Jogging,-3.91,0.69,1.2258313
Jogging,13.21,-1.99,9.80665
Jogging,-5.09,0.99,-1.38
Jogging,-12.3,18.73,1.4573772
Jogging,4.63,7.12,-3.759216
Jogging,-3.45,4.82,-2.98
Jogging,8.66,-17.67,-11.8
Jogging,-0.19,6.85,-0.46309182
Jogging,14.14,16.78,11.114203
Jogging,1.08,19.57,-3.95
Jogging,-5.63,6.89,-1.4982382
Jogging,1.8,1.84,3.02
Jogging,-19.23,-1.76,-4.82
Jogging,-0.72,6.51,-2.41
Jogging,19.57,19.57,-1.95
Jogging,-2.96,7.93,-5.706926
Jogging,12.3,4.37,-2.83
Jogging,1.73,2.11,-1.04
Jogging,6.59,0.69,9.66
Jogging,-18.28,8.54,-7.5
Jogging,9.62,1.04,7.86
Jogging,9.15,6.13,1.88
Jogging,18.43,-0.95,2.72
Jogging,1.14,-2.53,-10.88
Jogging,-2.64,13.02,2.3018389
Jogging,18.92,-0.27,9.915613
Jogging,1.38,5.63,3.759216
Jogging,3.45,-7.46,-0.42223078
Jogging,-12.98,7.97,-1.4982382
Jogging,-15.89,-7.55,16.59
Jogging,-11.03,8.43,-0.5720546
Jogging,10.69,19.38,-6.5922484
Jogging,1.08,14.29,9.084772
Jogging,1.42,-4.4,-7.082581
Jogging,6.93,16.55,-6.32
Jogging,-2.98,-1.8,-8.158588
Jogging,1.84,-4.06,3.405087
Jogging,1.92,-0.38,0.08
Jogging,-1.88,5.6,0.9942854
Jogging,-3.76,5.09,0.53
Jogging,0.99,18.85,2.3426998
Jogging,15.89,18.81,5.6252036
Jogging,0.38,7.44,6.47
Jogging,0.19,1.12,-0.6537767
Jogging,11.88,19.57,-14.67
Jogging,18.24,0.11,8.19945
Jogging,-2.07,19.61,0.34
Jogging,-19.61,19.57,-3.214402
Jogging,-8.12,13.8,1.4165162
Jogging,-1.54,-2.07,0.89
Jogging,-6.93,-7.86,-2.83
Jogging,10.73,4.4,4.372132
Jogging,4.48,-9.08,3.76
Jogging,-3.95,0.89,6.63
Jogging,-14.33,5.83,3.9090397
Jogging,-19.61,-7.44,-3.95
Jogging,1.95,2.76,-5.43
Jogging,12.03,8.05,0.7627395
Jogging,-3.76,-3.17,-4.1814466
Jogging,3.53,-2.96,-8.16
Jogging,-12.72,16.36,5.33
Jogging,0.53,-6.17,-4.6
Jogging,-1.08,2.72,-6.09
Jogging,6.51,-10.92,-9.62
Jogging,-1.23,-2.34,-1.56634
Jogging,19.57,19.57,-2.1383946
Jogging,0.42,-0.04,-0.69
Jogging,8.35,-1.69,-1.4165162
Jogging,5.71,16.02,6.0882955
Jogging,9.72,19.57,-0.10896278
Jogging,-6.82,-4.99,-10.04
Jogging,-0.19,-4.71,2.96
Jogging,17.08,19.11,1.84
Jogging,0.11,0.34,-0.53
Jogging,8.2,15.79,8.85
Jogging,-12.53,6.17,0.34
Jogging,8.92,19.53,-5.79
Jogging,-12.56,19.53,-3.405087
Jogging,11.22,12.03,-3.214402
Jogging,-19.27,-5.37,-3.41
Jogging,-1.92,9.7,-3.17
Jogging,-2.45,11.45,-6.55
Jogging,-1.33,-11.11,0.14982383
Jogging,-8.12,-1.27,2.68
Jogging,2.26,-15.32,6.13
Jogging,5.63,-5.86,-3.336985
Jogging,0.76,-11.18,9.92
Jogging,-12.34,-4.82,-1.33
Jogging,4.1,-1.65,3.8681788
Jogging,-15.36,16.55,-5.86
Jogging,2.6,-7.55,-4.79
Jogging,-5.86,-2.87,5.86
Jogging,-19.23,18.31,-0.72
Jogging,-4.14,18.12,-1.04
Jogging,-1.84,-1.84,-4.56
Jogging,-0.57,-0.76,-4.21
Jogging,-6.4,13.67,0.61
Jogging,-19.23,17.77,-4.82
Jogging,-0.69,-10.31,3.41
Jogging,-7.31,16.63,-2.11
Jogging,-2.83,-1.38,-0.84
Jogging,-3.6,8.24,0.6537767
Jogging,19.38,19.57,-13.44
Jogging,-3.26,2.76,-3.72
Jogging,-14.9,1.54,-0.38
Jogging,4.18,-0.04,-0.8036005
Jogging,-5.52,1.31,3.41
Jogging,-9.302697,19.57244,-1.0760075
Jogging,2.45,18.77,-5.01
Jogging,10.5,14.71,-2.53
Jogging,-13.99,14.67,-11.836082
Jogging,2.64,-4.52,-6.32
Jogging,-19.23,-2.68,3.45
Jogging,-5.28,-19.46,4.94
Jogging,-8.58,19.53,2.1111538
Jogging,3.06,-0.5,4.02
Jogging,-19.61,-1.84,6.32
Jogging,3.95,17.12,3.11
Jogging,-1.23,2.72,4.79
Jogging,8.89,-0.42,6.05
Jogging,8.2,16.13,-18.16
Jogging,-12.95,18.12,2.3
Jogging,2.79,11.41,8.58
Jogging,15.43,17.86,-3.9499009
Jogging,-19.19,19.76,-4.48
Jogging,-5.28,15.47,-4.4810944
Jogging,7.67,2.07,5.5571017
Jogging,-4.71,1.57,-0.46
Jogging,-15.47,16.21,0.38136974
Jogging,3.95,-3.79,2.91
Jogging,8.43,18.47,5.706926
Jogging,1.23,17.82,-12.53
Jogging,-0.8,7.08,4.99
Jogging,-7.93,9.85,-12.176591
Jogging,9.0,14.33,-3.1054392
Jogging,-0.27,4.25,-9.47
Jogging,5.18,0.31,-4.4810944
Jogging,-5.98,19.38,-5.47538
Jogging,10.12,-8.01,6.02
Jogging,-17.5,-19.04,6.55
Jogging,-19.19,-7.63,-4.21
Jogging,1.95,2.15,2.7649305
Jogging,1.8,1.31,-2.41
Jogging,-2.07,2.96,-0.5720546
Jogging,19.27,6.21,-2.4925237
Jogging,13.87,15.4,-0.53119355
Jogging,8.77,4.71,9.89
Jogging,8.73,-3.87,-4.944186
Jogging,-0.19068487,18.768839,-5.7477865
Jogging,13.48,19.31,8.240311
Jogging,13.06,18.24,-9.11
Jogging,-5.01,5.71,4.52
Jogging,-0.8,-1.5,1.76
Jogging,-4.25,-7.59,-4.9850473
Jogging,10.31,-3.17,5.47538
Jogging,-5.09,-0.04,0.84446156
Jogging,-1.38,4.56,-7.4
Jogging,-18.69,3.83,-5.52
Jogging,-16.32,12.87,3.568531
Jogging,3.72,-5.37,-13.988097
Jogging,-1.38,-1.38,-2.4516625
Jogging,-19.61,-9.43,7.014479
Jogging,2.83,18.39,15.79
Jogging,-11.3,-6.82,-2.37
Jogging,-0.19,-3.34,-0.42
Jogging,-11.88,-0.08,-2.15
Jogging,11.03,3.17,2.5333846
Jogging,-16.74,17.54,0.27240697
Jogging,18.96,-0.34,1.31
Jogging,-2.49,10.19,-6.973618
Jogging,5.2,6.4,-3.02
Jogging,19.57,19.57,3.255263
Jogging,-12.87,1.08,-0.7627395
Jogging,2.11,19.76,5.9
Jogging,-11.88,-14.29,18.39
Jogging,-3.34,7.31,-1.0760075
Jogging,6.05,5.28,6.782933
Jogging,17.69,-2.87,-2.5333846
Jogging,-18.43,-2.91,4.18
Jogging,3.17,0.5,1.3756552
Jogging,-3.79,8.73,-11.03
Jogging,-4.21,9.11,-7.04172
Jogging,-9.53,16.59,-0.42
Jogging,6.17,-0.3,-2.98
Jogging,2.22,19.57,1.0351465
Jogging,-4.67,16.82,-3.636633
Jogging,-1.5,16.82,10.42
Jogging,4.79,15.47,7.014479
Jogging,-19.04,3.91,-3.11
Jogging,-11.45,11.14,0.27240697
Jogging,2.91,19.57,-5.79
Jogging,-5.6,16.97,1.56634
Jogging,6.82,14.06,1.18
Jogging,5.05,0.99,1.879608
Jogging,-0.08,3.99,1.69
Jogging,0.69,8.92,12.18
Jogging,-0.61,3.3,-0.76
Jogging,-2.15,1.23,-1.38
Jogging,-1.27,1.84,0.10896278
Jogging,0.15,-1.27,-2.11
Jogging,-0.5,1.33,9.77
Jogging,-2.22,6.89,7.8180795
Jogging,-0.15,-5.98,-4.3312707
Jogging,11.73,0.27,-6.59
Jogging,6.74,14.14,6.701211
Jogging,19.57,5.41,8.076866
Jogging,17.31,-2.49,17.35
Jogging,1.46,-3.68,-8.62168
Jogging,-7.12,3.91,-6.32
Jogging,6.82,0.95,-9.77
Jogging,-0.65,13.8,8.430995
Jogging,4.25,-14.75,4.79
Jogging,-0.46,8.43,-0.7218784
Jogging,8.16,10.53,6.63
Jogging,-6.02,14.71,-3.45
Jogging,5.24,-1.31,-2.7240696
Jogging,-4.18,19.19,-0.38136974
Jogging,-1.95,18.54,0.08
Jogging,0.95,6.85,-1.92
Jogging,-1.04,0.57,2.37
Jogging,3.79,0.46,-2.2201166
Jogging,4.02,1.18,-5.63
Jogging,18.35,9.89,-1.9477097
Jogging,-12.91,-19.53,2.8330324
Jogging,-4.48,-17.86,0.42
Jogging,0.89,12.45,6.851035
Jogging,2.34,12.11,-4.140586
Jogging,-8.27,11.69,4.440233
Jogging,19.04,16.59,2.070293
Jogging,6.82,18.89,0.19
Jogging,2.76,-5.67,-0.88532263
Jogging,-18.85,19.19,0.91
Jogging,1.92,16.04,-4.9
Jogging,-18.96,13.06,-7.4
Jogging,0.72,7.63,6.28
Jogging,-1.84,9.15,6.932757
Jogging,5.24,5.75,-0.14982383
Jogging,-1.57,3.15,-1.27
Jogging,-3.06,11.22,2.3699405
Jogging,-11.69,10.27,15.28
Jogging,17.97,-2.98,8.12
Jogging,8.85,0.34,-0.99
Jogging,-1.6480621,19.57244,-1.920469
Jogging,18.62,16.09,1.9885708
Jogging,0.42,4.86,-3.445948
Jogging,0.34,17.05,5.5571017
Jogging,0.8,12.83,3.15
Jogging,-19.23,-4.52,0.23
Jogging,2.91,19.27,-4.8216033
Jogging,-6.43,2.79,7.0553403
Jogging,0.08,4.67,-9.3
Jogging,-3.36,7.01,3.2961242
Jogging,2.6832085,10.337844,3.445948
Jogging,12.45,18.92,-0.34
Jogging,-11.5,-6.09,-12.45
Jogging,-12.07,3.17,-1.1168685
Jogging,7.55,3.21,4.82
Jogging,2.53,11.54,-14.25
Jogging,-4.82,-3.95,-3.214402
Jogging,-5.24,-2.68,7.86
Jogging,-0.99,0.65,-3.68
Jogging,-5.09,14.56,-2.87
Jogging,-1.88,1.23,-1.18
Jogging,-16.32,-11.14,14.6
Jogging,8.54,4.25,9.66
Jogging,-3.3,9.85,4.7535014
Jogging,1.92,-9.53,-11.8
Jogging,7.67,12.79,3.405087
Jogging,-4.59,5.18,-2.3426998
Jogging,11.84,8.16,1.88
Jogging,-0.53,1.08,5.6
Jogging,-4.71,19.57,0.57
Jogging,12.11,15.83,-5.18
Jogging,11.88,-4.79,7.31
Jogging,19.84,-0.69,4.52
Jogging,-1.14,18.39,7.74
Jogging,-4.14,11.11,7.74
Jogging,1.08,9.72,1.38
Jogging,9.08,16.82,-1.08
Jogging,9.66,12.76,-0.76
Jogging,-14.79,-3.26,5.67
Jogging,5.9,15.24,5.48
Jogging,14.02,19.57,-6.6331096
Jogging,-1.31,-2.22,-4.44
Jogging,5.56,-19.61,0.15
Jogging,0.57,3.41,-1.23
Jogging,-1.95,-1.99,-3.15
Jogging,-19.23,-6.74,-5.05
Jogging,-5.05,18.85,14.25
Jogging,-1.46,-7.82,-1.3756552
Jogging,-6.0474343,12.598822,-2.9556155
Jogging,-3.34,-17.31,2.15
Jogging,12.15,3.79,10.88
Jogging,6.55,10.08,-3.636633
Jogging,-11.26,17.69,0.14982383
Jogging,-1.27,-4.1,-0.95
Jogging,-4.21,0.04,2.96
Jogging,-2.37,-1.69,0.5
Jogging,-13.14,9.47,-6.17
Jogging,-13.02,4.6,5.28
Jogging,10.61,18.77,5.24
Jogging,2.56,3.21,-0.5
Jogging,6.21,0.0,6.1291566
Jogging,-1.76,17.69,1.5
Jogging,4.9,19.57,-7.04
Jogging,8.05,3.41,2.96
Jogging,-17.69,15.51,-7.164303
Jogging,-5.24,1.61,-9.72
Jogging,-6.66,17.01,-0.61
Jogging,12.87,15.75,-1.84
Jogging,-3.53,16.78,1.0351465
Jogging,15.43,19.57,-13.78
Jogging,-0.61,5.67,-8.158588
Jogging,0.23,2.76,4.52
Jogging,8.05,9.11,4.25
Jogging,-3.79,13.29,6.3607025
Jogging,4.44,7.74,-1.6480621
Jogging,1.8,10.69,10.61
Jogging,0.11,10.04,-0.88532263
Jogging,8.16,-6.51,6.1700177
Jogging,-13.59,16.04,-4.06
Jogging,7.67,2.68,4.63
Jogging,9.04,-12.41,-9.38
Jogging,5.41,12.03,-1.8
Jogging,16.59,-19.61,1.99
Jogging,2.41,19.57,6.510526
Jogging,-18.7,-5.05,-1.76
Jogging,-8.24,15.24,-5.13
Jogging,-5.75,6.74,-13.143636
Jogging,1.18,-0.89,-5.75
Jogging,6.78,10.5,-10.99
Jogging,11.92,14.56,0.99
Jogging,11.96,9.15,-3.02
Jogging,-7.04,-5.01,-6.47
Jogging,-1.12,1.33,-4.2495484
Jogging,2.91,10.88,0.95
Jogging,14.79,12.87,-0.6537767
Jogging,-6.7,-5.71,3.45
Jogging,-4.99,5.37,-0.23
Jogging,-5.94,0.99,0.84446156
Jogging,7.5,19.57,-8.390134
Jogging,-0.42,-0.61,-10.11
Jogging,14.21,-10.95,1.08
Jogging,5.28,-2.11,14.44
Jogging,-2.41,-5.67,-6.701211
Jogging,0.0,15.83,14.6
Jogging,14.37,16.32,-7.86
Jogging,10.0,14.56,-2.03
Jogging,-3.95,1.31,-6.5513873
Jogging,-1.8387469,19.272793,-0.9125633
Jogging,19.19,10.19,9.193735
Jogging,-4.67,-8.24,-3.76
Jogging,-2.91,8.5,-0.69
Jogging,11.11,3.68,-2.1111538
Jogging,10.34,1.8,2.1792557
Jogging,-12.37,10.12,-6.7
Jogging,-15.89,10.69,-5.09
Jogging,-2.26,1.92,-0.99
Jogging,1.69,-8.35,-2.2609777
Jogging,7.59,11.45,1.3756552
Jogging,-10.31,-8.62,-9.08
Jogging,-7.27,-12.72,2.34
Jogging,0.95,11.26,4.5628166
Jogging,1.69,15.13,6.59
Jogging,-4.99,-1.08,-0.89
Jogging,8.85,-0.15,0.88532263
Jogging,-2.87,13.21,-3.06
Jogging,16.93,1.23,-7.7772183
Jogging,-6.74,16.4,-5.407278
Jogging,-11.37,1.84,-11.54
Jogging,17.82,-6.28,6.66
Jogging,-5.09,2.53,-13.715691
Jogging,2.7240696,18.04696,-3.8681788
Jogging,-7.93,6.7,-1.607201
Jogging,7.44,10.27,7.205164
Jogging,-14.52,0.08,13.4
Jogging,-9.23,12.98,-2.5333846
Jogging,2.56,2.22,0.31
Jogging,-2.03,0.57,-2.07
Jogging,0.46,14.02,5.7886477
Jogging,9.04,-3.98,4.6036777
Jogging,5.09,13.29,8.390134
Jogging,2.75,3.95,3.36
Jogging,11.26,17.77,-0.76
Jogging,6.32,-4.33,-2.26
Jogging,4.33,10.15,0.27
Jogging,2.6,0.46,-1.46
Jogging,5.9,-1.18,13.21
Jogging,6.43,0.46,13.78
Jogging,-0.23,-2.72,-0.08
Jogging,-5.01,-2.3,-0.5
Jogging,-6.02,6.4,-9.28
Jogging,3.17,12.26,-11.88
Jogging,-11.37,7.12,0.46
Jogging,-3.72,3.76,1.3756552
Jogging,7.82,-0.57,-7.16
Jogging,-3.36,-4.37,-4.06
Jogging,1.95,14.75,-3.5276701
Jogging,17.39,1.73,-6.469665
Jogging,-0.23,-9.19,-1.57
Jogging,-7.97,-0.23,5.09
Jogging,-2.91,-6.09,-8.73
Jogging,10.57,-3.68,8.117727
Jogging,0.5,-8.2,-11.413852
Jogging,-6.82,-0.61,0.38
Jogging,1.08,0.65,-1.92
Jogging,7.25,1.69,4.7126403
Jogging,-2.72,9.08,-0.19068487
Jogging,-19.23,-2.6,1.84
Jogging,-1.0351465,2.4925237,2.9556155
Jogging,1.61,8.69,-3.02
Jogging,-1.18,-3.95,-16.25
Jogging,6.28,11.11,10.760075
Jogging,-8.5,4.25,0.23
Jogging,4.1,4.48,0.04
Jogging,1.92,2.3,-0.23
Jogging,-0.89,13.82,-5.8567495
Jogging,0.89,9.43,3.759216
Jogging,-13.14,17.73,11.795221
Jogging,0.53,-3.17,-4.2495484
Jogging,-12.11,-4.33,14.06
Jogging,0.19,5.94,2.6423476
Jogging,-2.75,-3.17,2.64
Jogging,-2.07,-19.61,-0.31
Jogging,-3.21,13.82,-1.76
Jogging,-2.26,16.82,0.6537767
Jogging,-7.08,2.53,4.37
Jogging,-2.79,-8.62,-7.55
Jogging,6.17,16.02,-1.53
Jogging,-0.15,-3.79,3.95
Jogging,-7.4,19.34,-4.79
Jogging,4.63,18.24,-4.48
Jogging,1.95,18.62,-2.41
Jogging,-0.7218784,19.57244,-0.95342433
Jogging,2.96,-16.97,12.37
Jogging,-1.99,0.04,-1.1168685
Jogging,2.41,18.5,-8.05
Jogging,-3.6,-7.55,0.11
Jogging,3.06,0.99,-0.84446156
Jogging,-18.62,18.96,-7.16
Jogging,7.55,-10.15,0.84
Jogging,17.01,1.99,7.246025
Jogging,12.87,-6.21,0.42
Jogging,-10.65,0.15,-2.3
Jogging,-2.75,4.21,4.37
Jogging,1.12,-4.44,2.56
Jogging,-8.96,3.99,13.14
Jogging,17.82,19.11,1.920469
Jogging,-10.23,8.85,4.18
Jogging,-16.24,19.57,-3.6
Jogging,-8.47,11.5,9.534244
Jogging,-3.02,-0.91,-8.539958
Jogging,-1.12,0.34,-2.7240696
Jogging,-2.37,13.76,6.2789803
Jogging,10.15,10.65,-5.98
Jogging,6.51,0.42,-2.98
Jogging,-0.23,-1.08,-0.61291564
Jogging,-4.48,9.62,4.944186
Jogging,8.66,1.14,-1.73
Jogging,2.14,12.98,1.12
Jogging,9.112013,5.012288,3.718355
Jogging,0.53,-1.18,3.79
Jogging,4.7943625,8.349273,4.7943625
Jogging,-14.94,14.14,-6.891896
Jogging,4.25,3.15,7.55
Jogging,9.72,14.63,6.66035
Jogging,0.57,-8.88,-2.07
Jogging,-9.34,16.04,7.668256
Jogging,9.11,-0.76,4.75
Jogging,-1.99,11.45,9.575105
Jogging,-0.61,4.18,-5.012288
Jogging,-10.08,9.72,-0.27240697
Jogging,0.89,4.33,0.23154591
Jogging,0.93,10.53,0.08172209
Jogging,1.4573772,-2.2201166,-0.84446156
Jogging,5.05,2.76,6.51
Jogging,-19.27,-18.2,-2.64
Jogging,3.95,3.6,-3.718355
Jogging,15.17,-15.85,4.06
Jogging,11.96,19.0,4.630918
Jogging,14.29,15.98,-0.15
Jogging,2.72,3.76,-2.8738933
Jogging,-3.02,13.38,18.2
Jogging,-4.79,-1.88,-4.94
Jogging,6.36,2.98,0.61
Jogging,2.26,6.55,9.15
Jogging,-7.12,19.57,-12.14935
Jogging,4.1,1.73,-2.56
Jogging,-1.46,3.87,1.607201
Jogging,-8.16,9.81,14.02
Jogging,-1.31,-3.98,1.8
Jogging,3.76,-1.12,0.19068487
Jogging,-10.19,-1.31,-2.8738933
Jogging,-8.54,19.57,2.75
Jogging,-8.16,19.19,7.21
Jogging,-7.06,4.71,1.65
Jogging,1.8,16.36,11.33
Jogging,19.5,5.79,2.6832085
Jogging,19.91,4.4,5.98
Jogging,-12.91,12.49,2.4108016
Jogging,-6.51,8.96,3.9499009
Jogging,-5.01,11.45,1.920469
Jogging,-0.65,9.3,-3.759216
Jogging,0.65,17.69,-0.15
Jogging,2.3,4.29,-4.1
Jogging,-1.46,-11.5,-3.83
Jogging,-19.23,-7.4,-4.63
Jogging,-5.18,15.36,10.228881
Jogging,-9.49,-0.34,-7.25
Jogging,-8.81,18.16,-0.84446156
Jogging,-10.73,20.04,-18.96
Jogging,-19.19,-18.28,-15.24
Jogging,4.33,14.9,5.24
Jogging,12.15,14.82,-2.6832085
Jogging,-12.11,19.76,-5.28
Jogging,9.89,-3.57,5.5571017
Jogging,5.6,15.36,-2.8738933
Jogging,-6.0882955,-8.880466,-8.390134
Jogging,-10.72,19.57,10.651112
Jogging,2.56,9.19,10.72
Jogging,3.87,9.15,5.71
Jogging,0.72,13.4,-0.84446156
Jogging,8.85,6.24,-5.09
Jogging,7.89,0.5,1.23
Jogging,0.3,-0.8,0.57
Jogging,4.2904096,16.208214,9.697687
Jogging,0.69,5.79,-0.61291564
Jogging,5.706926,-0.040861044,0.14982383
Jogging,-15.32,0.46,2.34
Jogging,0.61,7.21,2.2201166
Jogging,7.59,-0.99,4.5628166
Jogging,-16.4,13.63,-0.7218784
Jogging,3.72,8.08,-3.405087
Jogging,-0.57,0.31,-0.04
Jogging,12.79,12.07,10.310603
Jogging,-3.02,7.31,0.5720546
Jogging,-10.04,3.06,-7.16
Jogging,11.5,15.4,5.05
Jogging,3.76,2.22,-5.012288
Jogging,-8.16,19.57,3.98
Jogging,0.5,3.02,0.95342433
Jogging,-11.6,19.34,-6.891896
Jogging,18.7,19.57,9.534244
Jogging,4.52,-0.76,-3.34
Jogging,-7.78,-5.01,-2.64
Jogging,13.87,-2.49,-4.0588636
Jogging,12.6,-2.49,7.273266
Jogging,-0.69,-10.04,-7.06
Jogging,-4.48,19.42,0.10896278
Jogging,-0.19,16.55,-5.09401
Jogging,4.52,7.16,4.14
Jogging,-7.59,-0.91,-0.23154591
Jogging,-2.34,4.37,5.5162406
Jogging,4.1,3.76,0.57
Jogging,-2.79,0.76,-6.28
Jogging,13.59,10.57,-8.117727
Jogging,-13.78,4.25,14.52
Jogging,5.67,18.43,-4.86
Jogging,2.79,3.06,3.34
Jogging,3.64,9.34,-2.72
Jogging,2.37,12.26,0.61
Jogging,-4.9,1.61,-2.49
Jogging,3.64,12.45,-1.69
Jogging,-7.89,1.57,7.04
Jogging,-3.41,-3.34,-0.3
Jogging,-19.08,9.43,-6.78
Jogging,-16.85,15.89,-12.408136
Jogging,-4.79,16.4,-4.86
Jogging,-9.0,-1.5,-7.44
Jogging,2.87,10.61,1.1168685
Jogging,-4.4,6.74,-2.96
Jogging,16.7,16.44,-7.5
Jogging,6.78,0.23,-1.42
Jogging,-15.09,-1.88,-0.38
Jogging,-6.74,14.94,-4.67
Jogging,-3.83,2.56,-1.6480621
Jogging,19.57,3.72,7.205164
Jogging,0.3,-0.65,-0.57
Jogging,-5.18,-3.17,-1.8387469
Jogging,3.87,-2.87,6.36
Jogging,5.79,-4.75,-1.53
Jogging,-13.48,-8.39,-7.97
Jogging,6.66,-0.38,3.6774938
Jogging,18.81,-0.95,7.89
Jogging,-17.01,17.47,4.8216033
Jogging,9.34,19.08,7.3958488
Jogging,2.83,19.57,0.57
Jogging,-2.45,-1.42,-4.18
Jogging,-1.18,2.76,12.41
Jogging,17.77,11.22,3.45
Jogging,-8.39,5.71,13.33
Jogging,3.34,19.57,6.09
Jogging,0.0,0.15,-1.12
Jogging,-16.32,5.83,-5.52
Jogging,6.85,6.55,2.68
Jogging,-6.4,10.42,0.9942854
Jogging,3.6,-2.41,-0.84446156
Jogging,-17.35,2.45,11.41
Jogging,-4.06,-1.69,-0.84446156
Jogging,-0.19,-9.19,1.7570249
Jogging,-10.42,19.57,-2.9147544
Jogging,-6.51,6.36,5.52
Jogging,19.57,19.53,-3.9499009
Jogging,5.18,-0.76,-10.04
Jogging,5.6252036,14.560152,-0.0
Jogging,-9.34,14.98,-1.42
Jogging,1.92,-3.11,-0.9125633
Jogging,15.79,18.89,-4.140586
Jogging,9.53,10.8,1.5
Jogging,-9.19,17.69,6.3198414
Jogging,0.08,19.57,-5.8158884
Jogging,2.37,0.53,0.8036005
Jogging,3.41,-0.99,-0.19
Jogging,-0.46,17.5,-2.26
Jogging,-19.23,7.35,3.98
Jogging,4.21,17.82,-10.84
Jogging,9.51,-3.91,-1.9477097
Jogging,19.34,0.53,7.01
Jogging,-18.62,19.76,0.76
Jogging,-2.49,15.64,-0.0
Jogging,1.46,18.77,-3.49
Jogging,11.3,20.04,-10.8
Jogging,11.18,10.27,0.84
Jogging,5.41,7.31,5.175732
Jogging,3.21,11.41,7.9270425
Jogging,9.77,-5.94,-6.74
Jogging,3.38,14.14,-1.38
Jogging,-5.01,-1.18,-0.040861044
Jogging,1.69,8.39,5.01
Jogging,2.72,-6.43,1.69
Jogging,-10.0,18.73,-7.7363577
Jogging,9.43,3.72,-0.69
Jogging,1.57,14.94,5.9793324
Jogging,-4.63,10.38,0.11
Jogging,4.71,10.38,-2.07
Jogging,-17.24,2.83,1.95
Jogging,-1.525479,-3.5957718,0.6946377
Jogging,1.42,1.95,-5.24
Jogging,-8.2,10.5,2.7921712
Jogging,0.11,-5.71,-1.8387469
Jogging,-3.02,10.65,0.42
Jogging,19.3,19.53,-2.68
Jogging,0.95,0.23,-3.41
Jogging,1.61,14.14,0.5
Jogging,-9.04,-1.18,2.68
Jogging,8.05,5.28,5.22
Jogging,-12.79,-6.05,-6.21
Jogging,1.38,19.57,-4.56
Jogging,0.89,-9.58,7.97
Jogging,-4.25,4.06,-3.336985
Jogging,-2.37,19.57,2.4516625
Jogging,1.04,-6.17,1.8387469
Jogging,6.66,11.84,8.158588
Jogging,-8.16,11.75,4.1
Jogging,1.8,-13.53,-13.4
Jogging,-19.23,-10.69,-0.5
Jogging,-19.23,-3.57,-2.03
Jogging,-3.76,2.18,-0.53
Jogging,7.25,17.5,-5.28
Jogging,-7.16,17.82,5.134871
Jogging,0.5,12.83,0.46
Jogging,2.6,-10.08,-5.43
Jogging,-12.79,19.19,1.92
Jogging,8.5,9.04,-5.01
Jogging,-2.49,0.31,-0.72
Jogging,-14.02,8.62,-0.72
Jogging,-2.72,-18.54,-7.246025
Jogging,-2.96,0.72,-4.18
Jogging,10.95,6.02,6.1291566
Jogging,-4.29,3.99,-1.08
Jogging,11.92,13.57,15.4
Jogging,-6.24,-5.63,3.02
Jogging,19.57,18.43,2.1792557
Jogging,-6.09,-14.98,13.91
Jogging,0.8,0.65,-0.84
Jogging,0.8,5.41,2.1792557
Jogging,0.61,4.75,-1.54
Jogging,-0.27,1.95,-4.99
Jogging,-0.76,-5.63,-2.91
Jogging,-3.91,3.91,-6.47
Jogging,-7.08,19.53,0.5720546
Jogging,-0.89,-4.79,-0.9125633
Jogging,-3.45,-2.87,-3.21
Jogging,-10.08,19.0,-1.46
Jogging,2.11,0.38,-5.938472
Jogging,19.0,6.85,1.334794
Jogging,-12.72,5.67,3.02
Jogging,-6.85,18.96,-4.71
Jogging,12.22,5.05,-1.61
Jogging,-10.46,-2.3,-3.6
Jogging,10.76,6.85,-2.3426998
Jogging,-7.7,14.25,2.64
Jogging,-15.09,-2.96,9.81
Jogging,13.53,-3.87,10.34
Jogging,2.8330324,17.774553,-2.3699405
Jogging,3.79,3.95,-7.46
Jogging,-10.15,9.23,1.56634
Jogging,-15.98,19.57,-10.991621
Jogging,-5.83,18.81,4.44
Jogging,-19.23,-1.61,2.96
Jogging,-4.9,6.74,-7.04172
Jogging,8.81,19.99,-13.1
Jogging,-2.18,5.37,-7.205164
Jogging,-1.23,18.39,-9.493382
Jogging,16.7,15.98,8.19945
Jogging,4.63,-1.53,-4.9850473
Jogging,4.48,11.22,-3.45
Jogging,-19.08,16.66,-9.53
Jogging,3.15,4.02,6.891896
Jogging,16.86,4.48,2.4925237
Jogging,4.86,-5.13,-2.9556155
Jogging,3.21,-4.18,-4.37
Jogging,6.66,0.34,3.6774938
Jogging,19.57,-2.14,1.33
Jogging,-2.64,-9.58,-3.72
Jogging,0.46,8.85,2.53
Jogging,1.8,0.11,4.79
Jogging,-8.88,19.31,-4.02
Jogging,19.61,8.5,-6.13
Jogging,-1.5,17.97,-14.48
Jogging,-4.9,0.93,-7.16
Jogging,-15.17,16.17,-10.92
Jogging,4.75,-12.07,3.9090397
Jogging,-2.53,3.15,2.4925237
Jogging,-1.08,-7.78,1.33
Jogging,17.86,-14.48,0.3
Jogging,-8.2,6.09,12.91
Jogging,-1.14,-5.24,-1.4573772
Jogging,-6.59,4.75,-3.34
Jogging,-12.53,8.81,1.6889231
Jogging,9.765789,17.474907,0.19068487
Jogging,17.27,0.89,-0.5
Jogging,-2.26,8.24,-1.3756552
Jogging,6.97,12.45,2.37
Jogging,-1.88,6.7,-0.69
Jogging,-6.85,18.73,-4.2495484
Jogging,1.14,9.53,1.42
Jogging,-5.9,2.87,-3.38
Jogging,-3.41,9.47,-9.19
Jogging,-12.07,12.64,1.7978859
Jogging,-5.6,19.57,-0.61
Jogging,-16.63,10.61,-16.55
Jogging,-2.64,17.39,0.04
Jogging,-4.71,1.14,-0.19068487
Jogging,-4.99,4.1,-7.8861814
Jogging,-18.43,-1.61,-3.45
Jogging,-15.21,15.4,-2.1792557
Jogging,-10.92,19.57,-7.44
Jogging,-6.7,-5.2,3.49
Jogging,-0.89,10.08,-2.0294318
Jogging,-0.46,18.85,-2.7240696
Jogging,5.18,9.11,-0.27
Jogging,16.93,-10.84,-1.23
Jogging,-2.45,2.37,-4.0180025
Jogging,3.99,1.46,-3.2961242
Jogging,9.43,13.76,-7.63
Jogging,-2.56,-1.33,-5.05
Jogging,-13.76,17.05,-2.53
Jogging,5.71,-7.31,-2.6
Jogging,8.88,2.26,11.22
Jogging,0.99,8.47,14.44
Jogging,7.7,-2.53,2.64
Jogging,-18.77,-4.75,2.6
Jogging,1.33,19.38,-4.630918
Jogging,-11.33,19.57,8.812365
Jogging,18.28,-0.57,0.08
Jogging,9.81,15.47,5.83
Jogging,14.29,-19.61,2.96
Jogging,-0.27,1.95,0.89
Jogging,10.08,18.7,-8.08
Jogging,4.06,0.76,-2.7921712
Jogging,-17.92,-1.8,1.04
Jogging,-4.33,-8.92,-14.1787815
Jogging,1.53,4.1,-2.49
Jogging,-6.74,18.81,-15.363752
Jogging,2.56,4.21,2.070293
Jogging,10.38,19.57,-8.812365
Jogging,-6.43,16.7,-1.6480621
Jogging,5.56,-5.01,-6.55
Jogging,9.92,-3.53,-7.6273947
Jogging,5.9,-7.55,-2.11
Jogging,19.34,-8.24,-3.02
Jogging,16.25,5.52,2.6832085
Jogging,-13.63,8.47,0.5
Jogging,-2.91,-1.95,-1.38
Jogging,9.92,19.27,-5.13
Jogging,0.93,1.61,0.53
Jogging,3.76,8.58,-2.64
Jogging,16.85,-6.02,9.28
Jogging,7.31,17.92,2.45
Jogging,-18.58,1.99,-2.3
Jogging,11.88,9.34,-1.5
Jogging,-4.25,12.22,-0.08
Jogging,17.05,4.25,-1.69
Jogging,-1.92,5.98,-2.91
Jogging,-8.31,1.27,-0.8
Jogging,0.8,10.04,-2.4108016
Jogging,-3.34,8.66,0.95342433
Jogging,0.65,3.83,-1.57
Jogging,3.76,7.55,1.08
Jogging,14.25,2.96,0.23
Jogging,-19.23,-4.37,0.23
Jogging,1.53,13.59,-0.38
Jogging,3.91,19.57,-4.59
Jogging,3.83,-1.27,-0.84
Jogging,4.02,19.57,-4.2495484
Jogging,-7.82,15.02,-0.99
Jogging,-19.19,6.63,-6.32
Jogging,-0.46,-4.48,-3.34
Jogging,5.48,2.03,-2.7513103
Jogging,-11.22,10.0,6.2108784
Jogging,13.82,4.6,1.99
Jogging,7.16,18.85,-8.01
Jogging,15.43,19.57,-13.72
Jogging,-4.82,6.85,-3.11
Jogging,1.76,19.57,-6.63
Jogging,0.72,3.3,-0.57
Jogging,1.57,2.3,0.23154591
Jogging,11.03,0.57,3.6
Jogging,-0.84,16.7,-4.0180025
Jogging,-6.93,17.16,-5.202973
Jogging,-0.11,3.57,0.23
Jogging,3.34,-6.7,2.6832085
Jogging,3.8681788,6.4424243,3.445948
Jogging,-0.11,-5.94,-0.5720546
Jogging,-4.21,0.19,-2.4516625
Jogging,9.15,12.15,-3.26
Jogging,-1.04,-8.43,-3.76
Jogging,11.56,10.8,-8.16
Jogging,13.57,18.01,-3.445948
Jogging,1.04,19.42,-7.7772183
Jogging,18.96,-1.84,5.24
Jogging,5.75,1.61,6.17
Jogging,-8.39,19.57,2.9556155
Jogging,7.246025,6.8237944,-4.140586
Jogging,-4.48,1.18,-8.01
Jogging,10.34,1.12,-0.19
Jogging,6.24,18.35,10.337844
Jogging,-12.37,2.37,-3.83
Jogging,-10.34,17.01,11.182305
Jogging,1.88,-1.46,0.89
Jogging,-7.82,13.06,-1.53
Jogging,6.85,13.67,-4.4
Jogging,-1.33,17.97,0.04
Jogging,14.94,-4.37,11.727119
Jogging,8.01,9.15,-5.52
Jogging,19.91,-8.27,11.56
Jogging,-10.5,3.76,-7.93
Jogging,-4.82,19.57,-7.7363577
Jogging,-1.46,2.87,-7.3141265
Jogging,-0.69,-3.26,11.645397
Jogging,5.18,-7.7,-0.11
Jogging,6.44,8.85,4.79
Jogging,6.59,8.58,6.238119
Jogging,8.77,19.46,1.1168685
Jogging,-8.73,19.76,5.98
Jogging,-3.34,11.56,4.63
Jogging,-3.17,-0.76,0.8
Jogging,-6.47,4.99,2.9147544
Jogging,19.57,19.57,0.23154591
Jogging,17.82,3.49,-4.0588636
Jogging,-0.76,-7.01,-9.847511
Jogging,-2.41,8.58,5.75
Jogging,-1.99,-0.8,-3.568531
Jogging,-2.34,2.3,0.57
Jogging,-3.53,5.33,-3.2961242
Jogging,0.65,-4.29,-2.11
Jogging,-18.73,19.57,2.7921712
Jogging,8.66,11.54,-1.92
Jogging,2.83,5.05,-2.07
Jogging,2.41,8.39,-3.17
Jogging,-12.3,9.81,1.69
Jogging,-19.19,2.76,3.11
Jogging,7.55,-3.21,-1.3756552
Jogging,19.34,-4.9,2.34
Jogging,0.69,12.76,-9.11
Jogging,3.36,1.5,8.12
Jogging,-2.53,7.01,1.99
Jogging,14.94,-1.33,-10.99
Jogging,6.66,11.56,2.83
Jogging,-15.28,0.0,6.21
Jogging,-16.55,19.57,-11.73
Jogging,-19.61,-9.23,-8.812365
Jogging,7.78,-12.64,-14.09706
Jogging,18.31,5.01,3.636633
Jogging,4.06,-1.99,0.53
Jogging,7.4,-1.53,4.06
Jogging,-9.89,19.57,-4.94
Jogging,0.23,-1.84,-0.89
Jogging,1.57,-5.9,0.040861044
Jogging,-11.14,-19.15,-15.64
Jogging,4.75,-0.72,-1.9477097
Jogging,4.29,-7.21,-2.4516625
Jogging,-6.13,17.2,-14.14
Jogging,16.02,19.57,0.8
Jogging,-3.41,-2.18,3.98
Jogging,-12.49,-0.57,-6.78
Jogging,-15.94,3.76,-6.17
Jogging,-4.25,5.79,-2.1383946
Jogging,-1.73,-2.37,-2.3018389
Jogging,-1.73,8.31,-2.53
Jogging,7.74,-17.58,11.18
Jogging,4.02,-4.94,-0.8036005
Jogging,-7.08,13.72,-4.75
Jogging,-1.04,1.08,6.6331096
Jogging,-1.27,2.6,-1.1168685
Jogging,17.2,15.28,5.407278
Jogging,0.19,2.15,-0.61
Jogging,1.84,1.57,-1.8
Jogging,-4.71,6.32,6.89
Jogging,-1.12,1.57,-12.26
Jogging,-13.87,14.48,-7.04
Jogging,-0.8,1.76,2.87
Jogging,-5.86,19.57,0.08
Jogging,-12.83,18.5,3.99
Jogging,-7.63,19.57,-2.6
Jogging,-2.3,1.76,-2.68
Jogging,4.25,3.17,7.46
Jogging,2.64,0.53,1.18
Jogging,-19.23,-3.3,-1.84
Jogging,-0.3,3.26,0.15
Jogging,-19.23,-4.21,-5.6
Jogging,15.89,19.57,-15.75
Jogging,-3.45,2.53,-2.34
Jogging,-15.43,-5.43,11.37
Jogging,1.99,-0.95,-1.88
Jogging,2.83,1.08,-11.22
Jogging,-0.46,-2.64,-3.72
Jogging,3.49,12.6,-2.22
Jogging,3.64,18.92,-6.3198414
Jogging,-0.11,6.89,-3.5276701
Jogging,-16.59,-7.01,-5.28
Jogging,-0.19,2.53,0.89
Jogging,-13.78,6.09,-9.96
Jogging,-14.44,-2.34,-7.8589406
Jogging,5.86,0.65,-0.7218784
Jogging,-0.19,5.01,-0.34
Jogging,-19.57,-17.88,-8.076866
Jogging,0.65,16.36,0.19
Jogging,-7.31,19.57,2.3426998
Jogging,-18.89,18.92,-14.52
Jogging,-1.38,-11.26,-2.79
Jogging,-5.94,9.77,-3.06
Jogging,-1.65,4.18,-0.69
Jogging,-12.15,-17.35,-18.38747
Jogging,-1.84,12.22,13.76
Jogging,-8.73,17.62,4.4
Jogging,-0.65,-6.4,3.83
Jogging,0.95,-4.29,-10.11
Jogging,-12.18,5.09,9.997335
Jogging,-19.27,-17.27,-5.09
Jogging,-1.12,3.3,-1.73
Jogging,4.67,-4.67,-1.879608
Jogging,-19.19,-0.15,0.08
Jogging,-5.28,19.57,-11.3
Jogging,-11.26,4.94,9.66
Jogging,-11.84,-7.97,5.28
Jogging,19.57,8.05,2.72
Jogging,-2.96,6.21,8.16
Jogging,14.79,7.89,4.75
Jogging,-1.14,19.57,0.0
Jogging,-19.23,19.34,3.57
Jogging,1.69,4.71,-6.2789803
Jogging,5.52,-0.89,7.1234417
Jogging,-6.17,1.12,-5.325556
Jogging,1.69,-1.5,-7.25
Jogging,-18.35,19.57,-11.75436
Jogging,-4.99,-2.45,-13.824653
Jogging,18.12,19.57,8.853226
Jogging,-2.3,17.47,11.032481
Jogging,3.26,19.27,-2.68
Jogging,-1.14,-0.08,-1.7297841
Jogging,0.0,6.36,-4.2086873
Jogging,-7.06,2.07,-0.57
Jogging,8.12,-10.31,-9.49
Jogging,1.04,-0.84,2.98
Jogging,-8.54,-18.58,-14.750836
Jogging,9.89,6.74,-9.49
Jogging,2.26,14.9,3.98
Jogging,-5.09,-19.61,1.42
Jogging,10.8,11.37,10.08
Jogging,5.05,11.18,-2.3
Jogging,8.31,16.36,-4.9850473
Jogging,-0.65,11.56,10.12
Jogging,2.87,-1.73,4.2495484
Jogging,-1.65,6.93,-3.21
Jogging,-4.1,14.14,-4.630918
Jogging,-1.99,7.7,-3.6
Jogging,-8.01,3.49,-5.09
Jogging,-4.33,18.89,0.99
Jogging,-2.64,-1.04,10.95
Jogging,6.74,17.54,8.62
Jogging,-6.55,2.22,-10.800936
Jogging,-4.9,16.47,8.35
Jogging,2.98,-6.55,-3.3
Jogging,19.8,-1.12,4.52
Jogging,6.05,1.8,11.182305
Jogging,11.69,-1.38,13.375181
Jogging,0.8,-3.87,-7.08
Jogging,1.5,8.47,-2.7921712
Jogging,-0.46,5.05,2.9147544
Jogging,0.72,18.05,11.69
Jogging,-9.58,-8.5,-9.51
Jogging,-4.56,10.31,-1.04
Jogging,4.25,1.73,4.86
Jogging,2.22,-14.02,-5.05
Jogging,7.93,1.18,12.26
Jogging,-2.64,3.91,-3.255263
Jogging,-7.21,0.42,0.38
Jogging,16.7,10.04,9.72
Jogging,-12.68,7.5,-0.72
Jogging,1.27,12.45,7.164303
Jogging,-2.45,-1.88,-4.21
Jogging,5.5571017,14.709975,7.43671
Jogging,-12.18,2.72,-6.82
Jogging,15.43,8.2,13.63
Jogging,-10.38,19.23,5.18
Jogging,3.83,-9.0,0.23154591
Jogging,-1.73,1.54,-2.83
Jogging,-2.83,0.95,-4.5900574
Jogging,-18.24,-2.96,8.31
Jogging,-17.35,-7.44,1.14
Jogging,-0.76,2.07,-4.7126403
Jogging,-1.95,-2.53,1.14
Jogging,-2.34,3.41,-0.84
Jogging,6.59,-3.95,-0.11
Jogging,-12.83,-7.04,-4.3312707
Jogging,10.53,13.21,-2.45
Jogging,-7.27,6.17,0.65
Jogging,10.12,1.76,1.84
Jogging,-0.61,3.06,11.45
Jogging,3.91,3.87,2.152015
Jogging,1.95,3.17,-0.3
Jogging,-2.68,19.57,0.57
Jogging,1.88,-0.84,-2.37
Jogging,-9.23,5.9,-10.95
Jogging,-6.7,0.08,-0.53119355
Jogging,9.62,-0.04,5.33
Jogging,-3.36,7.35,4.372132
Jogging,-9.51,13.53,1.95
Jogging,-8.24,9.3,-11.07
Jogging,19.91,2.37,-3.17
Jogging,-0.46,-4.29,-13.756551
Jogging,1.99,4.14,2.34
Jogging,-1.27,6.44,4.1
Jogging,-13.02,19.57,-8.85
Jogging,9.85,6.55,-1.920469
Jogging,-14.25,14.63,-5.05
Jogging,-4.52,16.74,1.57
Jogging,1.33,9.04,1.33
Jogging,-1.18,-2.72,3.34
Jogging,-1.23,1.61,-0.57
Jogging,0.5,3.95,-2.03
Jogging,-14.06,12.6,-1.88
Jogging,-3.57,17.73,9.888372
Jogging,-9.89,7.16,-4.25
Jogging,-17.47,8.39,-4.21
Jogging,1.12,4.9,3.759216
Jogging,-0.34,8.35,7.55
Jogging,15.64,6.13,12.53072
Jogging,-5.83,17.86,7.63
Jogging,-11.22,16.78,-9.152874
Jogging,15.7,15.43,-3.9771416
Jogging,19.95,18.54,1.92
Jogging,8.16,19.57,-11.95
Jogging,7.08,-6.74,5.7477865
Jogging,-16.97,7.12,-6.21
Jogging,-8.05,17.67,4.944186
Jogging,-8.77,15.66,-2.79
Jogging,-7.55,3.17,3.26
Jogging,0.95,4.71,6.1700177
Jogging,-0.08,-3.79,-5.86
Jogging,2.18,19.57,-2.41
Jogging,17.5,17.82,-6.0474343
Jogging,4.14,-8.43,4.903325
Jogging,-3.02,1.73,-1.46
Jogging,-19.23,19.65,-1.8
Jogging,-1.14,6.82,2.152015
Jogging,0.04,14.18,-1.42
Jogging,-4.29,2.53,4.33
Jogging,-6.32,-16.63,-6.28
Jogging,-5.67,19.76,-5.52
Jogging,1.99,6.05,2.070293
Jogging,6.78,10.27,0.27
Jogging,13.72,-1.69,-2.3
Jogging,1.54,18.01,-1.920469
Jogging,-17.58,14.9,-7.6546354
Jogging,-16.82,19.57,-3.11
Jogging,19.57,19.5,-0.10896278
Jogging,17.5,19.57,9.697687
Jogging,4.1,5.33,1.1441092
Jogging,-8.08,4.9,7.08
Jogging,-11.73,4.94,12.53
Jogging,-5.94,-5.94,-2.72
Jogging,-3.3,2.96,-2.2201166
Jogging,-9.47,4.86,7.16
Jogging,0.99,-3.17,1.53
Jogging,9.81,1.8,-2.1792557
Jogging,-3.76,-6.85,4.18
Jogging,5.52,12.72,6.4015636
Jogging,0.65,2.96,0.0
Jogging,8.01,9.72,3.87
Jogging,2.83,-5.28,0.61291564
Jogging,-8.73,3.3,5.938472
Jogging,5.18,-13.21,-10.61
Jogging,16.4,9.96,0.7627395
Jogging,14.37,19.57,-2.6014864
Jogging,-19.15,10.0,10.31
Jogging,-19.61,5.6,-11.45
Jogging,-0.84,2.6,0.27240697
Jogging,-0.19,-1.14,-1.61
Jogging,10.15,4.02,5.56
Jogging,7.44,7.35,-1.88
Jogging,-17.67,19.11,-9.0
Jogging,11.8,5.79,8.85
Jogging,-1.42,-14.18,-12.762266
Jogging,-8.5,16.04,11.985906
Jogging,-19.61,7.27,-6.21
Jogging,9.58,4.71,6.4424243
Jogging,-7.31,-8.08,-1.95
Jogging,7.89,11.35,7.46
Jogging,-4.75,17.73,-0.42
Jogging,-1.76,3.11,-6.85
Jogging,0.57,-4.33,4.75
Jogging,3.45,-5.05,-8.580819
Jogging,-6.17,0.15,-0.04
Jogging,17.97,5.63,3.9090397
Jogging,0.99,11.8,9.66
Jogging,15.83,2.03,11.11
Jogging,5.33,19.53,-4.21
Jogging,18.24,8.81,-6.13
Jogging,9.92,15.89,-5.41
Jogging,19.0,19.57,-5.6252036
Jogging,6.7,-4.14,5.243834
Jogging,-13.72,13.06,3.8681788
Jogging,3.17,0.57,-2.070293
Jogging,2.79,5.37,4.52
Jogging,2.37,-18.96,-4.29
Jogging,4.4,-4.56,5.43
Jogging,-5.94,19.57,9.915613
Jogging,7.12,18.89,0.61
Jogging,-13.21,19.19,5.706926
Jogging,-19.57,-19.61,-4.52
Jogging,-1.76,-4.37,-4.86
Jogging,16.02,13.06,-5.6252036
Jogging,3.87,19.19,3.5276701
Jogging,-16.44,-4.33,-3.173541
Jogging,1.18,5.71,2.0294318
Jogging,0.89,17.97,-0.53119355
Jogging,8.05,-0.65,-0.38
Jogging,6.55,-4.25,0.88532263
Jogging,4.02,13.33,-1.46
Jogging,11.84,17.31,-1.69
Jogging,-0.11,1.57,-2.0294318
Jogging,-4.33,18.85,12.95
Jogging,6.24,14.86,14.37
Jogging,8.58,8.47,12.83
Jogging,-4.82,9.53,-4.48
Jogging,-15.6,10.19,-6.43
Jogging,-6.0201936,19.57244,4.140586
Jogging,4.63,19.57,-8.812365
Jogging,19.53,-3.95,7.5
Jogging,2.34,3.41,0.313268
Jogging,-7.04,-1.92,5.012288
Jogging,5.56,19.53,3.173541
Jogging,-1.33,5.41,-1.31
Jogging,-12.72,1.14,-5.56
Jogging,-19.61,5.67,-7.78
Jogging,-11.56,-18.66,0.27240697
Jogging,13.25,-2.22,7.16
Jogging,11.3,19.57,-3.568531
Jogging,5.05,6.85,8.240311
Jogging,1.46,11.35,6.05
Jogging,-6.78,19.04,17.67
Jogging,-0.3,-7.27,-1.42
Jogging,19.57,18.73,-3.173541
Jogging,19.57,17.27,-1.65
Jogging,-15.47,2.53,-6.93
Jogging,7.4,6.02,1.1168685
Jogging,-2.18,14.67,9.92
Jogging,-7.7,-5.86,-3.21
Jogging,-18.58,-0.19,3.17
Jogging,-15.43,-7.01,13.02
Jogging,-6.17,-10.0,-4.0180025
Jogging,-19.61,-18.24,4.440233
Jogging,-14.02,11.45,-4.56
Jogging,-6.85,18.85,17.86
Jogging,0.6537767,12.067628,3.1463003
Jogging,-3.36,-1.18,-2.9147544
Jogging,-10.04,9.85,10.691973
Jogging,-9.92,19.57,6.4015636
Jogging,17.62,18.39,-2.6014864
Jogging,-13.76,19.57,6.3198414
Jogging,-0.42,-1.69,2.7649305
Jogging,-1.88,9.38,-1.99
Jogging,-0.5,18.58,-2.49
Jogging,-11.73,16.51,-2.6
Jogging,16.36,13.82,-2.2609777
Jogging,9.43,-4.25,7.7772183
Jogging,1.33,2.15,-0.72
Jogging,1.46,19.53,9.765789
Jogging,9.19,17.73,2.45
Jogging,14.82,18.05,4.86
Jogging,-0.34,15.79,13.6748295
Jogging,2.7649305,3.3778462,2.4925237
Jogging,-9.47,7.35,4.29
Jogging,2.49,-5.13,2.72
Jogging,-1.38,-1.65,1.92
Jogging,5.98,-5.28,-2.53
Jogging,4.33,16.21,-3.6
Jogging,-2.18,3.38,-0.3405087
Jogging,19.57,6.78,-9.0
Jogging,-6.51,14.86,3.0645783
Jogging,3.21,-5.79,-3.76
Jogging,15.28,17.88,4.14
Jogging,5.63,5.86,8.31
Jogging,4.1,8.66,-13.29
Jogging,-0.38,16.78,3.49
Jogging,-1.04,-4.71,-2.68
Jogging,-18.96,11.92,-1.95
Jogging,6.09,0.69,5.053149
Jogging,5.28,4.86,4.372132
Jogging,2.64,-6.09,-1.1168685
Jogging,-4.75,2.72,4.862464
Jogging,15.66,3.64,-4.7535014
Jogging,6.66,-3.95,5.012288
Jogging,4.6,-0.57,1.5390993
Jogging,-13.4,2.98,2.9556155
Jogging,2.49,8.05,7.9270425
Jogging,-2.87,-0.91,5.37
Jogging,-1.88,-5.9,-6.17
Jogging,2.22,0.19,-4.25
Jogging,1.46,14.25,14.75
Jogging,10.42,4.86,-2.53
Jogging,-3.06,-15.62,1.18
Jogging,2.64,-3.11,-3.68
Jogging,10.95,1.18,12.79
Jogging,-1.33,1.57,0.61
Jogging,-19.15,0.11,-7.12
Jogging,19.04,-5.33,0.15
Jogging,2.79,-4.21,-3.34
Jogging,-18.62,3.17,14.06
Jogging,-14.6,19.38,-3.568531
Jogging,-2.18,13.63,7.35
Jogging,1.76,10.12,-1.3756552
Jogging,5.52,1.73,0.04
Jogging,0.38,14.9,-0.46
Jogging,5.79,-8.92,-12.91
Jogging,1.76,12.83,3.15
Jogging,-17.92,-11.11,-7.31
Jogging,-13.4,-10.46,14.82
Jogging,2.91,15.85,-1.7570249
Jogging,-2.96,17.54,4.6
Jogging,-0.61,16.32,-9.575105
Jogging,-11.11,-1.5,1.27
Jogging,0.46,12.68,-2.6832085
Jogging,11.8,18.92,-8.92
Jogging,7.93,3.57,-6.82
Jogging,-1.57,3.91,5.5571017
Jogging,-14.06,-3.36,-4.67
Jogging,-2.26,8.39,-0.65
Jogging,-6.47,-0.69,-3.5957718
Jogging,-1.61,-0.8,-3.91
Jogging,-15.83,-5.98,-11.92
Jogging,-16.21,19.57,-9.888372
Jogging,19.46,-10.53,14.63
Jogging,5.18,-7.5,2.4516625
Jogging,-4.21,-1.65,1.76
Jogging,16.28,-4.94,7.6954966
Jogging,3.6,12.91,11.454713
Jogging,1.76,18.47,17.24336
Jogging,-17.16,13.02,-3.95
Jogging,5.28,0.42,-3.83
Jogging,3.45,1.23,2.9556155
Jogging,5.01,11.41,-3.53
Jogging,5.52,1.92,0.08172209
Jogging,10.53,17.88,7.504812
Jogging,-0.38,-3.36,-10.310603
Jogging,4.59,-10.61,8.35
Jogging,17.08,0.53,13.59
Jogging,-2.98,0.27,-1.18
Jogging,-19.15,-9.15,-7.89
Jogging,19.53,5.05,14.37
Jogging,13.8,2.6,6.238119
Jogging,0.99,1.23,-5.7477865
Jogging,-19.23,-3.41,-0.89
Jogging,-1.69,13.1,-1.54
Jogging,-1.8,3.95,-1.65
Jogging,7.08,13.99,3.21
Jogging,-7.08,13.72,-1.92
Jogging,-13.78,5.79,9.92
Jogging,-9.7,-5.56,-4.37
Jogging,-3.45,18.89,-12.11
Jogging,-0.89,-3.91,-2.64
Jogging,12.45,15.98,6.2789803
Jogging,-16.44,-0.19,1.61
Jogging,-5.9,13.25,15.89
Jogging,4.71,12.76,1.33
Jogging,3.68,17.24,-2.34
Jogging,8.28,4.21,1.27
Jogging,15.02,7.21,6.742072
Jogging,3.41,-6.82,7.25
Jogging,5.43,8.77,8.076866
Jogging,11.5,10.69,12.07
Jogging,7.35,1.92,6.2789803
Jogging,-2.56,11.75,-1.7570249
Jogging,2.14,18.62,10.0
Jogging,-18.43,17.5,-12.22
Jogging,2.8738933,9.112013,4.2086873
Jogging,14.79,-18.92,1.76
Jogging,18.96,-2.03,9.23
Jogging,-3.64,19.57,-4.944186
Jogging,-4.02,-5.09,1.12
Jogging,5.52,0.08,-1.7570249
Jogging,-7.78,6.44,8.16
Jogging,-18.54,-1.33,-3.41
Jogging,-16.51,19.57,1.4982382
Jogging,-0.57,3.68,1.14
Jogging,-18.81,-11.6,3.2961242
Jogging,-3.98,3.06,-0.8
Jogging,0.65,5.01,2.3699405
Jogging,2.8330324,11.958665,-4.440233
Jogging,10.27,19.42,-13.4
Jogging,-6.7,-19.38,-0.8
Jogging,1.65,0.5,-13.87
Jogging,11.73,-1.27,1.14
Jogging,1.23,19.23,-2.07
Jogging,-7.16,12.98,4.5628166
Jogging,-1.38,1.76,-0.23154591
Jogging,-4.79,-4.37,-0.19
Jogging,-7.86,-6.17,-8.96
Jogging,0.53,15.83,1.27
Jogging,14.29,17.77,-14.29
Jogging,17.54,-1.99,7.7772183
Jogging,19.5,-1.95,-1.27
Jogging,-1.76,-4.21,-0.76
Jogging,7.46,-4.25,5.175732
Jogging,11.5,9.81,-0.84
Jogging,4.14,8.39,2.7240696
Jogging,1.7297841,6.3607025,-5.284695
Jogging,-12.07,14.86,-7.7772183
Jogging,-3.64,17.27,7.205164
Jogging,-5.2,8.31,-5.5571017
Jogging,-0.69,-1.61,-1.54
Jogging,-10.08,3.17,-8.730643
Jogging,-6.4,2.22,2.34
Jogging,-2.26,5.09,-6.932757
Jogging,5.94,18.39,-1.18
Jogging,15.43,20.04,-12.15
Jogging,-6.28,12.87,12.49
Jogging,-18.01,-12.72,-3.57
Jogging,6.59,0.69,9.66
Jogging,-17.31,-4.06,-1.46
Jogging,10.0,1.92,4.52
Jogging,5.05,-1.99,0.88532263
Jogging,2.18,4.99,-9.66
Jogging,-16.24,9.85,-13.59
Jogging,-0.65,-4.99,-0.29964766
Jogging,-15.32,16.74,3.53
Jogging,-3.68,1.46,8.689782
Jogging,0.11,-2.37,-7.3141265
Jogging,-4.21,-4.4,5.67
Jogging,-11.03,17.05,-9.28
Jogging,-1.12,-1.95,-1.4573772
Jogging,-7.97,-5.67,-9.466142
Jogging,7.55,12.72,-9.08
Jogging,18.89,8.54,-2.1111538
Jogging,11.07,10.38,-0.27
Jogging,-0.91,4.18,0.65
Jogging,3.79,8.77,-5.47538
Jogging,9.81,-5.2,1.23
Jogging,-4.25,14.06,9.49
Jogging,-6.7,-14.1,-8.35
Jogging,9.0,17.82,0.23
Jogging,19.53,-2.3,2.15
Jogging,-3.06,12.41,-1.88
Jogging,3.83,-4.18,-0.65
Jogging,17.31,8.66,0.53119355
Jogging,-14.98,14.44,-7.27
Jogging,2.3,0.34,-1.27
Jogging,-1.88,-0.53,-1.61
Jogging,11.54,1.76,3.0645783
Jogging,8.31,4.02,-2.982856
Jogging,-17.01,-5.71,-3.83
Jogging,11.14,6.78,11.14
Jogging,15.32,11.73,4.0588636
Jogging,-0.27,0.27,-0.89
Jogging,-6.02,1.5,8.16
Jogging,-2.56,-1.31,-3.1463003
Jogging,4.37,14.25,9.425281
Jogging,-7.04,0.89,-7.89
Jogging,-15.17,13.87,-0.76
Jogging,8.54,19.42,-11.75
Jogging,-18.47,-11.54,-16.89
Jogging,2.79,0.08,0.88532263
Jogging,-1.76,4.29,2.22
Jogging,7.55,18.58,-3.91
Jogging,-19.61,4.9,6.24
Jogging,-4.71,-14.56,-11.56
Jogging,14.02,4.71,10.76
Jogging,3.06,17.69,11.958665
Jogging,11.99,1.65,0.89
Jogging,-0.8,-4.56,-0.65
Jogging,-7.65,-2.3,0.7627395
Jogging,-0.61,14.33,6.05
Jogging,0.46,7.86,3.41
Jogging,4.63,0.04,-3.6
Jogging,2.15,2.53,5.9793324
Jogging,-9.96,1.84,-1.920469
Jogging,-11.3,8.08,-6.4015636
Jogging,0.72,5.22,2.49
Jogging,4.9,12.15,-2.87
Jogging,-1.46,-5.18,-10.991621
Jogging,1.38,-3.79,-2.41
Jogging,8.73,15.51,9.11
Jogging,-3.53,14.56,-5.09
Jogging,2.96,-9.04,5.5571017
Jogging,-7.46,-6.51,-4.7943625
Jogging,6.24,-0.38,3.41
Jogging,3.38,17.05,-2.53
Jogging,-2.79,-1.18,6.28
Jogging,-19.61,-17.08,13.021052
Jogging,6.32,8.96,11.686258
Jogging,-19.61,6.13,-8.24
Jogging,-7.55,11.5,6.1700177
Jogging,-1.8,-3.11,-0.7627395
Jogging,4.14,-2.87,-5.41
Jogging,-6.85,18.58,-1.08
Jogging,3.68,9.96,4.48
Jogging,-18.92,15.02,2.79
Jogging,16.93,16.13,-7.25
Jogging,-6.63,4.37,-4.82
Jogging,-15.6,-9.04,-3.02
Jogging,10.31,-6.05,1.7570249
Jogging,-5.98,14.25,-5.86
Jogging,15.55,11.96,-0.6537767
Jogging,-12.03,11.96,-0.8036005
Jogging,-6.78,-9.19,-6.36
Jogging,-4.02,2.53,0.57
Jogging,17.62,5.22,5.012288
Jogging,-1.95,10.0,-5.41
Jogging,-19.23,13.44,-7.74
Jogging,-18.2,17.16,-4.4
Jogging,0.27,14.37,-0.27240697
Jogging,3.41,1.46,-10.65
Jogging,-10.08,18.5,2.87
Jogging,5.5571017,14.328606,0.38136974
Jogging,10.882658,11.073342,5.8976107
Jogging,0.23,-2.41,4.37
Jogging,0.65,-0.8,-0.84
Jogging,-5.18,18.43,-3.68
Jogging,-2.79,-9.81,3.26
Jogging,-6.93,-8.43,-8.01
Jogging,0.69,-5.63,-2.07
Jogging,-10.0,11.8,-6.742072
Jogging,9.47,-2.03,9.81
Jogging,-19.5,-0.91,3.26
Jogging,7.82,2.3,1.12
Jogging,7.25,-17.97,3.57
Jogging,2.14,2.72,-1.18
Jogging,-3.06,-1.65,-7.273266
Jogging,-1.42,14.44,-2.34
Jogging,-6.28,16.04,-4.56
Jogging,-6.09,19.57,-2.53
Jogging,10.73,11.84,-1.73
Jogging,-16.28,16.74,-0.38
Jogging,12.37,5.79,-6.32
Jogging,10.15,-6.09,5.98
Jogging,5.13,6.82,3.98
Jogging,-16.28,16.04,-8.049625
Jogging,0.76,11.11,-3.02
Jogging,-3.91,3.68,-1.38
Jogging,-17.73,19.57,-1.31
Jogging,-13.48,17.82,3.718355
Jogging,-4.1814466,19.57244,2.9556155
Jogging,-10.53,19.5,2.7921712
Jogging,-19.08,4.29,-8.01
Jogging,-19.27,-12.83,-3.02
Jogging,7.25,1.8,0.76
Jogging,-19.42,-2.72,-0.72
Jogging,3.49,-11.07,2.64
Jogging,17.62,2.34,15.83
Jogging,-12.6,1.18,-1.57
Jogging,10.42,14.14,-5.43
Jogging,-4.75,4.4,-4.1
Jogging,9.38,13.91,-2.03
Jogging,-7.93,14.56,-2.45
Jogging,-5.33,-0.91,-0.27
Jogging,-2.26,3.11,-6.0882955
Jogging,-6.7,-10.69,-10.27
Jogging,-0.72,-3.36,-4.25
Jogging,6.97,5.9,-6.97
Jogging,-1.69,2.53,-0.57
Jogging,-6.36,-9.53,-13.33432
Jogging,-4.6,-5.37,1.33
Jogging,-7.246025,9.915613,3.405087
Jogging,0.65,-6.47,-14.246883
Jogging,6.55,8.12,2.56
Jogging,4.1,-0.61,-3.53
Jogging,1.99,6.13,1.879608
Jogging,-19.61,-16.97,2.9147544
Jogging,19.53,10.73,8.921328
Jogging,12.45,12.15,-3.49
Jogging,-6.63,6.4,4.99
Jogging,-2.87,7.67,-1.92
Jogging,8.58,8.01,6.973618
Jogging,3.57,-1.92,-0.89
Jogging,11.45,3.83,13.25
Jogging,2.53,8.58,-2.53
Jogging,-6.32,-7.31,-3.87
Jogging,-6.02,-17.5,2.75
Jogging,11.35,3.99,-1.0760075
Jogging,11.75,15.66,1.33
Jogging,-8.92,-0.76,-1.6480621
Jogging,-19.11,-15.32,-2.79
Jogging,-8.05,9.3,-3.53
Jogging,-5.2,-0.61,-0.040861044
Jogging,-3.49,6.55,-0.61291564
Jogging,-3.17,-8.01,-2.37
Jogging,18.2,19.57,-3.759216
Jogging,-0.27,-1.73,-2.4516625
Jogging,1.61,-2.87,0.38
Jogging,1.69,19.93,-2.96
Jogging,-2.49,-6.24,-12.067628
Jogging,19.15,10.65,11.372991
Jogging,4.86,9.3,1.42
Jogging,-5.41,-7.74,-5.79
Jogging,-8.43,4.52,2.1111538
Jogging,3.15,-0.38,-3.486809
Jogging,-6.93,15.05,-0.9942854
Jogging,-8.16,-13.99,-3.41
Jogging,1.334794,10.269742,2.3018389
Jogging,10.34,15.6,3.87
Jogging,-3.21,5.79,4.7126403
Jogging,3.79,11.03,4.56
Jogging,12.87,7.16,1.23
Jogging,-10.19,18.35,-3.405087
Jogging,-3.98,2.34,-10.72
Jogging,-4.52,6.36,3.5276701
Jogging,-5.01,17.27,0.19
Jogging,0.72,14.29,8.539958
Jogging,-15.83,17.12,-6.13
Jogging,-17.62,12.37,1.4165162
Jogging,13.48,6.55,1.12
Jogging,3.3,13.02,-16.86
Jogging,2.79,14.75,-2.34
Jogging,2.22,7.16,-1.3075534
Jogging,-10.31,6.09,14.67
Jogging,2.64,8.96,0.04
Jogging,19.42,4.1,-8.85
Jogging,-15.32,19.57,3.99
Jogging,-3.15,-1.92,-7.7
Jogging,0.11,11.8,10.42
Jogging,-16.47,-1.5,-1.99
Jogging,13.76,15.7,2.03
Jogging,5.56,19.53,0.15
Jogging,-7.78,0.46,-4.82
Jogging,11.69,10.61,-4.79
Jogging,-0.27,0.95,0.9942854
Jogging,-0.57,-2.91,-3.83
Jogging,-1.46,-1.04,-1.4573772
Jogging,13.38,1.84,3.38
Jogging,2.37,6.05,1.69
Jogging,-8.2,2.37,-1.08
Jogging,9.38,9.0,-0.34
Jogging,-5.01,7.67,7.55
Jogging,-5.24,0.42,-7.27
Jogging,19.19,7.25,0.50395286
Jogging,6.05,7.12,5.63
Jogging,1.92,8.62,0.95
Jogging,8.2,19.57,-11.99
Jogging,-12.07,19.57,0.19
Jogging,3.3,18.12,-4.1
Jogging,5.13,4.44,0.95342433
Jogging,12.18,18.09,9.193735
Jogging,-2.91,18.12,-1.920469
Jogging,6.4,12.95,-7.082581
Jogging,-7.97,-11.26,-9.11
Jogging,0.69,-1.04,-0.53
Jogging,-18.43,-10.84,9.234595
Jogging,-2.3,-15.66,-2.64
Jogging,-12.3,3.95,11.14
Jogging,-0.95,1.54,2.41
Jogging,-11.33,-13.82,11.96
Jogging,-5.37,0.08,15.4046135
Jogging,-11.45,10.15,-7.86
Jogging,-5.56,15.98,12.217452
Jogging,2.96,14.71,9.234595
Jogging,-11.35,-13.59,-2.6
Jogging,-0.34,-2.56,-7.3141265
Jogging,15.55,0.23,4.440233
Jogging,10.69,-6.32,5.24
Jogging,-0.8,5.67,-1.38
Jogging,-11.45,19.84,3.06
Jogging,19.5,-3.79,2.98
Jogging,1.88,0.19,0.9942854
Jogging,5.43,-0.53,0.04
Jogging,-4.94,-0.34,-5.284695
Jogging,3.83,19.57,-8.267551
Jogging,18.77,14.02,-4.9
Jogging,-6.32,5.09,2.6423476
Jogging,14.1,1.08,0.23154591
Jogging,6.55,15.55,7.44
Jogging,-11.41,-12.6,18.659876
Jogging,2.45,8.81,7.46
Jogging,-0.46,-2.91,-9.234595
Jogging,3.02,6.28,4.59
Jogging,10.73,1.31,-12.26
Jogging,-7.44,-19.61,-2.22
Jogging,7.44,-9.34,-1.7978859
Jogging,0.8,2.96,-3.1463003
Jogging,-2.1111538,-5.8976107,1.6889231
Jogging,12.03,-2.14,4.79
Jogging,-3.91,-4.18,0.34
Jogging,17.54,12.45,-4.18
Jogging,7.7,-1.88,-0.95
Jogging,1.8,6.09,2.3
Jogging,1.14,-4.37,-1.56634
Jogging,3.21,-0.11,-0.6537767
Jogging,-19.61,19.57,-7.9270425
Jogging,2.68,5.9,2.68
Jogging,17.67,18.7,-2.41
Jogging,2.34,-18.16,0.04
Jogging,11.73,3.64,13.14
Jogging,-11.65,5.52,-2.56
Jogging,-6.24,7.06,-3.98
Jogging,-11.8,17.12,-3.17
Jogging,-4.6,-6.63,-0.8
Jogging,-3.68,17.01,14.2877445
Jogging,-4.33,-5.41,-7.44
Jogging,-15.09,-1.42,-0.93
Jogging,-3.87,2.37,1.92
Jogging,1.46,-1.88,-1.84
Jogging,1.18,-5.18,-9.234595
Jogging,0.5,-2.98,-4.02
Jogging,14.14,19.5,1.04
Jogging,-0.99,19.57,-0.61
Jogging,11.75,-4.29,6.05
Jogging,-4.18,-10.72,3.8681788
Jogging,-12.22,2.87,5.829509
Jogging,-6.13,15.66,8.008764
Jogging,-5.41,1.95,6.4
Jogging,-4.94,4.33,3.15
Jogging,-5.6,5.94,5.829509
Jogging,1.12,6.09,-0.3405087
Jogging,18.39,19.46,-0.7627395
Jogging,16.97,-18.12,3.15
Jogging,-1.95,0.0,0.53
Jogging,-0.15,-2.72,9.62
Jogging,4.94,-5.56,-12.340035
Jogging,1.46,8.01,-1.61
Jogging,18.77,11.75,-4.0180025
Jogging,18.2,19.57,-1.7297841
Jogging,4.44,-7.78,1.18
Jogging,7.86,-2.91,-2.6014864
Jogging,-15.21,-3.26,5.41
Jogging,-4.59,0.57,-6.93
Jogging,-15.01,19.57,-5.243834
Jogging,0.72,-8.96,2.11
Jogging,-4.52,4.18,1.56634
Jogging,-16.24,-0.46,8.16
Jogging,3.83,3.64,-14.33
Jogging,0.57,-1.14,-9.534244
Jogging,-5.01,-0.08,-0.04
Jogging,-0.04,-10.0,-1.76
Jogging,-4.29,-7.44,-2.91
Jogging,2.07,7.25,8.62
Jogging,15.13,17.05,-4.0588636
Jogging,1.12,2.98,-3.0237172
Jogging,-6.89,15.7,-4.0180025
Jogging,12.34,10.88,13.21
Jogging,-14.52,7.35,0.34
Jogging,1.65,10.65,0.38136974
Jogging,3.06,8.08,3.38
Jogging,-0.53,-6.63,-12.14935
Jogging,0.53,6.55,7.82
Jogging,-2.83,13.06,0.6537767
Jogging,-11.54,4.18,4.2086873
Jogging,3.718355,12.762266,-3.0237172
Jogging,-2.14,-10.27,3.8273177
Jogging,-17.08,-13.59,-2.37
Jogging,17.05,13.99,-0.08172209
Jogging,-2.83,-1.38,-0.89
Jogging,-3.83,17.82,0.5
Jogging,0.69,7.89,3.1463003
Jogging,3.21,7.86,3.72
Jogging,-5.28,-3.95,-0.04
Jogging,-10.42,15.79,-6.93
Jogging,12.91,14.37,-5.48
Jogging,-0.72,3.79,8.921328
Jogging,-6.66,3.02,3.64
Jogging,-4.75,7.46,4.862464
Jogging,-5.33,16.25,0.7627395
Jogging,11.18,-6.63,-3.34
Jogging,-4.33,-3.3,-2.3426998
Jogging,-1.14,1.88,-3.9499009
Jogging,-3.57,-0.61,5.63
Jogging,19.53,19.57,-9.384419
Jogging,-2.37,4.75,2.1792557
Jogging,13.21,9.11,-3.1054392
Jogging,1.69,-15.51,-9.3
Jogging,-3.02,-0.95,1.84
Jogging,-2.64,-6.63,-4.48
Jogging,-1.04,1.61,2.64
Jogging,0.34,2.98,-1.54
Jogging,1.95,11.3,-5.09
Jogging,0.5,8.62,3.0645783
Jogging,7.63,-5.01,-5.6252036
Jogging,-4.33,3.34,2.982856
Jogging,-5.01,16.63,-3.1463003
Jogging,-19.61,-15.36,4.140586
Jogging,0.15,-2.34,-2.98
Jogging,-11.88,15.7,-5.22
Jogging,2.56,-9.62,-0.95342433
Jogging,-0.95,6.93,-1.42
Jogging,0.99,-4.52,-8.58
Jogging,6.09,9.62,-2.83
Jogging,1.53,-1.65,0.38
Jogging,1.33,1.5,-1.920469
Jogging,-2.34,1.54,4.56
Jogging,-1.99,-17.08,-0.5
Jogging,1.88,19.57,8.049625
Jogging,15.66,-3.3,-1.5
Jogging,15.51,19.57,9.343558
Jogging,-0.57,5.22,-1.33
Jogging,-1.38,19.65,-0.15
Jogging,4.21,19.34,-3.0237172
Jogging,-5.52,3.38,0.72
Jogging,-4.75,-2.07,-5.94
Jogging,8.77,-2.03,8.62
Jogging,13.63,5.63,-5.6252036
Jogging,-2.98,11.73,9.38
Jogging,2.45,-10.88,-18.5
Jogging,-5.94,-3.57,8.66
Jogging,-1.5,2.11,-3.57
Jogging,1.04,12.72,-9.38
Jogging,5.86,12.76,-3.34
Jogging,6.28,1.8,5.18
Jogging,-8.39,0.19,-10.92
Jogging,9.89,19.27,-10.15
Jogging,5.79,4.02,-3.02
Jogging,-19.23,-4.75,-2.18
Jogging,11.45,8.73,-1.38
Jogging,1.53,-5.79,0.34
Jogging,-3.79,5.67,1.99
Jogging,-7.46,16.51,-1.95
Jogging,-0.11,3.06,12.91
Jogging,3.68,9.51,4.7126403
Jogging,-19.19,-0.19,-1.65
Jogging,7.4,-0.3,-4.1
Jogging,2.56,1.46,-4.1
Jogging,2.79,18.39,7.246025
Jogging,-0.95,17.43,10.760075
Jogging,-19.42,-2.26,7.59
Jogging,0.5,-0.15,0.57
Jogging,-0.0,3.6774938,0.38136974
Jogging,1.8,2.3,-0.65
Jogging,-5.13,-16.82,-0.19
Jogging,-2.03,17.62,-4.0588636
Jogging,19.61,19.57,-2.45
Jogging,8.62,-2.53,-4.671779
Jogging,-1.27,3.41,2.75
Jogging,3.91,14.21,1.7570249
Jogging,9.3,12.03,5.5571017
Jogging,4.99,3.02,1.607201
Jogging,9.28,11.5,0.65
Jogging,-0.8,0.65,-3.214402
Jogging,-3.36,7.44,0.040861044
Jogging,-3.06,19.57,-4.140586
Jogging,-10.04,19.5,-14.1787815
Jogging,-15.83,19.57,-0.42223078
Jogging,-15.75,14.56,-5.86
Jogging,12.18,3.26,-0.19
Jogging,-19.23,19.76,-2.56
Jogging,11.5,1.08,2.76
Jogging,-16.89,6.82,7.86
Jogging,-9.43,-1.14,-4.06
Jogging,-15.02,0.69,1.04
Jogging,11.14,13.44,10.310603
Jogging,-7.21,7.7,-4.06
Jogging,-4.06,-1.57,-4.5900574
Jogging,-4.67,-9.11,-4.48
Jogging,-18.58,2.45,-2.41
Jogging,-8.08,18.16,-1.1168685
Jogging,-6.89,-19.19,1.33
Jogging,4.44,18.66,-2.64
Jogging,0.61,-10.72,4.25
Jogging,1.5,2.6,-5.28
Jogging,7.44,-5.98,2.2201166
Jogging,-0.23,7.16,2.07
Jogging,-8.35,6.63,1.4573772
Jogging,-15.89,-1.38,3.21
Jogging,-2.75,7.89,1.8387469
Jogging,-2.22,8.12,3.486809
Jogging,7.16,2.91,1.4573772
Jogging,-1.76,13.14,-1.46
Jogging,-0.11,-3.02,-6.701211
Jogging,-1.84,-9.53,-3.15
Jogging,-19.19,-7.16,-1.5
Jogging,-3.15,19.31,-13.95
Jogging,-13.72,6.82,14.14
Jogging,0.42,-0.72,-11.03
Jogging,3.15,-1.92,-1.04
Jogging,-2.56,3.95,-1.95
Jogging,2.72,12.34,-4.82
Jogging,4.29,10.73,2.03
Jogging,-8.73,12.76,-4.37
Jogging,-11.8,0.11,4.21
Jogging,-0.61,4.94,5.284695
Jogging,-1.73,-4.1,-4.37
Jogging,-11.45,-6.85,-3.53
Jogging,-14.06,4.02,2.3018389
Jogging,-1.88,3.83,9.3
Jogging,-19.61,19.53,-1.0760075
Jogging,5.09,0.46,-12.217452
Jogging,7.46,10.76,11.686258
Jogging,2.34,19.53,-4.18
Jogging,-17.27,19.42,-2.03
Jogging,-2.37,13.21,-1.0760075
Jogging,-10.92,13.06,-7.6273947
Jogging,6.44,18.09,-3.06
Jogging,-12.15,8.43,-4.9850473
Jogging,2.72,-6.51,-4.630918
Jogging,-18.01,18.16,-4.29
Jogging,-19.61,-4.48,-5.012288
Jogging,5.83,-5.09,2.56
Jogging,7.35,19.57,1.4573772
Jogging,6.82,-2.11,-1.23
Jogging,-0.95,-1.88,-0.84
Jogging,-0.53,-4.4,2.37
Jogging,0.04,9.38,3.15
Jogging,15.79,2.34,9.62
Jogging,-9.85,14.25,-3.26
Jogging,16.47,6.44,5.243834
Jogging,5.37,0.15,-1.57
Jogging,13.33,-0.53,-7.4
Jogging,-2.34,19.23,-2.26
Jogging,-4.1,3.45,-5.597963
Jogging,0.72,-0.04,0.15
Jogging,-4.4,17.54,-12.64
Jogging,7.21,19.57,-11.45
Jogging,1.53,8.35,5.6
Jogging,-18.12,5.28,-6.13
Jogging,2.56,-2.75,0.53
Jogging,-18.43,18.73,0.34
Jogging,7.273266,2.6014864,1.4165162
Jogging,-3.3,-0.19,-0.72
Jogging,1.0351465,7.668256,4.2904096
Jogging,-8.39,-10.61,-2.79
Jogging,3.68,12.07,3.759216
Jogging,16.28,4.52,4.2495484
Jogging,4.75,12.22,-2.56
Jogging,-18.62,4.4,14.98
Jogging,-19.23,1.92,-4.48
Jogging,-19.23,-9.3,-8.77
Jogging,-3.6,6.32,1.4573772
Jogging,0.11,2.6,6.1700177
Jogging,-4.79,12.79,2.8738933
Jogging,-4.75,9.53,2.76
Jogging,11.54,10.15,8.281172
Jogging,12.07,2.64,2.7649305
Jogging,-12.26,-5.28,-5.18
Jogging,1.69,-6.63,-0.7627395
Jogging,3.76,16.89,5.13
Jogging,19.95,13.95,3.98
Jogging,-6.7,14.52,13.4
Jogging,-0.27,2.22,-0.91
Jogging,-1.12,-0.19,1.2666923
Jogging,-3.91,-4.18,0.34
Jogging,0.99,1.12,-0.65
Jogging,-2.45,-2.45,-0.69
Jogging,-18.05,-12.68,-3.38
Jogging,5.56,-7.08,-3.336985
Jogging,8.39,19.0,2.5606253
Jogging,11.22,13.21,5.56
Jogging,-8.43,16.74,8.539958
Jogging,12.41,0.57,0.42223078
Jogging,2.45,18.24,3.72
Jogging,-3.45,2.91,-2.6423476
Jogging,2.6,-8.01,0.313268
Jogging,6.4,19.57,-6.2108784
Jogging,-10.76,2.49,1.4573772
Jogging,19.91,8.47,2.45
Jogging,5.48,5.71,1.607201
Jogging,-3.53,-2.87,-3.21
Jogging,0.61,-3.87,-6.44
Jogging,-18.89,16.78,-15.32
Jogging,7.89,19.57,-14.79
Jogging,1.65,-2.75,3.8273177
Jogging,-10.84,5.86,2.45
Jogging,0.57,19.53,-3.45
Jogging,-6.78,14.98,7.3549876
Jogging,-14.37,0.53,-4.4810944
Jogging,18.92,11.65,-3.95
Jogging,7.35,-1.46,-10.228881
Jogging,-15.47,-8.92,14.75
Jogging,1.69,4.29,-2.18
Jogging,-19.23,6.28,-11.11
Jogging,-5.67,-6.89,-5.597963
Jogging,-17.92,3.49,-1.69
Jogging,1.95,8.08,1.5
Jogging,0.91,19.57,-3.83
Jogging,-6.09,9.11,0.7218784
Jogging,-7.89,-1.73,12.98
Jogging,-6.28,2.56,5.71
Jogging,-13.17,-3.68,-13.021052
Jogging,-3.6,-2.53,7.7
Jogging,5.13,-2.91,6.63
Jogging,-17.82,14.44,-17.58
Jogging,-5.48,-13.33,-7.35
Jogging,1.12,17.67,-0.08
Jogging,2.15,2.07,-0.5
Jogging,3.91,4.37,-0.65
Jogging,17.39,0.65,16.25
Jogging,4.06,-0.72,7.5456724
Jogging,-11.33,-7.97,4.99
Jogging,19.8,16.74,-2.45
Jogging,-10.08,-2.98,-4.67
Jogging,-3.3,-0.04,-3.8273177
Jogging,-3.68,-7.12,-4.99
Jogging,1.84,19.57,-4.52
Jogging,17.54,3.83,-4.14
Jogging,11.65,-4.56,-4.5628166
Jogging,7.01,-0.61,2.5606253
Jogging,19.95,-7.78,-3.06
Jogging,11.37,19.31,-1.1849703
Jogging,12.22,-2.49,4.5628166
Jogging,-15.79,18.2,11.182305
Jogging,-9.58,6.82,-0.76
Jogging,-10.15,11.03,-0.10896278
Jogging,-1.27,-2.68,-13.29
Jogging,19.57,2.6,3.5276701
Jogging,10.99,-13.95,1.23
Jogging,-19.23,-2.07,5.33
Jogging,5.37,2.22,-6.85
Jogging,1.38,6.7,-0.5
Jogging,-7.78,19.27,-17.352324
Jogging,17.54,2.34,-4.0180025
Jogging,10.46,17.5,10.15
Jogging,1.18,2.07,-1.33
Jogging,-1.61,-2.56,4.44
Jogging,0.31,-3.26,-5.37
Jogging,7.78,6.47,7.8861814
Jogging,0.23,6.32,3.06
Jogging,4.79,-3.72,0.23154591
Jogging,-8.77,9.58,-3.79
Jogging,-4.1,13.21,-10.5
Jogging,-15.55,19.57,-9.466142
Jogging,-7.89,-8.12,8.92
Jogging,-3.3,19.57,-1.69
Jogging,-9.38,13.53,-12.258313
Jogging,1.57,-19.46,-3.76
Jogging,-4.94,-5.43,-3.17
Jogging,-0.5,6.09,-3.53
Jogging,13.44,1.84,14.82
Jogging,8.77,-7.74,-5.8158884
Jogging,2.72,-2.75,0.3405087
Jogging,-13.44,13.38,-9.466142
Jogging,-1.84,-3.15,0.93
Jogging,-2.56,11.6,5.13
Jogging,7.7,8.77,-0.95342433
Jogging,-19.23,-0.76,4.18
Jogging,-2.07,6.51,1.7297841
Jogging,17.43,16.97,-3.9771416
Jogging,0.53,-10.11,8.69
Jogging,-16.89,17.54,7.06
Jogging,9.23,-2.03,-2.4108016
Jogging,-5.79,18.01,-4.37
Jogging,-1.73,19.38,-0.72
Jogging,-5.63,16.59,11.495573
Jogging,0.42,14.86,-2.3426998
Jogging,-19.19,-0.69,-2.56
Jogging,0.04,-0.89,2.49
Jogging,-6.59,0.84,0.23154591
Jogging,0.04,-4.29,3.98
Jogging,-4.29,14.25,-0.3405087
Jogging,1.92,-2.22,0.19
Jogging,-5.48,9.92,-7.04172
Jogging,-5.37,5.41,-2.75
Jogging,-18.2,-5.05,3.49
Jogging,18.2,17.47,-8.662541
Jogging,7.78,0.5,-3.76
Jogging,4.67,-5.28,0.23154591
Jogging,-0.27,1.69,-1.6480621
Jogging,-19.23,10.61,2.26
Jogging,-7.25,-1.73,-4.63
Jogging,19.91,2.91,-3.15
Jogging,-2.37,1.27,-2.3426998
Jogging,11.73,12.11,-2.18
Jogging,1.46,2.98,2.83
Jogging,17.82,15.05,-4.99
Jogging,11.84,16.13,4.37
Jogging,0.11,-4.29,-4.79
Jogging,-6.51,4.9,2.83
Jogging,-4.33,-19.61,0.99
Jogging,-3.26,-3.87,-1.9885708
Jogging,2.18,-0.5,-1.4982382
Jogging,-1.73,12.03,3.21
Jogging,0.95,-11.22,8.92
Jogging,14.37,15.28,-3.255263
Jogging,0.23,3.06,2.0294318
Jogging,-3.45,-18.47,-5.5162406
Jogging,-7.55,14.37,10.04
Jogging,7.31,14.02,-6.05
Jogging,6.02,-3.02,0.50395286
Jogging,-3.91,19.5,-1.57
Jogging,18.2,16.93,-5.325556
Jogging,-1.18,10.34,1.6889231
Jogging,-2.03,-1.65,-1.525479
Jogging,9.77,-4.37,1.879608
Jogging,7.97,-7.74,-3.1054392
Jogging,-9.38,-14.56,16.59
Jogging,-2.68,8.43,1.1168685
Jogging,16.89,-9.43,-5.24
Jogging,-1.84,1.69,0.61
Jogging,0.65,4.75,2.37
Jogging,8.81,17.39,-4.4
Jogging,-12.57,-19.15,-12.41
Jogging,8.43,12.98,3.72
Jogging,7.12,2.76,3.405087
Jogging,3.21,6.78,-0.040861044
Jogging,1.69,-19.61,0.89
Jogging,-19.61,-0.91,-6.17
Jogging,-5.52,10.12,-4.02
Jogging,-4.25,-17.01,-4.06
Jogging,-2.22,-2.6,0.3405087
Jogging,-1.99,-0.57,-6.59
Jogging,-5.2,-13.1,-14.369467
Jogging,5.13,6.24,-6.74
Jogging,-16.28,-7.78,15.05
Jogging,-6.43,-1.73,-2.37
Jogging,1.08,4.9,-1.607201
Jogging,-6.36,-3.17,0.19
Jogging,-3.11,1.18,-3.8273177
Jogging,-2.07,-0.8,2.96
Jogging,-2.3,18.58,-2.4108016
Jogging,-15.51,17.43,-1.65
Jogging,1.38,19.57,12.871228
Jogging,-15.21,0.15,0.57
Jogging,-4.48,11.5,0.50395286
Jogging,1.69,-1.33,-8.39
Jogging,-5.52,19.61,-0.34
Jogging,-17.92,0.69,5.56
Jogging,-4.86,-0.3,-2.2201166
Jogging,-3.02,-2.83,-0.38
Jogging,3.6,9.19,5.22
Jogging,9.53,-10.57,-11.18
Jogging,19.34,18.77,0.0
Jogging,-9.08,17.92,5.407278
Jogging,12.49,12.87,4.372132
Jogging,-1.88,15.05,0.7627395
Jogging,2.53,13.4,0.65
Jogging,-16.63,19.57,-0.3
Jogging,-16.74,17.39,-2.37
Jogging,18.5,18.62,-9.234595
Jogging,-7.35,0.95,-1.95
Jogging,4.14,-7.16,-0.14982383
Jogging,-7.08,2.87,5.05
Jogging,-0.8,15.4,-0.9125633
Jogging,3.45,-2.83,-3.45
Jogging,-16.78,9.53,-16.21
Jogging,-7.16,-0.27,-2.9556155
Jogging,3.38,11.35,5.434519
Jogging,-4.37,19.57,-2.96
Jogging,5.28,-5.63,5.05
Jogging,6.59,-0.04,3.6774938
Jogging,-7.93,4.56,3.99
Jogging,19.57,19.57,-0.9942854
Jogging,13.99,-8.47,3.214402
Jogging,-16.55,12.15,-16.93
Jogging,5.37,1.23,-1.7297841
Jogging,-3.21,-0.57,-0.08
Jogging,-7.97,14.14,4.5219555
Jogging,19.5,15.51,-3.45
Jogging,7.46,8.12,-5.86
Jogging,2.11,-2.26,-0.65
Jogging,-1.5,-3.06,-11.33
Jogging,-15.94,0.72,4.67
Jogging,0.61,11.88,3.9499009
Jogging,-6.55,0.84,-4.33
Jogging,0.76,18.66,6.85
Jogging,5.05,1.73,4.86
Jogging,-8.69,11.26,4.44
Jogging,-0.84,-4.75,-1.33
Jogging,-4.94,1.18,3.57
Jogging,-4.44,-19.53,3.41
Jogging,10.69,13.95,4.33
Jogging,-18.96,19.31,-2.3
Jogging,11.96,6.44,-11.495573
Jogging,-1.27,18.28,-7.82
Jogging,18.09,19.57,9.425281
Jogging,11.8,3.41,6.36
Jogging,-10.53,-1.69,3.6
Jogging,-4.75,14.21,-3.02
Jogging,9.66,14.44,-1.84
Jogging,4.6,-17.05,10.38
Jogging,-10.57,18.81,6.973618
Jogging,0.34,19.57,-7.164303
Jogging,-19.23,-1.33,5.33
Jogging,-2.11,-1.38,-2.8330324
Jogging,19.95,14.44,-2.87
Jogging,4.99,-0.15,1.65
Jogging,-2.53,-0.89,-0.11
Jogging,-11.54,16.17,-3.3
Jogging,-4.63,12.72,-6.0882955
Jogging,5.83,5.94,4.82
Jogging,-2.75,-8.39,-6.782933
Jogging,-6.66,2.98,6.47
Jogging,-13.18,-8.81,-8.16
Jogging,-9.7,-10.19,-15.173067
Jogging,14.1,16.59,5.175732
Jogging,-10.53,-9.49,-10.34
Jogging,-13.25,19.08,-3.718355
Jogging,-2.3,-2.34,-2.26
Jogging,-18.66,18.28,0.84
Jogging,16.02,17.16,-7.44
Jogging,0.04,-7.74,-5.9
Jogging,0.11,-3.26,-4.3312707
Jogging,-1.54,-0.89,3.36
Jogging,-2.34,-3.87,-5.284695
Jogging,3.21,0.95,1.95
Jogging,18.77,19.57,-2.75
Jogging,-5.43,0.04,-5.98
Jogging,-0.23,3.49,9.08
Jogging,9.765789,11.536434,7.7772183
Jogging,-11.33,2.26,6.44
Jogging,12.22,19.38,1.9885708
Jogging,11.07,14.18,-6.85
Jogging,0.0,9.04,-5.63
Jogging,8.66,12.76,-7.21
Jogging,9.66,15.55,5.012288
Jogging,-13.91,-0.8,-2.22
Jogging,19.76,19.57,-3.76
Jogging,0.04,3.72,-1.57
Jogging,6.28,-11.5,-0.14982383
Jogging,3.1463003,11.686258,3.9090397
Jogging,-4.59,-13.63,-3.83
Jogging,7.06,12.22,-1.31
Jogging,2.37,5.37,2.0294318
Jogging,-4.9,18.77,-0.95
Jogging,-12.83,11.14,-2.1383946
Jogging,1.61,0.57,0.88532263
Jogging,0.76,-4.48,1.5
Jogging,-1.08,-3.87,1.23
Jogging,-5.24,16.7,-3.02
Jogging,14.56,14.63,-4.8216033
Jogging,-6.66,10.34,-4.2086873
Jogging,-7.78,6.47,3.8273177
Jogging,-2.79,-9.89,-4.48
Jogging,-5.05,-0.5,0.6946377
Jogging,2.6,8.92,1.73
Jogging,-3.17,3.64,0.95342433
Jogging,3.15,17.01,16.86
Jogging,6.97,15.36,-0.57
Jogging,1.73,-7.16,1.46
Jogging,3.53,5.48,2.7649305
Jogging,10.0,5.75,-0.7218784
Jogging,-19.61,19.57,-11.413852
Jogging,11.07,4.06,12.11
Jogging,-5.79,2.6,-10.106298
Jogging,-4.75,-5.05,-7.3958488
Jogging,14.06,14.33,-2.45
Jogging,-14.25,12.79,3.255263
Jogging,10.42,13.18,-5.01
Jogging,-17.27,14.06,-14.33
Jogging,-19.61,11.07,-10.72
Jogging,-18.66,-3.79,-0.5
Jogging,-10.46,14.37,9.00305
Jogging,4.86,0.15,-0.23154591
Jogging,-19.61,8.31,-8.05
Jogging,-3.49,9.23,-1.31
Jogging,-2.37,1.8,0.0
Jogging,4.02,8.96,1.7978859
Jogging,-18.54,1.42,-4.14
Jogging,-15.7,9.53,-5.9
Jogging,4.67,11.8,5.434519
Jogging,8.31,8.54,2.5333846
Jogging,0.0,8.39,0.0
Jogging,-6.93,9.38,5.63
Jogging,3.17,-6.05,3.759216
Jogging,13.18,4.9,3.3778462
Jogging,5.05,-2.91,7.5
Jogging,-2.03,-1.95,-4.3312707
Jogging,-17.92,9.53,-9.85
Jogging,-12.11,-5.37,-5.79
Jogging,15.55,14.52,-1.3756552
Jogging,-16.36,15.21,-0.5
Jogging,-4.02,-3.02,8.35
Jogging,-1.14,17.5,2.49
Jogging,7.01,8.43,11.8
Jogging,5.82,2.22,-1.46
Jogging,-1.33,12.49,7.3141265
Jogging,16.97,7.21,1.95
Jogging,2.53,0.72,0.313268
Jogging,-17.62,10.15,-4.71
Jogging,-3.72,-19.61,2.1111538
Jogging,19.57,19.57,-1.4982382
Jogging,18.24,-0.84,-10.18802
Jogging,-6.55,18.77,13.99
Jogging,-4.56,18.92,-0.89
Jogging,14.82,5.98,-2.982856
Jogging,-7.97,8.47,-3.34
Jogging,7.21,3.83,3.79
Jogging,-6.78,2.56,-0.08172209
Jogging,-0.65,11.3,6.6331096
Jogging,-8.12,6.85,-4.25
Jogging,3.76,11.41,1.3756552
Jogging,-15.83,-2.41,3.26
Jogging,1.99,-0.38,0.84446156
Jogging,-14.86,11.5,4.3312707
Jogging,7.67,-0.11,0.313268
Jogging,3.3,-0.46,0.6946377
Jogging,-5.48,-3.6,0.11
Jogging,-6.21,10.53,14.67
Jogging,9.7,13.76,17.73
Jogging,19.95,2.87,3.11
Jogging,-3.49,-0.34,7.25
Jogging,-8.35,17.24,-7.43671
Jogging,2.75,-2.14,-2.49
Jogging,3.21,3.99,9.77
Jogging,-7.65,19.57,-1.12
Jogging,-0.69,2.72,-0.61
Jogging,17.97,15.4,-10.19
Jogging,18.24,18.2,-4.79
Jogging,-7.59,5.67,7.78
Jogging,2.07,-1.73,-0.53
Jogging,-10.38,-0.8,-0.19068487
Jogging,-5.28,10.19,4.3312707
Jogging,0.42,4.86,0.19
Jogging,-1.53,18.16,-0.3405087
Jogging,-4.71,2.49,1.31
Jogging,10.65,-0.5,4.56
Jogging,0.57,9.53,-0.91
Jogging,-10.69,13.59,-0.10896278
Jogging,-5.67,14.44,-10.15
Jogging,-12.76,-1.5,-11.413852
Jogging,-14.14,14.75,-6.238119
Jogging,6.93,4.63,2.03
Jogging,2.6,0.69,-0.95
Jogging,-4.79,15.05,11.75436
Jogging,-13.44,18.7,4.63
Jogging,12.76,-1.53,4.0180025
Jogging,4.14,19.53,-6.09
Jogging,2.64,-6.24,-2.34
Jogging,6.36,9.66,2.41
Jogging,-1.8,16.55,1.88
Jogging,9.3,-15.85,-1.14
Jogging,1.08,12.49,-2.2609777
Jogging,4.9,-12.3,10.88
Jogging,8.81,2.22,-2.2201166
Jogging,-3.68,3.76,-2.26
Jogging,-19.27,-19.15,0.69
Jogging,5.52,-0.95,1.1168685
Jogging,3.38,1.92,0.23154591
Jogging,-17.58,12.6,-9.47
Jogging,4.14,2.91,2.98
Jogging,-15.13,13.8,-4.2904096
Jogging,0.23,19.76,-1.92
Jogging,9.47,17.69,14.137921
Jogging,1.65,-0.34,-0.3
Jogging,-0.08,6.36,-1.92
Jogging,5.22,16.28,-3.36
Jogging,-1.42,19.57,14.750836
Jogging,-18.47,14.37,-18.73
Jogging,4.94,17.97,-3.336985
Jogging,15.36,-3.53,-1.61
Jogging,7.35,-1.73,0.38
Jogging,-2.72,16.32,-12.64
Jogging,-10.61,2.83,8.05
Jogging,7.21,-5.48,5.98
Jogging,-7.74,-4.33,-0.89
Jogging,18.24,4.63,12.41
Jogging,5.22,13.8,-3.445948
Jogging,0.89,7.21,3.02
Jogging,8.77,-3.95,-8.96
Jogging,-17.97,1.42,9.23
Jogging,-4.29,-0.61,-6.21
Jogging,-4.71,8.73,14.56
Jogging,2.56,3.41,-0.9125633
Jogging,7.16,9.04,5.67
Jogging,-0.34,5.43,-8.66
Jogging,14.71,-11.56,-18.115063
Jogging,2.68,13.95,2.1792557
Jogging,0.08,1.42,-2.2609777
Jogging,-4.06,14.6,-8.69
Jogging,-0.53119355,0.313268,0.42223078
Jogging,1.99,5.71,0.23154591
Jogging,3.49,2.18,0.89
Jogging,13.1,15.17,9.89
Jogging,0.99,-0.72,5.41
Jogging,-4.21,1.99,-4.06
Jogging,-3.02,3.02,-15.13
Jogging,9.89,19.15,5.284695
Jogging,-2.41,-4.82,-9.72
Jogging,2.98,0.84,-1.04
Jogging,-2.72,0.93,-2.11
Jogging,14.44,19.57,9.275456
Jogging,2.22,13.06,0.6537767
Jogging,-19.61,7.08,-5.48
Jogging,-6.78,12.45,9.92
Jogging,-6.89,2.87,-4.52
Jogging,-19.23,-3.02,-1.54
Jogging,19.57,10.5,9.384419
Jogging,-9.34,3.72,2.83
Jogging,5.63,16.4,-1.3075534
Jogging,13.57,1.04,-4.94
Jogging,16.17,7.46,13.0619135
Jogging,-0.19,-1.69,-2.6832085
Jogging,0.31,5.33,-7.16
Jogging,4.37,-10.08,0.38136974
Jogging,-19.23,-2.6,-3.45
Jogging,-0.76,11.26,-0.0
Jogging,18.31,-5.01,2.72
Jogging,-6.21,16.78,-4.1
Jogging,0.0,2.79,-3.06
Jogging,4.9,-0.38,5.9
Jogging,2.83,11.88,-1.84
Jogging,11.88,3.34,7.21
Jogging,11.96,5.13,0.38136974
Jogging,13.8,17.82,3.21
Jogging,-1.14,7.78,4.8216033
Jogging,-3.26,-1.53,-4.140586
Jogging,12.22,5.41,10.84
Jogging,15.55,15.75,-2.4925237
Jogging,13.63,1.95,4.2086873
Jogging,7.25,19.57,0.14982383
Jogging,-9.49,12.49,-8.049625
Jogging,19.91,19.08,-0.19
Jogging,-4.48,0.53,-6.0201936
Jogging,18.39,19.08,-7.7
Jogging,0.8,4.21,-2.1383946
Jogging,-2.56,-2.11,-2.11
Jogging,-8.96,5.75,0.61291564
Jogging,-1.61,5.13,4.99
Jogging,-0.19,1.38,2.4516625
Jogging,2.72,-1.69,1.6889231
Jogging,10.34,1.92,-5.86
Jogging,-3.49,-8.05,-10.228881
Jogging,4.44,13.63,13.21
Jogging,0.34,0.27,0.5720546
Jogging,-2.75,11.37,9.234595
Jogging,0.15,-2.11,0.5
Jogging,17.35,12.15,-0.31
Jogging,-7.46,-11.03,3.06
Jogging,-5.37,19.76,4.1
Jogging,10.95,3.06,2.7921712
Jogging,12.76,6.02,-1.607201
Jogging,5.6,18.89,-14.33
Jogging,5.98,1.65,-1.27
Jogging,2.91,5.48,-2.18
Jogging,0.91,11.75,-2.41
Jogging,-4.1,19.57,-7.01
Jogging,-1.12,16.04,0.50395286
Jogging,4.33,-1.61,5.43
Jogging,-2.11,6.09,3.759216
Jogging,8.5,17.08,4.1814466
Jogging,-0.19,19.5,-9.96
Jogging,7.78,13.82,2.45
Jogging,-3.15,-0.15,-0.61291564
Jogging,15.43,-2.07,1.18
Jogging,-2.45,18.7,-1.5
Jogging,5.75,3.79,-0.23154591
Jogging,0.8,11.14,-0.61
Jogging,-8.39,-2.34,-3.15
Jogging,9.66,17.54,-0.99
Jogging,19.04,-7.5,17.47
Jogging,6.28,3.57,6.21
Jogging,-5.82,-2.11,-10.99
Jogging,6.13,6.7,-1.88
Jogging,-7.59,14.75,7.78
Jogging,5.43,19.57,-1.57
Jogging,-19.61,18.35,-18.69
Jogging,6.44,-6.13,4.140586
Jogging,-2.6,0.72,2.3699405
Jogging,-2.37,9.81,-0.11
Jogging,8.73,-6.66,-1.04
Jogging,-3.41,-4.14,9.49
Jogging,0.95,2.41,-0.65
Jogging,-1.65,2.68,-5.597963
Jogging,-4.21,12.15,10.5
Jogging,17.16,7.5,-3.255263
Jogging,-2.07,19.5,-10.08
Jogging,5.56,-8.05,-0.34
Jogging,-15.4,19.57,-4.56
Jogging,14.86,19.57,-3.7864566
Jogging,-2.49,19.15,-18.2
Jogging,-9.53,7.12,-8.05
Jogging,6.28,4.63,2.8738933
Jogging,5.24,12.6,-6.13
Jogging,6.3607025,16.739407,3.2961242
Jogging,-0.5,4.25,-3.2961242
Jogging,13.21,9.11,-3.1054392
Jogging,6.13,6.28,8.008764
Jogging,2.76,15.94,2.41
Jogging,5.82,13.63,-0.84
Jogging,1.61,10.27,2.45
Jogging,-6.17,-8.47,-12.53
Jogging,-0.38,13.87,-1.95
Jogging,-2.22,9.85,6.36
Jogging,-3.3,1.57,2.2201166
Jogging,-1.5,-2.68,-2.6
Jogging,1.84,8.92,-0.53
Jogging,-7.16,18.54,3.99
Jogging,14.52,7.35,1.3075534
Jogging,-4.14,-7.44,-2.22
Jogging,2.53,7.25,-2.79
Jogging,2.6,16.04,1.42
Jogging,-17.97,1.42,3.0645783
Jogging,6.4,9.58,-3.214402
Jogging,-5.86,-6.32,0.9942854
Jogging,-19.23,-19.38,14.18
Jogging,-2.3,7.82,9.997335
Jogging,0.57,19.0,1.5390993
Jogging,-16.28,2.79,2.45
Jogging,-19.61,19.57,-6.32
Jogging,-0.38,13.48,-3.6
Jogging,-9.51,0.69,-1.57
Jogging,15.21,14.6,-1.5
Jogging,1.31,10.23,4.94
Jogging,16.13,12.95,-4.71
Jogging,-1.69,11.65,-2.72
Jogging,-13.87,2.37,11.3
Jogging,9.23,-1.61,-0.040861044
Jogging,6.32,-1.69,-3.34
Jogging,1.76,9.66,3.9090397
Jogging,-14.75,17.2,3.486809
Jogging,5.43,2.83,-6.02
Jogging,-16.09,16.55,-0.95342433
Jogging,1.46,15.02,-3.15
Jogging,-16.59,2.11,-3.636633
Jogging,3.72,6.82,9.47
Jogging,-15.32,19.57,-0.61
Jogging,-1.04,8.16,6.63
Jogging,0.84,1.5,-0.57
Jogging,10.76,19.57,-1.04
Jogging,14.44,-1.33,1.53
Jogging,18.77,16.55,-2.45
Jogging,2.98,15.85,5.938472
Jogging,5.13,-2.64,1.33
Jogging,11.5,10.27,10.8
Jogging,3.49,17.97,-10.61
Jogging,-6.32,8.58,-9.234595
Jogging,8.05,0.42,4.25
Jogging,-1.38,0.53,0.57
Jogging,1.23,0.53,-6.63
Jogging,9.58,18.39,3.64
Jogging,-19.46,-17.24,1.4165162
Jogging,-4.29,0.31,0.38
Jogging,19.04,3.53,7.164303
Jogging,4.33,-1.99,-1.7978859
Jogging,-2.49,5.13,12.067628
Jogging,-12.83,13.29,8.24
Jogging,16.25,8.12,9.043911
Jogging,-7.59,7.31,3.445948
Jogging,-10.0,-0.65,11.75436
Jogging,4.18,8.69,0.19
Jogging,2.03,0.8,-2.4108016
Jogging,3.15,-2.03,-3.7864566
Jogging,0.38,18.05,-2.34
Jogging,19.8,0.8,-4.06
Jogging,0.34,10.57,-0.72
Jogging,-7.4,-10.99,-8.77
Jogging,10.08,16.17,4.44
Jogging,4.75,11.88,4.7126403
Jogging,-1.8,13.53,-1.0760075
Jogging,19.08,-1.84,2.2609777
Jogging,15.28,12.72,-2.1383946
Jogging,-4.56,4.56,-2.3
Jogging,-19.0,1.88,2.79
Jogging,-5.98,-4.21,3.6774938
Jogging,4.02,-0.91,2.6014864
Jogging,-1.18,-0.38,-2.03
Jogging,-11.8,-6.17,2.79
Jogging,19.91,18.28,-3.15
Jogging,-12.91,18.16,-9.7
Jogging,-3.95,7.74,-0.46
Jogging,-3.36,11.03,-5.012288
Jogging,2.79,-19.23,-0.04
Jogging,16.97,-2.98,-8.689782
Jogging,-7.12,9.92,4.48
Jogging,-8.31,-3.76,-3.11
Jogging,19.57,5.67,3.759216
Jogging,-18.81,4.67,15.02
Jogging,-7.5,6.24,-3.11
Jogging,3.3,19.57,-3.15
Jogging,1.57,5.71,-1.12
Jogging,1.54,-2.14,-8.158588
Jogging,15.02,-1.23,-0.14982383
Jogging,-0.38,2.72,-1.8
Jogging,-7.35,19.57,-0.0
Jogging,1.95,-3.36,-0.23
Jogging,-2.37,3.99,5.18
Jogging,-3.83,-2.96,1.88
Jogging,-6.36,13.1,2.3426998
Jogging,-6.74,1.27,-3.98
Jogging,7.97,-2.6,-2.6014864
Jogging,9.43,-3.76,6.510526
Jogging,-8.66,18.66,-9.15
Jogging,0.89,13.06,9.53
Jogging,-4.71,0.84,1.73
Jogging,6.4,1.92,6.66
Jogging,9.15,19.57,-5.7477865
Jogging,-14.06,1.57,-0.99
Jogging,0.7627395,12.639683,6.4424243
Jogging,-2.18,7.55,0.95342433
Jogging,13.02,16.55,-0.57
Jogging,-3.79,5.28,0.84446156
Jogging,17.73,12.26,-4.671779
Jogging,17.54,4.29,4.2086873
Jogging,-4.21,14.94,-1.3075534
Jogging,-8.05,19.42,3.1054392
Jogging,-1.08,19.53,-4.37
Jogging,4.18,3.45,2.26
Jogging,-2.72,0.99,1.69
Jogging,14.71,15.32,-3.8681788
Jogging,5.52,0.84,4.630918
Jogging,-5.63,11.18,14.06
Jogging,-0.76,11.88,-3.02
Jogging,-9.47,-3.06,-2.07
Jogging,17.62,-11.8,0.5
Jogging,-7.93,2.96,7.7
Jogging,-1.84,-3.02,-8.430995
Jogging,-6.59,0.99,-8.35
Jogging,-8.24,10.0,-10.882658
Jogging,8.73,-3.91,-0.29964766
Jogging,18.05,-1.69,-11.304889
Jogging,0.34,8.12,-1.8
Jogging,1.57,-2.37,-2.79
Jogging,2.45,-0.34,1.3756552
Jogging,4.9,-1.73,-3.1463003
Jogging,1.12,-7.16,0.27240697
Jogging,-1.61,4.14,0.15
Jogging,4.14,-0.76,0.38136974
Jogging,1.95,17.2,10.337844
Jogging,5.05,12.07,5.434519
Jogging,16.25,19.57,-8.662541
Jogging,-2.79,3.49,-0.34
Jogging,-18.5,-9.89,-8.5
Jogging,12.79,-0.89,5.24
Jogging,-13.67,-1.08,-11.84
Jogging,10.42,4.44,-1.7297841
Jogging,-14.29,11.26,1.3075534
Jogging,-2.34,2.83,-8.08
Jogging,-2.03,7.44,1.5390993
Jogging,-4.21,-1.38,-2.7240696
Jogging,-8.01,-3.06,-0.42223078
Jogging,-5.6,10.31,1.8
Jogging,-2.64,18.66,-7.44
Jogging,9.425281,18.537292,1.9885708
Jogging,4.44,-12.41,2.87
Jogging,-19.5,6.32,1.1441092
Jogging,3.26,11.6,3.2961242
Jogging,-2.56,-1.5,-1.9477097
Jogging,5.94,11.26,6.510526
Jogging,-15.75,17.39,8.471856
Jogging,-8.77,-2.07,-2.49
Jogging,0.15,-10.69,-0.91
Jogging,2.26,15.6,-8.43
Jogging,-0.42,12.64,1.1168685
Jogging,1.65,12.22,5.8567495
Jogging,1.33,-1.5,3.9499009
Jogging,-8.24,12.53,4.63
Jogging,1.69,14.63,-2.7921712
Jogging,-7.59,-4.86,-13.715691
Jogging,-6.51,19.15,15.02
Jogging,1.65,-4.44,-10.337844
Jogging,3.76,-1.14,0.42223078
Jogging,-12.49,17.16,-3.1463003
Jogging,0.04,6.17,-0.53119355
Jogging,-6.44,-0.99,0.38
Jogging,-5.01,-0.08,-0.50395286
Jogging,5.75,-5.37,2.4516625
Jogging,-7.7,-3.64,5.01
Jogging,16.28,2.53,-2.8330324
Jogging,-19.34,-3.72,-7.3549876
Jogging,-8.39,-0.91,-1.76
Jogging,18.58,17.92,-2.6423476
Jogging,-1.23,7.59,2.64
Jogging,-8.69,11.03,-0.8036005
Jogging,14.67,19.57,-1.31
Jogging,-18.2,0.99,-3.87
Jogging,5.22,-6.13,3.7864566
Jogging,-12.87,19.0,-10.228881
Jogging,0.11,4.63,2.15
Jogging,14.21,-2.45,6.02
Jogging,-10.15,-0.72,1.14
Jogging,-10.08,19.46,-13.33
Jogging,4.02,-1.27,5.75
Jogging,-14.44,13.72,-3.95
Jogging,2.79,11.99,2.2609777
Jogging,7.89,12.49,-3.36
Jogging,-15.4,-0.72,1.27
Jogging,-12.95,19.08,1.14
Jogging,1.42,4.4,-3.445948
Jogging,-6.93,14.82,5.2165933
Jogging,-7.93,-0.95,2.11
Jogging,-11.07,10.69,-10.12
Jogging,-2.49,-7.55,8.77
Jogging,4.6,0.04,3.405087
Jogging,4.75,-19.61,5.63
Jogging,-10.31,18.73,-6.32
Jogging,-4.79,5.05,2.3426998
Jogging,3.72,10.65,-5.94
Jogging,1.08,1.88,-1.46
Jogging,4.14,13.1,4.6
Jogging,-2.56,-11.14,-3.7864566
Jogging,0.91,-6.74,-2.53
Jogging,4.1,7.44,6.0474343
Jogging,-4.06,19.93,-4.18
Jogging,-0.15,-4.52,-5.86
Jogging,-4.440233,-3.0237172,-5.407278
Jogging,-5.01,19.19,-0.61
Jogging,-6.36,-0.34,-2.15
Jogging,-3.64,19.57,8.730643
Jogging,-4.33,11.65,2.91
Jogging,11.84,19.57,4.9850473
Jogging,3.91,12.95,5.63
Jogging,-1.57,19.57,2.3426998
Jogging,-6.97,-6.4,-0.76
Jogging,-2.11,14.1,2.49
Jogging,1.14,-2.87,-1.31
Jogging,14.33,7.21,-1.99
Jogging,2.37,17.77,1.7297841
Jogging,13.99,4.21,-6.5922484
Jogging,-14.82,-14.94,-16.589584
Jogging,-0.57,12.11,-8.54
Jogging,-7.97,-6.82,-3.11
Jogging,-2.56,-0.95,-0.38136974
Jogging,-3.57,-5.56,0.72
Jogging,1.46,7.55,3.718355
Jogging,1.88,1.46,1.46
Jogging,-0.31,-6.85,2.14
Jogging,1.12,0.72,-3.49
Jogging,-4.33,18.54,4.37
Jogging,13.44,8.77,8.12
Jogging,0.84,16.89,-4.48
Jogging,0.15,-9.89,-6.93
Jogging,7.44,-0.53,-0.6537767
Jogging,1.8,12.98,1.4982382
Jogging,-2.49,0.5,-0.6537767
Jogging,11.69,2.72,3.5276701
Jogging,8.69,1.5,1.334794
Jogging,0.19,19.46,-3.3
Jogging,-4.02,-3.95,-6.28
Jogging,5.98,15.13,-1.54
Jogging,-7.5,-1.73,-1.7297841
Jogging,7.55,-9.47,5.52
Jogging,3.11,-0.5,-0.14982383
Jogging,3.34,-2.56,-0.65
Jogging,-6.24,4.79,3.5276701
Jogging,0.19,-0.72,-7.74
Jogging,-7.65,6.93,6.3607025
Jogging,-6.02,2.45,3.64
Jogging,2.03,4.33,0.69
Jogging,-6.51,19.46,2.070293
Jogging,2.34,19.19,-1.76
Jogging,8.16,2.11,-6.55
Jogging,-1.38,-1.14,-7.59
Jogging,-2.37,-1.95,-2.982856
Jogging,8.35,8.16,1.1441092
Jogging,13.06,-9.23,-1.2666923
Jogging,1.42,9.96,0.46
Jogging,-2.3,-0.99,-2.2609777
Jogging,-2.53,17.82,13.102775
Jogging,-6.32,-17.46,-8.19945
Jogging,10.31,17.92,1.73
Jogging,0.99,-18.01,-0.04
Jogging,16.78,3.6,2.8330324
Jogging,13.4,-6.21,14.9
Jogging,-17.69,-4.75,-0.19
Jogging,-9.49,17.5,-13.72
Jogging,2.83,19.31,-2.87
Jogging,12.22,-1.23,1.23
Jogging,-19.61,3.38,-1.5
Jogging,19.91,17.16,-1.95
Jogging,-13.33,4.44,-2.14
Jogging,4.94,3.64,-3.95
Jogging,19.0,19.57,-8.267551
Jogging,-3.34,11.6,-3.6774938
Jogging,-16.17,19.57,-2.6423476
Jogging,1.14,12.79,4.06
Jogging,-2.3,16.93,2.5333846
Jogging,-11.92,19.46,13.484144
Jogging,3.15,-15.4,1.12
Jogging,0.27,3.64,-0.72
Jogging,-9.19,6.05,-3.68
Jogging,-16.66,2.6,3.41
Jogging,0.23,0.89,1.65
Jogging,-0.72,-14.44,4.56
Jogging,0.8,14.56,-2.22
Jogging,-17.47,4.25,-2.03
Jogging,-8.35,10.99,6.4015636
Jogging,7.74,2.07,0.5
Jogging,2.18,6.28,9.47
Jogging,1.18,16.51,-11.33
Jogging,-12.64,3.11,11.41
Jogging,-1.57,1.92,0.46
Jogging,0.34,-1.73,-1.42
Jogging,5.48,13.87,5.5571017
Jogging,17.5,19.57,8.349273
Jogging,4.63,-2.6,-1.54
Jogging,-4.21,1.08,-5.13
Jogging,-19.61,11.65,-6.09
Jogging,-7.25,6.32,-3.36
Jogging,6.63,-2.45,12.41
Jogging,-0.72,1.65,-2.982856
Jogging,-1.5,-2.11,0.72
Jogging,-2.91,7.08,5.829509
Jogging,3.45,5.28,-2.07
Jogging,15.21,18.12,8.43
Jogging,5.63,9.08,0.61
Jogging,-1.8,-4.99,0.89
Jogging,-4.86,18.96,1.61
Jogging,3.91,-2.79,-0.53
Jogging,1.38,4.14,2.3
Jogging,-4.79,-4.67,5.13
Jogging,0.34,8.47,3.759216
Jogging,4.33,11.26,13.02
Jogging,14.48,14.44,-3.68
Jogging,-5.6,-6.28,-3.95
Jogging,-14.82,0.11,-4.18
Jogging,4.37,13.21,-6.89
Jogging,6.24,18.12,-1.69
Jogging,6.02,4.94,2.53
Jogging,-0.95,2.98,-4.99
Jogging,5.24,3.72,-4.94
Jogging,3.26,-5.01,-0.95
Jogging,-2.79,7.4,5.83
Jogging,1.23,6.55,2.98
Jogging,-0.19,2.26,-5.56
Jogging,-3.83,-0.8,0.38
Jogging,-4.99,8.2,-7.3141265
Jogging,0.08,-4.59,-4.5219555
Jogging,-8.27,18.96,3.1054392
Jogging,-2.6832085,-3.173541,-6.1700177
Jogging,-4.56,19.38,15.83
Jogging,5.98,2.68,1.92
Jogging,10.8,-0.23,6.8237944
Jogging,-0.53,-7.55,-14.206022
Jogging,-0.27,-3.98,-1.92
Jogging,6.55,19.08,6.17
Jogging,13.59,-16.63,3.21
Jogging,-19.23,-4.9,1.46
Jogging,-17.67,19.53,-2.6832085
Jogging,-0.99,-6.7,-2.41
Jogging,-1.92,-5.75,-2.22
Jogging,-15.75,15.7,19.42
Jogging,7.89,12.18,-1.7570249
Jogging,0.11,-3.76,-4.37
Jogging,6.4,-2.98,3.9499009
Jogging,19.57,19.57,-1.3075534
Jogging,-15.13,2.83,3.990762
Jogging,-13.91,19.53,-4.2904096
Jogging,-6.13,-2.07,-1.92
Jogging,-4.25,8.31,4.8216033
Jogging,-7.27,-4.02,-8.240311
Jogging,-4.4,-3.3,6.97
Jogging,-15.17,14.21,1.1849703
Jogging,6.3198414,5.325556,3.0645783
Jogging,1.99,5.52,-2.07
Jogging,-8.31,14.86,-0.8
Jogging,-12.68,7.31,7.504812
Jogging,11.22,11.5,10.460427
Jogging,2.49,4.99,4.59
Jogging,-18.31,-12.79,0.84
Jogging,-1.65,-2.79,-0.0
Jogging,5.18,10.53,1.4982382
Jogging,0.08,-3.91,-4.06
Jogging,1.5,15.6,-0.95
Jogging,-19.27,-17.54,-1.99
Jogging,8.81,-3.02,-0.8036005
Jogging,-18.58,0.99,-4.75
Jogging,-3.98,2.03,-3.445948
Jogging,10.95,18.66,-4.440233
Jogging,0.23,4.82,3.17
Jogging,10.0,9.72,-4.59
Jogging,4.37,-0.61,0.7218784
Jogging,-8.66,-4.56,4.9
Jogging,18.2,17.27,-9.193735
Jogging,-6.21,5.28,-4.9
Jogging,4.67,12.72,-3.06
Jogging,1.42,-2.14,-0.93
Jogging,-11.95,19.46,7.014479
Jogging,17.43,-6.02,6.2789803
Jogging,-19.61,-16.09,4.7535014
Jogging,19.95,16.25,-2.64
Jogging,-0.72,13.87,8.58
Jogging,-2.72,12.76,2.49
Jogging,1.65,-7.35,1.14
Jogging,-3.76,-1.33,-8.62168
Jogging,6.66,1.99,7.27
Jogging,-2.45,-19.04,5.94
Jogging,4.79,-14.52,-4.4
Jogging,8.85,2.22,6.4015636
Jogging,-0.53,-2.3,-8.96
Jogging,-1.73,4.37,-4.75
Jogging,-16.59,2.72,-6.02
Jogging,-4.86,13.06,3.3778462
Jogging,16.21,-6.21,18.47
Jogging,7.46,-2.91,8.54
Jogging,1.92,-0.69,0.50395286
Jogging,3.64,11.03,1.0760075
Jogging,3.26,9.53,-0.84
Jogging,-0.04,-2.72,-2.49
Jogging,-1.14,1.54,1.46
Jogging,-3.95,-9.7,-4.82
Jogging,0.38,16.36,-2.68
Jogging,-6.97,-9.92,3.83
Jogging,19.91,15.55,-7.08
Jogging,-3.38,-7.01,-2.49
Jogging,-1.12,10.12,6.701211
Jogging,6.63,-0.69,-0.5720546
Jogging,13.8,15.32,9.534244
Jogging,-17.05,0.0,-1.9477097
Jogging,4.63,-3.91,0.61291564
Jogging,-1.46,18.96,-10.42
Jogging,0.76,16.25,-7.21
Jogging,-8.92,-6.7,-7.46
Jogging,6.59,14.41,9.80665
Jogging,-14.86,-4.63,-0.11
Jogging,1.57,1.99,3.1463003
Jogging,-7.31,9.7,0.9942854
Jogging,10.23,16.25,6.6331096
Jogging,8.812365,1.607201,2.7649305
Jogging,-19.3,1.69,-7.01
Jogging,-5.09,5.24,4.7535014
Jogging,7.55,17.24,3.9499009
Jogging,4.71,4.48,2.0294318
Jogging,6.47,19.57,-5.5571017
Jogging,-19.19,-7.16,-1.5
Jogging,-2.41,19.57,-6.21
Jogging,0.19,-14.25,-5.243834
Jogging,11.33,-10.08,11.33
Jogging,-9.11,15.94,-0.61
Jogging,-19.34,8.96,-3.64
Jogging,15.21,10.12,3.49
Jogging,1.65,19.57,-1.5
Jogging,14.79,7.01,1.76
Jogging,1.33,17.47,0.76
Jogging,4.37,-4.02,-0.9942854
Jogging,4.79,3.06,4.440233
Jogging,1.38,19.57,-2.6
Jogging,-4.86,17.39,-1.2666923
Jogging,-6.4,-4.44,7.7
Jogging,3.06,-11.69,4.48
Jogging,7.93,18.24,-1.3075534
Jogging,-9.53,12.18,-7.3549876
Jogging,-0.38,-2.14,-1.46
Jogging,-4.86,19.57,4.862464
Jogging,-0.72,11.22,5.012288
Jogging,19.91,15.94,-3.41
Jogging,4.671779,4.2495484,-3.718355
Jogging,7.59,18.12,-2.6
Jogging,3.57,3.64,1.1849703
Jogging,2.64,17.2,13.14
Jogging,16.74,18.96,-12.53
Jogging,-12.03,19.0,-4.5900574
Jogging,-11.11,5.41,0.76
Jogging,0.27,7.44,-0.93
Jogging,9.08,2.11,2.4925237
Jogging,13.99,-4.59,9.80665
Jogging,-3.64,2.87,-3.405087
Jogging,0.72,-6.66,-6.0882955
Jogging,0.8,13.38,7.014479
Jogging,-4.99,18.31,-5.75
Jogging,-13.1,4.48,14.37
Jogging,4.44,-0.11,-1.0351465
Jogging,-2.07,-2.79,-3.36
Jogging,-18.58,14.94,12.07
Jogging,15.66,6.4,6.36
Jogging,-11.03,18.12,9.302697
Jogging,-19.23,-2.26,-1.31
Jogging,-16.82,1.65,12.57
Jogging,-8.01,15.55,-2.15
Jogging,-3.3,-0.8,9.47
Jogging,6.4,-13.72,-8.77
Jogging,-13.59,-9.72,-11.54
Jogging,-2.11,-7.59,-5.37
Jogging,9.81,17.43,5.9
Jogging,1.95,1.69,-15.4
Jogging,5.52,5.63,1.76
Jogging,-19.61,2.68,-8.27
Jogging,2.07,12.3,-6.4015636
Jogging,-19.61,8.62,-6.63
Jogging,-19.19,14.98,1.08
Jogging,-9.96,8.47,-1.9477097
Jogging,2.6,-6.36,1.8387469
Jogging,3.26,-1.27,-2.3018389
Jogging,-15.05,-6.51,-2.72
Jogging,-19.27,-2.75,4.48
Jogging,8.39,0.61,-1.4573772
Jogging,11.92,-11.18,-15.98
Jogging,4.56,-6.74,-2.6014864
Jogging,1.73,5.86,-3.1054392
Jogging,-0.38,-7.5,5.012288
Jogging,-4.48,16.78,-2.96
Jogging,-1.33,-1.12,-1.4165162
Jogging,-6.24,1.61,1.61
Jogging,-2.64,13.91,2.7921712
Jogging,10.04,17.73,4.59
Jogging,-13.29,11.45,7.59
Jogging,19.57,19.57,0.23154591
Jogging,8.92,19.57,-3.21
Jogging,7.93,-10.34,-8.62
Jogging,9.34,1.99,4.7943625
Jogging,12.98,17.77,-5.5571017
Jogging,7.89,2.18,4.86
Jogging,-1.23,12.37,16.7
Jogging,7.12,3.26,3.21
Jogging,-2.18,-1.69,1.76
Jogging,-1.69,-1.31,6.09
Jogging,2.11,2.45,4.2495484
Jogging,-1.54,-4.59,-6.89
Jogging,6.13,-17.24,7.67
Jogging,1.12,10.65,-3.6
Jogging,4.63,19.57,-8.812365
Jogging,-6.82,19.57,16.7
Jogging,-4.21,16.55,0.11
Jogging,-5.13,-15.6,-8.2
Jogging,-3.45,-0.61,0.11
Jogging,-8.16,13.87,2.83
Jogging,-3.41,8.39,1.920469
Jogging,-6.44,-0.69,0.23
Jogging,0.8,-1.76,-4.29
Jogging,-3.83,6.82,6.85
Jogging,-3.72,-3.15,2.15
Jogging,-2.07,17.16,13.143636
Jogging,0.91,13.1,-0.46
Jogging,1.14,8.92,-2.75
Jogging,-8.62,-8.96,-0.38
Jogging,6.36,4.9,-9.85
Jogging,3.6,13.59,7.43671
Jogging,5.41,-15.83,-3.11
Jogging,-0.34,10.0,-7.01
Jogging,-15.13,-5.09,0.69
Jogging,2.03,-2.22,2.26
Jogging,13.67,3.6,11.18
Jogging,0.95,0.89,-1.65
Jogging,1.95,-2.75,6.63
Jogging,-17.39,3.49,-3.53
Jogging,-1.08,15.4,-0.08172209
Jogging,-6.05,9.92,-6.0882955
Jogging,5.98,-17.88,-6.78
Jogging,6.17,5.94,2.15
Jogging,-5.18,19.76,1.69
Jogging,1.57,8.73,-2.64
Jogging,-1.8,19.57,5.05
Jogging,-0.84,7.21,0.84446156
Jogging,6.36,1.61,3.3778462
Jogging,6.44,-14.1,-10.61
Jogging,0.95,2.68,-8.81
Jogging,-15.79,2.03,-3.0645783
Jogging,-19.19,19.76,9.92
Jogging,-6.82,15.02,-2.98
Jogging,14.1787815,15.595298,2.5333846
Jogging,0.04,15.51,2.07
Jogging,-4.48,5.56,5.6252036
Jogging,3.45,19.57,-5.6
Jogging,0.8,5.56,1.56634
Jogging,10.69,13.4,-2.2609777
Jogging,1.23,6.97,2.3426998
Jogging,17.12,16.28,-2.8738933
Jogging,-7.78,18.73,2.87
Jogging,4.37,6.66,3.8273177
Jogging,-5.6,-1.18,-4.3312707
Jogging,2.4108016,1.4573772,4.1814466
Jogging,-9.47,6.85,2.6
Jogging,8.54,4.06,10.732834
Jogging,-10.95,-19.61,10.23
Jogging,1.88,18.89,-2.96
Jogging,-14.18,20.04,-0.42
Jogging,-2.41,6.66,-3.15
Jogging,-11.07,4.18,16.55
Jogging,-8.88,-10.65,-1.7978859
Jogging,0.65,4.86,-0.3405087
Jogging,-1.57,0.42,-4.63
Jogging,-5.98,-7.01,5.79
Jogging,11.26,3.38,5.175732
Jogging,-4.63,19.34,8.27
Jogging,-0.19,5.75,-5.134871
Jogging,7.82,14.48,9.724928
Jogging,17.92,10.42,-0.72
Jogging,10.76,4.4,2.45
Jogging,-10.57,19.57,-3.95
Jogging,2.41,-0.3,-0.46
Jogging,-0.46,11.92,-4.5628166
Jogging,16.28,13.63,-0.10896278
Jogging,-3.34,-1.14,-2.2201166
Jogging,3.72,4.67,3.2961242
Jogging,-0.19,2.07,-0.38136974
Jogging,5.79,19.57,-5.6252036
Jogging,10.19,10.92,-9.888372
Jogging,-4.02,19.57,-7.44
Jogging,4.25,-2.72,-3.64
Jogging,-3.11,-2.14,-2.6
Jogging,-3.21,0.42,-0.34
Jogging,-6.21,2.76,-11.41
Jogging,6.63,-4.79,1.1441092
Jogging,-5.98,-10.15,8.19945
Jogging,3.83,10.31,-1.53
Jogging,-15.79,1.23,0.46
Jogging,-5.41,3.6,-0.53
Jogging,-18.69,-9.92,0.84446156
Jogging,3.72,3.3,9.615966
Jogging,4.67,-3.79,-0.10896278
Jogging,-13.67,8.92,-11.223166
Jogging,-18.12,19.31,-1.04
Jogging,6.09,2.56,2.96
Jogging,-0.11,19.42,0.6946377
Jogging,-2.64,-1.33,-4.6
Jogging,0.76,6.21,-3.99
Jogging,-3.76,-14.02,-5.01
Jogging,-3.95,0.8,2.53
Jogging,-14.48,-5.63,0.0
Jogging,-19.61,-18.66,-4.862464
Jogging,-19.11,14.06,0.6946377
Jogging,-14.71,7.31,1.2666923
Jogging,13.4,2.79,3.91
Jogging,-1.42,8.77,2.2201166
Jogging,6.05,-7.59,-3.64
Jogging,-2.49,-7.5,-4.14
Jogging,-7.97,3.49,13.48
Jogging,5.48,9.85,0.46309182
Jogging,8.47,19.57,-1.33
Jogging,0.91,-1.8,3.68
Jogging,6.82,1.33,-2.7513103
Jogging,-7.97,10.34,-2.8330324
Jogging,8.35,2.56,-2.37
Jogging,5.43,-0.15,-4.63
Jogging,-0.23,-2.91,-7.3549876
Jogging,-4.4,15.89,4.63
Jogging,1.14,-2.45,0.34
Jogging,4.6,6.93,11.96
Jogging,6.05,9.72,-1.95
Jogging,5.41,0.15,-0.34
Jogging,-0.19,2.18,-13.91
Jogging,7.86,8.47,-3.5957718
Jogging,-4.71,17.88,-0.95
Jogging,-13.82,-19.15,-13.02
Jogging,13.76,18.96,-8.471856
Jogging,2.87,-4.06,-6.932757
Jogging,10.19,19.57,-4.5628166
Jogging,18.2,10.84,5.52
Jogging,-4.48,14.75,-0.42
Jogging,-0.84,-1.76,-14.1
Jogging,6.44,0.84,4.75
Jogging,-4.9,-7.12,-2.41
Jogging,-3.36,-9.72,-2.8738933
Jogging,10.19,17.08,8.2
Jogging,-7.65,6.55,-2.41
Jogging,-1.08,4.21,-4.5900574
Jogging,4.79,18.85,-2.96
Jogging,0.34,-1.99,-11.37
Jogging,-4.33,5.48,1.65
Jogging,-5.28,11.73,-2.03
Jogging,0.46,16.78,-0.69
Jogging,-4.33,-1.73,0.23154591
Jogging,1.88,4.94,0.8036005
Jogging,-14.6,11.11,-2.87
Jogging,5.37,8.73,2.4925237
Jogging,9.43,17.05,3.2961242
Jogging,2.79,-1.65,-4.48
Jogging,-5.33,14.37,-0.76
Jogging,-0.76,-7.08,-13.593107
Jogging,6.74,-2.26,-1.5
Jogging,-18.92,-10.61,-6.55
Jogging,-3.34,-0.89,-6.7
Jogging,8.2,-0.23,3.99
Jogging,-7.59,1.92,-7.78
Jogging,-13.53,8.43,2.98
Jogging,19.53,14.29,-3.5957718
Jogging,7.5,-7.01,2.7649305
Jogging,0.72,1.65,4.67
Jogging,5.13,9.11,2.8738933
Jogging,-19.04,19.57,-4.25
Jogging,-7.97,-5.41,1.46
Jogging,7.08,7.35,4.99
Jogging,-5.28,5.43,-5.09401
Jogging,-6.63,18.58,1.2666923
Jogging,4.71,-10.27,5.71
Jogging,-4.9,8.12,-5.407278
Jogging,-6.51,-8.43,-12.95
Jogging,3.26,4.44,-9.62
Jogging,4.4,14.98,-2.75
Jogging,-2.3,-2.64,-0.08172209
Jogging,-3.34,16.89,-1.7297841
Jogging,-2.96,4.37,3.26
Jogging,1.27,1.69,1.27
Jogging,1.31,-5.52,-1.12
Jogging,-8.12,12.64,-4.21
Jogging,5.63,19.57,-1.5
Jogging,-1.65,16.86,-2.6
Jogging,-15.01,14.75,2.8738933
Jogging,-0.27,-0.23,-4.440233
Jogging,-7.89,12.6,2.7240696
Jogging,1.54,18.01,-1.920469
Jogging,11.33,9.19,0.89
Jogging,-0.08,-9.89,3.68
Jogging,19.11,16.97,-10.46
Jogging,5.75,5.6,4.52
Jogging,-7.89,-10.31,17.692831
Jogging,1.18,5.33,6.851035
Jogging,-11.3,0.19,1.0760075
Jogging,-18.5,1.14,5.41
Jogging,-2.03,1.38,-0.69
Jogging,-3.98,19.57,-2.982856
Jogging,4.48,12.37,-1.88
Jogging,9.66,19.46,-2.22
Jogging,-1.38,-0.91,-1.7978859
Jogging,6.05,1.88,1.46
Jogging,-0.19,1.99,-0.65
Jogging,16.89,4.67,1.27
Jogging,19.95,-3.87,3.95
Jogging,-1.27,-0.08,-5.33
Jogging,-3.36,4.79,-4.944186
Jogging,2.22,9.53,-1.18
Jogging,7.06,2.56,2.41
Jogging,-3.45,10.92,-1.04
Jogging,8.89,3.95,-0.5
Jogging,12.03,1.33,1.99
Jogging,7.46,1.33,-1.69
Jogging,9.19,7.78,-2.5606253
Jogging,7.27,-9.08,7.6273947
Jogging,4.86,17.39,8.08
Jogging,1.38,3.34,-2.68
Jogging,17.43,-0.72,11.032481
Jogging,0.53,-3.53,0.91
Jogging,5.09,18.85,4.5628166
Jogging,2.15,-0.11,0.84446156
Jogging,-17.88,-12.76,-4.63
Jogging,3.68,4.56,4.7535014
Jogging,9.85,15.66,4.29
Jogging,3.95,17.47,-4.59
Jogging,-1.04,19.57,-11.75
Jogging,-2.26,-11.22,8.349273
Jogging,19.95,4.37,-0.57
Jogging,10.08,1.04,-0.46
Jogging,2.26,7.5,-5.325556
Jogging,-4.79,-0.19,-9.15
Jogging,-6.09,-0.15,-5.52
Jogging,-12.34,8.89,4.06
Jogging,-11.45,4.82,0.84
Jogging,-1.57,2.98,2.64
Jogging,-0.15,5.52,3.11
Jogging,-11.3,15.94,-9.615966
Jogging,15.7,11.92,12.98
Jogging,4.9,-0.61,-9.152874
Jogging,-19.27,17.58,1.8387469
Jogging,18.89,-3.72,8.962189
Jogging,3.45,-4.37,-0.95
Jogging,-17.43,19.38,-2.982856
Jogging,-2.11,-2.53,-1.92
Jogging,6.21,2.07,-2.98
Jogging,8.92,18.73,5.75
Jogging,15.6,2.45,19.34
Jogging,-10.99,19.04,-14.2877445
Jogging,2.68,0.93,-0.34
Jogging,0.23,5.18,2.9556155
Jogging,2.6,-1.33,-0.6537767
Jogging,19.57,19.57,-6.3198414
Jogging,-2.07,-2.03,0.61
Jogging,-10.23,8.28,-0.38
Jogging,10.65,14.29,1.88
Jogging,0.27,2.91,-0.0
Jogging,-5.9,-3.26,-1.46
Jogging,-9.72,7.97,2.9556155
Jogging,-2.96,2.3,5.829509
Jogging,-8.5,5.09,2.03
Jogging,-4.14,19.57,-14.29
Jogging,-10.76,8.77,-5.325556
Jogging,-13.25,4.52,-2.03
Jogging,12.64,-7.5,5.134871
Jogging,-4.63,0.99,-4.3312707
Jogging,9.81,17.31,6.469665
Jogging,-18.96,-17.62,-10.88
Jogging,18.92,9.77,0.0
Jogging,10.65,13.99,-5.33
Jogging,-2.75,-6.09,-12.680544
Jogging,-2.41,12.57,-1.04
Jogging,3.11,-4.18,-5.43
Jogging,-0.27,3.21,0.8
Jogging,-3.34,-4.82,-4.48
Jogging,-0.69,16.51,-1.9477097
Jogging,0.65,19.34,-0.8
Jogging,-19.23,-7.27,-2.83
Jogging,2.45,0.95,0.15
Jogging,0.27,6.28,-2.7240696
Jogging,0.27,-12.41,-11.88
Jogging,-3.02,18.35,-6.59
Jogging,5.37,19.23,-6.6331096
Jogging,-12.49,19.57,-1.33
Jogging,3.38,14.41,15.43
Jogging,-3.06,-1.69,3.49
Jogging,-19.34,11.73,8.66
Jogging,-16.02,-2.98,5.41
Jogging,8.5,-1.18,8.430995
Jogging,0.57,14.1,10.079058
Jogging,-1.38,13.29,-2.3426998
Jogging,11.88,20.04,-15.7
Jogging,16.82,19.34,1.0760075
Jogging,6.66,-5.71,-3.36
Jogging,-1.61,-3.26,8.12
Jogging,19.19,19.57,-6.85
Jogging,-4.06,-0.8,-4.0180025
Jogging,11.41,19.57,7.273266
Jogging,-19.23,-0.72,-1.84
Jogging,-6.32,-18.28,1.31
Jogging,-1.73,-1.31,-4.399372
Jogging,-4.29,7.16,-12.217452
Jogging,6.85,10.12,-9.80665
Jogging,18.01,17.97,-1.920469
Jogging,-2.53,-0.15,-3.06
Jogging,-4.67,18.35,0.5720546
Jogging,0.15,0.72,-1.57
Jogging,-1.53,1.76,-4.1
Jogging,-6.97,18.92,-2.3426998
Jogging,-0.61,-5.43,-5.7886477
Jogging,3.49,-12.53,-11.37
Jogging,-14.14,18.58,2.7240696
Jogging,-8.47,-19.61,1.92
Jogging,-6.09,9.04,-14.709975
Jogging,7.16,-15.17,-11.03
Jogging,14.6,-14.29,1.92
Jogging,-19.34,1.42,3.49
Jogging,-2.68,-18.2,1.33
Jogging,-7.74,10.99,-4.02
Jogging,-8.47,4.86,-10.34
Jogging,16.25,1.14,12.87
Jogging,1.65,5.18,1.95
Jogging,-4.14,15.66,17.82
Jogging,-19.23,9.53,8.35
Jogging,6.05,-11.65,0.11
Jogging,2.53,-1.33,2.2201166
Jogging,-3.06,-1.42,-7.59
Jogging,0.34,0.34,-1.99
Jogging,-15.94,3.76,-6.17
Jogging,1.18,3.06,-1.8387469
Jogging,-1.8,10.34,2.9556155
Jogging,-13.29,11.03,0.19068487
Jogging,-6.32,2.56,-8.43
Jogging,4.67,8.69,-5.09
Jogging,-1.88,-19.53,0.42
Jogging,1.8,-3.06,-0.76
Jogging,-4.29,-1.14,-0.50395286
Jogging,3.57,-5.41,-4.33
Jogging,-0.34,16.02,-10.57
Jogging,-1.08,-4.02,-1.18
Jogging,-2.49,-3.17,-3.214402
Jogging,0.61,4.37,5.9793324
Jogging,3.02,-7.78,4.21
Jogging,-6.09,4.29,11.14
Jogging,-4.9,-8.2,-12.912089
Jogging,-0.72,4.37,-4.9
Jogging,3.255263,4.671779,1.0351465
Jogging,10.460427,11.75436,4.0588636
Jogging,5.79,12.79,6.78
Jogging,-15.47,12.11,-3.64
Jogging,-10.92,-6.82,-4.82
Jogging,3.38,0.34,-0.69
Jogging,1.73,0.15,-4.5628166
Jogging,0.34,-3.45,-3.636633
Jogging,-1.53,14.02,-2.3018389
Jogging,-3.45,5.63,-2.0294318
Jogging,-17.01,-1.8,2.6423476
Jogging,1.88,5.01,6.3198414
Jogging,-13.48,-0.8,-5.48
Jogging,0.0,1.73,-1.57
Jogging,-19.15,17.82,3.45
Jogging,-1.46,8.01,6.24
Jogging,-0.27,-0.99,0.84446156
Jogging,4.82,0.84,1.0760075
Jogging,9.81,16.78,8.921328
Jogging,-4.82,16.55,6.63
Jogging,-9.38,17.31,3.26
Jogging,19.57,19.53,-1.2666923
Jogging,-2.03,2.22,1.38
Jogging,-9.3,-2.34,2.79
Jogging,3.34,5.09,2.5333846
Jogging,2.75,18.7,-2.37
Jogging,-10.31,2.03,-2.37
Jogging,4.44,0.0,2.91
Jogging,-1.61,-8.58,-0.15
Jogging,-5.33,14.25,-1.61
Jogging,-0.84446156,6.5922484,4.630918
Jogging,1.42,2.53,3.1054392
Jogging,-19.61,-4.37,3.38
Jogging,-19.15,19.08,-6.78
Jogging,19.95,16.74,-0.11
Jogging,1.84,9.19,2.41
Jogging,6.51,10.73,5.05
Jogging,0.34,-2.53,-3.405087
Jogging,5.13,16.13,-1.12
Jogging,-4.71,-18.92,0.0
Jogging,-16.13,11.54,-3.99
Jogging,-6.05,-6.47,-13.1
Jogging,-11.69,16.36,11.836082
Jogging,9.11,18.96,11.958665
Jogging,-1.76,-6.17,4.25
Jogging,-13.1,17.54,-0.46
Jogging,-6.7,7.89,-4.2086873
Jogging,19.57,19.57,-2.3699405
Jogging,-6.32,0.08,-2.070293
Jogging,4.29,-8.2,8.47
Jogging,4.18,15.24,-0.76
Jogging,-15.94,1.95,-0.42
Jogging,4.63,-2.53,4.56
Jogging,5.24,4.14,1.879608
Jogging,0.5,10.84,11.454713
Jogging,-1.92,-9.77,-13.252599
Jogging,-4.52,9.89,15.02
Jogging,1.8,13.99,-2.53
Jogging,15.36,13.91,-6.02
Jogging,9.72,15.51,11.6
Jogging,11.917805,19.231932,0.95342433
Jogging,9.96,11.3,-6.63
Jogging,-4.21,12.49,0.08
Jogging,11.92,18.7,4.0180025
Jogging,-2.68,19.53,-2.7513103
Jogging,-6.93,-7.97,-8.16
Jogging,5.13,0.69,-0.0
Jogging,-13.38,1.46,-7.93
Jogging,19.95,13.91,-3.34
Jogging,11.65,15.28,-6.02
Jogging,2.6,-0.46,0.10896278
Jogging,18.81,15.13,-6.1700177
Jogging,4.6,-5.43,0.6946377
Jogging,1.84,9.72,-2.79
Jogging,-10.88,19.57,-7.01
Jogging,-1.12,-4.75,-4.33
Jogging,0.08,-0.42,-1.12
Jogging,-10.53,15.43,-8.69
Jogging,-18.66,-0.38,-2.53
Jogging,12.3,-2.91,-0.04
Jogging,-4.44,6.89,-2.14
Jogging,6.32,5.63,5.7886477
Jogging,-6.02,-2.96,-8.267551
Jogging,5.09,1.14,4.1
Jogging,-8.47,19.19,0.08
Jogging,15.28,-2.11,10.841797
Jogging,-4.21,11.88,2.2609777
Jogging,0.53,4.37,0.42223078
Jogging,1.99,2.41,2.79
Jogging,-7.8180795,19.57244,-4.9850473
Jogging,-16.47,-3.83,9.28
Jogging,-0.19,2.26,-2.98
Jogging,-0.95,14.48,-9.66
Jogging,-9.81,18.43,-5.63
Jogging,-8.16,-16.78,-14.9006605
Jogging,-14.02,0.19,-1.56634
Jogging,-9.3,-19.61,4.06
Jogging,19.57,19.53,-5.325556
Jogging,-3.17,6.63,-2.56
Jogging,-5.28,17.27,16.59
Jogging,-0.61,-2.75,-1.0351465
Jogging,-3.3,5.43,2.8330324
Jogging,2.53,13.1,-1.4165162
Jogging,-6.21,16.47,-6.21
Jogging,4.25,12.79,10.53
Jogging,-0.42,3.57,1.69
Jogging,-8.43,9.92,4.2904096
Jogging,-10.04,-2.22,5.13
Jogging,8.62,-1.42,7.3958488
Jogging,-7.55,18.47,-5.6
Jogging,-13.72,10.57,-6.97
Jogging,8.2,-0.34,-11.84
Jogging,0.95,19.57,-2.9147544
Jogging,8.54,15.79,3.34
Jogging,0.89,3.91,0.04
Jogging,-0.84,5.18,-0.76
Jogging,10.92,1.23,0.19
Jogging,-0.57,-2.91,4.06
Jogging,0.91,2.64,7.12
Jogging,1.65,-4.9,-3.02
Jogging,9.15,2.96,-1.2666923
Jogging,18.47,15.83,1.879608
Jogging,3.17,19.53,10.841797
Jogging,6.66,-2.49,2.41
Jogging,-9.72,19.34,5.7886477
Jogging,-11.14,9.23,-4.1814466
Jogging,-0.31,-1.31,-0.8
Jogging,-3.53,17.08,0.08
Jogging,-3.11,-1.61,-0.72
Jogging,11.26,-3.57,-1.9885708
Jogging,-1.8,6.44,5.706926
Jogging,-3.49,17.62,4.21
Jogging,-16.47,14.86,4.6036777
Jogging,3.64,17.47,-6.05
Jogging,3.26,3.26,0.3
Jogging,19.57,19.57,-8.19945
Jogging,12.98,1.42,-2.07
Jogging,-3.79,-2.07,-4.75
Jogging,11.26,4.02,0.57
Jogging,-1.31,1.73,12.34
Jogging,-3.34,-0.23,-0.34
Jogging,-8.43,10.31,2.03
Jogging,18.73,16.55,2.2201166
Jogging,10.84,4.86,-2.6
Jogging,-0.76,9.19,-2.91
Jogging,-2.18,3.76,0.040861044
Jogging,9.51,-2.49,0.08172209
Jogging,0.84,12.18,10.08
Jogging,7.86,7.82,2.2201166
Jogging,6.47,16.17,8.853226
Jogging,2.53,0.23,-0.89
Jogging,0.38,2.07,-0.9942854
Jogging,3.45,19.57,-4.86
Jogging,2.18,19.57,-11.37
Jogging,2.64,10.95,3.0645783
Jogging,13.14,16.02,8.390134
Jogging,-2.68,15.85,8.499097
Jogging,-13.25,0.27,-0.61
Jogging,-1.53,18.47,5.86
Jogging,-6.74,0.5,3.64
Jogging,-16.59,19.57,-9.656827
Jogging,-10.53,-2.18,3.15
Jogging,-14.82,2.53,10.23
Jogging,4.06,-1.88,1.0351465
Jogging,3.49,5.01,-1.27
Jogging,-5.86,-9.28,-2.83
Jogging,0.19,1.14,-1.6480621
Jogging,-9.7,-2.03,14.37
Jogging,-18.66,2.15,11.92
Jogging,1.08,6.97,-6.32
Jogging,-13.57,-1.42,2.72
Jogging,0.89,15.85,13.211738
Jogging,-4.63,10.88,10.99
Jogging,-17.43,17.2,4.06
Jogging,8.12,19.42,4.5628166
Jogging,-5.98,0.23,-17.12
Jogging,5.86,0.19,-3.0237172
Jogging,7.35,16.93,2.0294318
Jogging,0.04,3.6,-10.04
Jogging,-19.23,2.41,-0.19
Jogging,7.12,-5.67,-12.4489975
Jogging,8.12,13.59,1.920469
Jogging,-12.26,12.79,9.534244
Jogging,5.24,10.65,-8.349273
Jogging,3.79,15.09,9.888372
Jogging,-17.82,0.57,6.89
Jogging,-1.99,0.61,-4.903325
Jogging,-4.82,-7.97,-3.06
Jogging,-3.68,-2.68,-3.87
Jogging,-3.95,17.97,4.399372
Jogging,1.95,-14.02,11.604536
Jogging,0.08172209,-9.234595,-8.158588
Jogging,19.95,11.92,6.51
Jogging,-16.36,18.5,1.38
Jogging,-2.11,19.19,-11.88
Jogging,-18.24,6.55,6.59
Jogging,0.8,-10.23,-11.73
Jogging,11.41,7.46,4.52
Jogging,-0.53,2.68,6.97
Jogging,-4.18,11.22,-4.02
Jogging,-10.57,15.98,12.067628
Jogging,-13.33,19.46,-0.04
Jogging,-0.89,6.05,0.31
Jogging,-10.27,2.18,-0.99
Jogging,3.11,-4.52,-1.54
Jogging,-12.56,7.12,12.4489975
Jogging,-1.61,5.9,-5.9793324
Jogging,12.68,-3.72,9.847511
Jogging,16.51,19.04,-6.3198414
Jogging,4.82,16.13,1.04
Jogging,-3.72,-0.89,3.79
Jogging,3.11,11.84,-4.56
Jogging,-4.79,19.57,7.504812
Jogging,2.03,17.5,-5.012288
Jogging,5.86,7.74,3.06
Jogging,-17.97,-18.85,-6.82
Jogging,13.25,-0.99,1.08
Jogging,-4.33,-10.88,-3.53
Jogging,-12.95,18.7,-5.706926
Jogging,-9.3,19.76,-1.23
Jogging,-7.12,3.64,4.1
Jogging,19.46,-12.83,13.67
Jogging,9.38,-1.61,-0.5720546
Jogging,-0.3,19.38,-4.5628166
Jogging,1.33,-3.79,-0.23
Jogging,12.91,18.09,-2.1111538
Jogging,8.66,-4.21,-0.10896278
Jogging,10.84,-5.41,1.12
Jogging,-0.72,-1.5,2.8738933
Jogging,3.15,3.76,8.47
Jogging,1.12,-8.54,1.73
Jogging,0.76,1.73,-0.61
Jogging,10.08,14.02,-2.11
Jogging,0.99,3.26,-3.64
Jogging,-1.04,-17.31,-11.11
Jogging,1.04,1.23,-0.38
Jogging,15.47,-7.04,11.14
Jogging,0.04,-2.56,2.64
Jogging,-0.76,-1.95,3.76
Jogging,9.66,14.33,-0.19068487
Jogging,-5.43,3.76,-0.34
Jogging,-2.72,0.23,-4.99
Jogging,-0.3,17.77,-10.57
Jogging,-2.11,3.68,7.97
Jogging,0.91,-2.53,-1.18
Jogging,-6.05,4.02,2.75
Jogging,-1.42,2.11,1.23
Jogging,-4.33,19.04,3.53
Jogging,7.06,-8.08,-4.399372
Jogging,-4.1,-2.37,-10.31
Jogging,-5.18,6.55,8.580819
Jogging,-6.63,-7.89,-3.21
Jogging,-4.14,0.23,-5.407278
Jogging,2.22,19.53,-1.1441092
Jogging,-12.41,12.64,1.2666923
Jogging,-4.14,4.33,0.38136974
Jogging,-7.01,7.25,-0.10896278
Jogging,-2.79,18.85,0.99
Jogging,-1.53,0.8,6.469665
Jogging,-1.73,6.05,-5.202973
Jogging,0.65,7.86,-1.33
Jogging,1.12,-7.01,-11.07
Jogging,7.21,19.57,-3.11
Jogging,0.15,-0.91,0.76
Jogging,1.14,-5.75,6.85
Jogging,0.91,8.2,3.41
Jogging,-13.82,12.3,4.0180025
Jogging,-2.83,9.19,10.73
Jogging,2.49,4.14,1.88
Jogging,17.73,19.23,-8.962189
Jogging,-4.02,10.53,1.8
Jogging,14.33,12.11,1.84
Jogging,0.15,11.14,-8.66
Jogging,-4.86,-0.53,6.4
Jogging,-1.31,19.53,-11.645397
Jogging,-6.85,1.61,-0.93
Jogging,0.72,-9.85,-2.98
Jogging,-5.33,16.89,-3.06
Jogging,3.87,1.42,5.63
Jogging,15.4,3.99,2.5606253
Jogging,-6.63,4.75,-7.44
Jogging,15.79,4.71,9.466142
Jogging,-8.12,16.82,-1.27
Jogging,5.13,4.29,-10.15
Jogging,3.06,17.5,-6.0882955
Jogging,-17.54,18.7,-3.79
Jogging,-3.02,14.1,-5.41
Jogging,-4.9,-2.11,0.42
Jogging,19.31,2.98,12.980191
Jogging,2.96,19.57,-4.02
Jogging,6.97,11.07,-3.34
Jogging,1.33,14.52,4.1
Jogging,-19.61,19.57,5.9793324
Jogging,0.15,17.77,-1.65
Jogging,-0.31,0.53,1.99
Jogging,-0.27,2.15,-3.02
Jogging,-1.57,6.82,2.41
Jogging,-10.38,11.75,5.5571017
Jogging,-10.38,2.91,8.12
Jogging,-8.47,18.85,8.812365
Jogging,-2.79,17.2,-6.5922484
Jogging,1.27,2.37,-3.6774938
Jogging,-8.5,-7.89,-9.997335
Jogging,11.99,10.31,3.26
Jogging,-0.69,9.34,1.12
Jogging,-14.1,19.57,-10.76
Jogging,-3.53,-19.61,-2.37
Jogging,2.49,5.52,-4.67
Jogging,-0.99,15.51,11.563675
Jogging,-9.47,-3.72,-8.35
Jogging,19.57,18.28,1.6480621
Jogging,-2.83,10.04,-6.973618
Jogging,-0.57,15.66,-4.52
Jogging,-1.46,19.08,0.84446156
Jogging,2.64,2.15,-1.33
Jogging,2.3,-4.56,-0.15
Jogging,-7.93,18.12,-9.3
Jogging,-4.25,17.67,-2.1792557
Jogging,-4.75,15.66,-3.72
Jogging,3.87,10.38,4.99
Jogging,-2.53,-4.33,-1.27
Jogging,4.82,11.65,10.53
Jogging,2.45,9.53,-2.68
Jogging,-18.39,-0.34,1.76
Jogging,-2.34,3.91,-7.5
Jogging,8.16,8.69,8.08
Jogging,-0.53,2.45,-4.5900574
Jogging,-2.45,0.93,0.27
Jogging,7.55,-4.63,-0.08172209
Jogging,7.7,-1.46,5.5571017
Jogging,-10.19,0.69,-6.59
Jogging,-19.46,2.45,0.76
Jogging,4.75,-0.65,1.3756552
Jogging,-4.48,0.93,-5.407278
Jogging,-9.15,17.39,-0.8
Jogging,-9.04,7.21,3.214402
Jogging,4.25,-7.86,8.05
Jogging,-7.35,17.69,-7.5
Jogging,-6.97,13.44,-11.073342
Jogging,7.35,7.16,9.85
Jogging,-19.23,1.08,-2.79
Jogging,-9.43,3.17,4.2904096
Jogging,6.85,18.54,4.14
Jogging,19.08,7.59,-0.10896278
Jogging,-19.23,-10.76,-2.37
Jogging,-5.86,11.6,9.152874
Jogging,3.34,7.06,-3.255263
Jogging,6.43,11.22,3.79
Jogging,-19.61,19.46,-1.3075534
Jogging,-16.36,-11.37,2.76
Jogging,-3.76,15.83,15.05
Jogging,1.04,11.96,6.510526
Jogging,9.34,0.65,-0.11
Jogging,-4.67,-9.11,-4.48
Jogging,15.6,19.57,-3.21
Jogging,-19.23,7.63,-4.75
Jogging,2.41,19.53,1.61
Jogging,0.19,-3.53,0.69
Jogging,6.05,12.72,2.982856
Jogging,5.94,16.02,-1.6889231
Jogging,-0.27,11.22,2.41
Jogging,-8.08,-1.38,-6.59
Jogging,-6.63,4.71,-3.255263
Jogging,-3.99,15.98,-6.85
Jogging,5.33,-1.08,-1.607201
Jogging,-5.48,19.0,1.57
Jogging,-4.25,2.37,-2.1792557
Jogging,-6.4,19.57,-11.07
Jogging,0.65,-2.14,-2.34
Jogging,15.6,7.31,5.98
Jogging,8.35,18.35,-4.372132
Jogging,-4.86,7.46,-2.2201166
Jogging,1.31,10.08,4.75
Jogging,-1.69,-2.41,-3.76
Jogging,4.79,-4.56,5.175732
Jogging,-1.04,-3.57,-2.070293
Jogging,6.47,19.57,0.84
Jogging,0.57,-5.24,-4.94
Jogging,7.67,0.93,2.9556155
Jogging,-8.92,19.46,-10.42
Jogging,-1.42,2.3,-0.8036005
Jogging,-19.61,19.57,-9.34
Jogging,-2.34,13.8,-2.9147544
Jogging,3.76,4.99,9.89
Jogging,1.88,12.83,-5.47538
Jogging,4.63,13.59,4.75
Jogging,6.51,-0.65,-4.06
Jogging,3.3,-19.61,-3.57
Jogging,-3.41,-0.65,-2.9147544
Jogging,-19.61,-17.86,0.08172209
Jogging,-0.42,-2.18,-3.06
Jogging,-13.25,14.25,5.13
Jogging,7.74,18.35,-0.5
Jogging,3.21,-2.14,1.5390993
Jogging,-1.31,6.55,-2.6423476
Jogging,7.164303,13.865514,0.88532263
Jogging,5.43,-6.05,-0.23
Jogging,13.06,17.08,-3.02
Jogging,5.79,-0.38,-5.7886477
Jogging,-2.14,19.5,1.42
Jogging,7.08,10.8,-5.24
Jogging,2.22,1.54,3.445948
Jogging,-10.04,7.55,0.3405087
Jogging,0.89,11.07,-2.45
Jogging,-8.35,12.37,10.079058
Jogging,6.51,-11.73,0.5
Jogging,-13.02,14.9,-11.795221
Jogging,-13.18,-4.86,8.54
Jogging,-0.46,-3.87,-6.36
Jogging,-3.17,10.53,-3.91
Jogging,6.74,0.76,4.1814466
Jogging,-5.79,-14.94,-7.43671
Jogging,-10.57,17.31,9.85
Jogging,-0.72,-2.75,2.56
Jogging,-19.31,1.84,-2.76
Jogging,-11.45,16.93,0.10896278
Jogging,-10.27,18.73,-2.7240696
Jogging,2.07,-2.34,-1.69
Jogging,4.71,-12.87,-12.07
Jogging,11.45,14.6,-6.05
Jogging,-0.23,0.04,0.38
Jogging,0.46,7.27,-3.336985
Jogging,16.51,18.39,-1.9477097
Jogging,-4.21,4.56,-1.0760075
Jogging,-0.84,2.03,-4.21
Jogging,1.99,2.6,4.18
Jogging,1.65,-4.1,1.33
Jogging,4.75,0.04,-1.57
Jogging,-2.79,6.09,4.2904096
Jogging,-19.53,1.27,-17.88
Jogging,5.33,15.55,-1.65
Jogging,2.83,-8.24,1.0351465
Jogging,-6.32,-7.16,-0.91
Jogging,-7.65,1.33,-2.4108016
Jogging,6.05,14.29,2.1111538
Jogging,0.19,-1.73,5.41
Jogging,-1.23,19.72,-3.95
Jogging,-1.53,3.64,0.46
Jogging,19.61,19.57,7.04
Jogging,-2.11,-1.38,0.04
Jogging,-5.09,-7.59,-3.759216
Jogging,2.96,5.86,1.9477097
Jogging,-10.57,-0.95,-10.15
Jogging,3.95,-3.26,-10.419566
Jogging,4.86,4.25,4.372132
Jogging,-5.18,-1.57,4.372132
Jogging,-17.54,19.57,-1.23
Jogging,3.11,3.91,11.56
Jogging,-2.79,-4.44,8.66
Jogging,19.57,10.84,2.3018389
Jogging,-3.95,19.57,-9.575105
Jogging,-6.97,13.63,-2.72
Jogging,2.34,14.63,0.95
Jogging,-8.81,17.35,-1.2666923
Jogging,-2.26,-3.6,2.6014864
Jogging,7.89,11.35,5.8567495
Standing,0.99,9.92,0.34
Standing,-1.14,9.81,0.72
Standing,2.18,9.04,-0.08
Standing,1.33,9.7,1.7978859
Standing,-1.12,9.43,2.7921712
Standing,2.41,9.34,2.87
Standing,-6.02,7.78,1.23
Standing,0.04,9.89,1.46
Standing,-0.65,9.66,2.87
Standing,-0.23,9.96,0.38
Standing,-0.23,9.92,1.12
Standing,-1.27,9.53,2.98
Standing,-2.22,9.66,-0.57
Standing,-0.84,9.51,2.6423476
Standing,-1.18,9.3,1.31
Standing,-2.83,8.81,-0.53
Standing,3.45,9.28,-2.14
Standing,0.69,10.0,0.61
Standing,1.08,9.89,0.15
Standing,-0.65,9.85,-0.61
Standing,1.12,9.23,2.26
Standing,-3.3,8.58,-0.72
Standing,-4.25,8.69,-1.61
Standing,-1.31,9.77,1.4573772
Standing,1.14,9.92,0.31
Standing,2.72,9.28,0.89
Standing,-7.59,6.24,-0.04
Standing,-7.7,5.83,-0.27
Standing,-1.23,9.11,0.91
Standing,3.57,9.3,-1.95
Standing,0.11,9.85,1.57
Standing,1.12,9.89,0.31
Standing,-0.89,9.7,1.54
Standing,-8.39,5.05,-0.57
Standing,-1.84,9.81,0.95342433
Standing,3.53,9.34,-1.84
Standing,2.64,10.23,1.42
Standing,-0.65,9.28,-0.19
Standing,-1.76,9.81,1.12
Standing,-0.08,9.92,1.42
Standing,-0.76,9.7,1.46
Standing,-5.09,8.39,-0.34
Standing,1.46,8.96,-1.14
Standing,1.04,9.92,0.34
Standing,-1.57,9.81,1.61
Standing,-1.27,9.19,0.99
Standing,-1.5,9.77,0.72
Standing,-1.38,9.47,3.02
Standing,-1.61,9.85,-0.8
Standing,-5.18,8.16,1.42
Standing,2.49,9.85,0.92618364
Standing,-1.18,9.58,2.72
Standing,0.84,10.0,0.34
Standing,-1.27,9.34,1.42
Standing,-0.04,9.89,1.42
Standing,-1.12,9.43,-0.38
Standing,-1.23,9.3,1.31
Standing,-4.79,8.54,-0.3
Standing,-0.04,9.85,1.46
Standing,-8.12,5.56,-1.18
Standing,-2.03,9.58,-1.04
Standing,-0.72,10.27,-0.76
Standing,-1.12,9.47,2.98
Standing,-4.99,8.2,-1.08
Standing,-5.09,8.2,1.61
Standing,-3.34,8.5,-1.27
Standing,-1.08,9.3,1.31
Standing,-3.17,8.54,-0.95
Standing,-0.99,9.38,1.12
Standing,-3.15,8.54,-0.23
Standing,-0.91,9.53,0.61291564
Standing,0.84,9.96,0.34
Standing,2.37,9.43,2.83
Standing,1.04,9.92,0.27
Standing,-4.67,8.62,-0.69
Standing,-1.31,9.43,2.91
Standing,-1.5,9.77,1.1168685
Standing,-0.8,9.66,2.45
Standing,-3.26,8.47,-0.99
Standing,-1.04,9.38,-0.5
Standing,-1.12,10.04,-0.76
Standing,-7.97,4.99,-1.57
Standing,2.03,9.81,0.9942854
Standing,-1.27,9.34,1.14
Standing,0.69,9.89,-1.7297841
Standing,-0.99,9.43,-0.31
Standing,-4.52,8.54,-0.42
Standing,2.6,8.89,-0.53
Standing,0.65,9.81,-0.9942854
Standing,-1.12,10.0,-1.27
Standing,-1.18,9.28,0.91
Standing,-0.93,9.47,-0.42
Standing,-1.42,9.47,2.64
Standing,-1.73,9.81,0.34
Standing,1.46,10.0,0.9942854
Standing,-1.08,9.92,-0.8
Standing,-6.13,7.59,1.46
Standing,1.69,10.08,3.214402
Standing,-1.65,9.34,2.6
Standing,-8.01,5.67,-0.84
Standing,-1.31,9.15,2.6
Standing,-1.12,9.72,1.38
Standing,-4.99,8.5,-0.04
Standing,3.57,9.38,-1.88
Standing,-0.89,9.53,2.91
Standing,-3.11,8.58,-1.18
Standing,-0.89,9.77,0.65
Standing,-4.71,8.24,-1.18
Standing,-1.31,9.3,1.33
Standing,0.04,9.89,1.42
Standing,-1.31,9.58,0.88532263
Standing,-5.56,7.78,-1.38
Standing,-1.14,9.34,-0.42
Standing,-0.8,9.7,1.46
Standing,6.47,7.25,-0.57
Standing,-1.95,9.62,-0.99
Standing,-6.51,7.12,1.57
Standing,-0.8,9.92,-0.42
Standing,-0.76,9.72,1.92
Standing,-1.73,9.51,-1.46
Standing,-0.04,9.89,1.38
Standing,1.57,9.92,-1.56634
Standing,8.2,4.52,0.15
Standing,-1.61,9.7,0.84446156
Standing,-1.12,9.34,1.23
Standing,9.58,5.01,1.8
Standing,-0.04,10.04,-0.3
Standing,-8.2,5.52,-0.46
Standing,6.36,6.85,-0.04
Standing,-4.94,8.43,-0.19
Standing,2.56,9.7,-0.76
Standing,-1.46,9.3,3.26
Standing,-5.2,8.77,-0.65
Standing,0.31,9.81,1.5
Standing,-0.19,9.72,1.4573772
Standing,-0.23,9.96,1.31
Standing,-5.05,8.5,0.04
Standing,-1.73,9.77,0.46
Standing,-6.93,6.74,1.33
Standing,-1.5,9.38,3.34
Standing,-7.74,6.36,1.08
Standing,-1.08,9.3,2.76
Standing,3.49,9.51,-1.84
Standing,-3.17,8.31,-1.31
Standing,-1.5,9.77,0.69
Standing,-0.46,9.96,0.76
Standing,-1.31,9.28,1.31
Standing,-1.73,9.81,0.95342433
Standing,-6.09,7.55,1.61
Standing,-3.45,8.39,-0.95
Standing,0.99,9.89,0.34
Standing,-1.08,9.38,-0.57
Standing,6.28,6.13,-0.15
Standing,-3.06,8.47,-1.08
Standing,-5.05,8.5,0.0
Standing,7.82,4.6,1.31
Standing,-4.94,8.35,-0.19
Standing,-1.57,9.47,2.3
Standing,-5.98,7.7,1.46
Standing,3.34,9.23,0.11
Standing,-5.24,8.16,1.42
Standing,-1.73,9.77,1.23
Standing,-1.92,9.7,1.18
Standing,-4.9,8.62,-0.11
Standing,-0.08,9.92,-0.15
Standing,-1.08,9.53,2.3699405
Standing,-1.23,9.34,1.42
Standing,-0.99,9.38,-0.38
Standing,-0.3,9.96,0.89
Standing,1.08,9.92,0.31
Standing,-0.95,9.81,1.23
Standing,-7.59,5.6,-1.54
Standing,1.5,9.92,1.0760075
Standing,0.89,10.42,2.9556155
Standing,-3.26,8.39,-1.18
Standing,-0.34,9.3,3.0237172
Standing,-8.31,6.24,-0.42
Standing,-1.99,9.66,-1.04
Standing,-0.91,9.7,1.54
Standing,-3.21,8.69,-0.8
Standing,-0.23,9.38,-1.42
Standing,-7.5,6.36,1.18
Standing,-0.04,10.04,0.53
Standing,0.65,9.72,-1.56634
Standing,-0.95,9.38,2.6423476
Standing,2.76,10.8,1.92
Standing,1.12,9.92,0.38
Standing,7.5,5.09,0.99
Standing,-5.43,8.12,-1.08
Standing,-5.33,8.2,1.53
Standing,-1.23,9.81,2.45
Standing,6.89,5.52,1.33
Standing,-1.31,9.51,2.22
Standing,1.88,9.47,3.06
Standing,-7.82,5.22,-1.5
Standing,0.99,9.92,0.31
Standing,-1.14,9.3,1.33
Standing,-3.6,8.31,-1.12
Standing,0.0,9.92,0.93
Standing,-1.42,9.81,1.2666923
Standing,0.23,9.96,0.99
Standing,-4.52,8.69,0.27
Standing,-5.18,8.2,1.38
Standing,-1.14,9.28,1.31
Standing,-5.98,7.46,1.5
Standing,-5.83,7.82,-1.46
Standing,2.34,9.15,-0.5
Standing,-0.04,9.92,1.14
Standing,-8.05,5.43,-1.23
Standing,-1.18,9.34,1.08
Standing,-0.57,9.92,0.42
Standing,-0.27,9.47,2.4925237
Standing,1.04,9.92,0.31
Standing,-0.27,9.72,0.89
Standing,-1.5,9.51,2.79
Standing,-4.9,8.24,-1.27
Standing,-1.65,9.81,0.42
Standing,-1.23,9.34,1.31
Standing,-1.08,9.43,-0.46
Standing,-7.25,6.59,1.18
Standing,-0.95,9.62,2.6
Standing,3.72,9.3,-2.03
Standing,-1.08,9.43,-0.34
Standing,-0.99,9.23,1.31
Standing,1.73,9.89,1.0760075
Standing,-0.84,9.7,1.46
Standing,-1.18,9.34,1.33
Standing,-1.12,9.47,-0.27
Standing,-0.19,9.96,0.61
Standing,-1.08,9.43,-0.53
Standing,-0.04,9.85,1.54
Standing,-1.31,9.34,1.31
Standing,-1.95,9.62,-1.04
Standing,-7.89,5.43,-1.14
Standing,-1.76,9.92,0.7627395
Standing,-5.13,8.24,1.46
Standing,-1.42,9.66,2.45
Standing,-1.14,9.38,-0.46
Standing,-5.28,8.01,-1.76
Standing,0.23,9.96,0.99
Standing,0.99,9.47,2.49
Standing,-1.23,9.34,1.23
Standing,-6.21,7.31,-1.46
Standing,-1.23,9.38,-0.27
Standing,2.56,9.34,2.87
Standing,1.04,9.92,0.38
Standing,-1.14,9.62,2.96
Standing,-7.4,5.83,-0.46
Standing,-7.63,6.32,1.27
Standing,2.34,9.38,2.79
Standing,-0.11,9.92,1.31
Standing,-4.86,8.54,0.19
Standing,-1.5,9.85,0.38
Standing,-1.76,9.7,0.8036005
Standing,3.49,9.34,-2.34
Standing,-7.5,6.51,0.57
Standing,-1.04,9.81,1.42
Standing,0.04,9.72,1.46
Standing,-1.04,9.38,-0.42
Standing,-5.37,8.31,-0.23
Standing,1.84,9.89,0.61
Standing,1.08,9.92,0.42
Standing,1.61,9.62,0.31
Standing,-1.38,9.38,2.4516625
Standing,-5.98,7.16,-1.76
Standing,-1.73,9.51,2.41
Standing,-0.15,10.04,-1.7297841
Standing,-1.31,9.51,1.31
Standing,-1.18,9.34,1.18
Standing,0.34,9.77,1.18
Standing,1.38,8.89,-1.42
Standing,-0.42,9.38,2.7240696
Standing,0.95,9.92,0.27
Standing,0.46,10.04,-1.1849703
Standing,-1.42,9.51,2.3
Standing,-7.55,6.28,1.27
Standing,-0.61,9.47,2.7240696
Standing,-1.42,9.81,0.84
Standing,-0.8,9.96,0.8
Standing,-0.72,9.38,0.0
Standing,0.11,9.81,1.42
Standing,-0.27,9.92,1.14
Standing,-4.94,8.43,-0.19
Standing,-0.91,9.43,2.6423476
Standing,-1.65,9.72,0.38
Standing,-5.24,8.01,-1.38
Standing,-1.12,9.3,1.38
Standing,1.61,9.92,1.1441092
Standing,-1.12,9.38,-0.34
Standing,1.04,9.92,0.38
Standing,-7.93,5.56,-1.31
Standing,-1.18,9.51,2.2609777
Standing,7.08,5.22,3.3
Standing,-1.33,9.7,1.5390993
Standing,3.41,9.38,-2.03
Standing,-7.93,5.63,-1.46
Standing,-2.07,9.58,-1.04
Standing,-0.91,9.72,1.42
Standing,-8.12,5.41,-0.76
Standing,1.08,9.92,0.34
Standing,2.11,9.85,1.1441092
Standing,3.45,9.43,-1.84
Standing,-0.99,9.72,2.26
Standing,-0.89,9.72,1.42
Standing,-1.18,9.43,-0.27
Standing,-1.65,9.47,2.37
Standing,-1.08,9.04,1.31
Standing,-1.46,9.28,3.15
Standing,-1.69,9.85,0.34
Standing,-4.63,8.5,-0.38
Standing,2.37,9.38,2.87
Standing,-1.18,9.34,1.27
Standing,2.56,9.3,2.83
Standing,-2.03,9.66,-0.99
Standing,0.19,9.89,1.42
Standing,-0.84,9.72,1.5
Standing,-0.72,9.58,2.96
Standing,-4.82,8.5,-0.38
Standing,2.49,9.38,2.87
Standing,2.75,8.73,0.0
Standing,1.73,9.3,3.5957718
Standing,-1.95,9.62,-0.91
Standing,3.34,9.53,-1.76
Standing,-1.84,9.58,2.11
Standing,-0.57,10.27,0.04
Standing,1.42,9.77,1.4165162
Standing,-7.89,5.98,-1.14
Standing,0.84,9.92,0.27
Standing,-1.08,9.62,1.7978859
Standing,-0.95,9.72,1.46
Standing,-5.24,8.12,-0.72
Standing,-4.71,8.58,-0.34
Standing,2.37,9.47,1.31
Standing,-0.08,9.89,1.31
Standing,-1.14,9.3,2.7649305
Standing,0.89,10.12,-1.0760075
Standing,-4.94,8.39,-0.27
Standing,-4.06,9.11,0.46
Standing,-4.67,8.77,-0.3
Standing,-1.14,9.28,1.5
Standing,3.41,8.81,-0.8
Standing,-4.52,8.5,-1.73
Standing,-1.8,9.58,2.79
Standing,-0.38,10.08,0.84
Standing,-0.84,9.77,1.54
Standing,1.04,8.92,-1.27
Standing,-1.57,9.77,0.84446156
Standing,-2.07,8.77,2.1792557
Standing,-0.5,9.96,0.72
Standing,-4.99,8.39,-0.19
Standing,-4.86,8.28,-1.31
Standing,-5.28,8.12,-0.99
Standing,3.6,9.3,-1.95
Standing,-0.27,9.96,0.15
Standing,-1.14,10.0,-0.3
Standing,-0.91,9.38,2.6423476
Standing,-0.46,9.72,2.68
Standing,-5.67,7.7,-1.57
Standing,-0.19,9.96,0.08
Standing,-1.18,9.92,-0.84
Standing,-2.14,9.66,-0.99
Standing,-3.15,8.47,-1.08
Standing,-0.61,9.92,0.72
Standing,-0.89,9.7,2.18
Standing,-1.12,9.38,1.18
Standing,-7.08,6.74,1.31
Standing,2.49,9.34,2.83
Standing,-0.99,9.77,1.33
Standing,-1.12,9.43,-0.38
Standing,0.99,10.12,0.72
Standing,-0.95,9.85,1.18
Standing,-1.33,9.43,2.4925237
Standing,1.95,9.81,1.2666923
Standing,-1.18,9.23,1.18
Standing,3.49,9.28,-1.92
Standing,-0.8,9.38,2.6832085
Standing,-5.09,8.39,-0.15
Standing,-1.42,9.66,2.3
Standing,-1.08,9.43,-0.42
Standing,-7.44,6.44,1.46
Standing,-1.31,9.3,2.76
Standing,-1.31,9.66,2.6
Standing,-1.23,9.53,1.8387469
Standing,-4.94,8.2,-1.42
Standing,-5.9,7.55,1.38
Standing,-1.31,9.43,3.11
Standing,-5.28,8.2,-0.65
Standing,-7.21,6.66,1.12
Standing,-1.18,8.77,0.53119355
Standing,-1.27,9.53,2.83
Standing,-6.02,7.44,-0.89
Standing,-6.44,7.63,0.04
Standing,-6.02,7.59,1.53
Standing,3.34,9.43,-1.69
Standing,-1.57,9.85,0.92618364
Standing,-1.61,9.7,1.73
Standing,-1.12,9.77,0.93
Standing,-5.13,8.43,-0.84
Standing,3.53,9.34,-1.92
Standing,-1.08,9.72,1.0351465
Standing,6.74,6.93,0.5
Standing,1.12,9.89,0.38
Standing,3.45,9.43,-1.92
Standing,-8.12,5.13,-0.99
Standing,-1.69,9.72,0.7627395
Standing,-2.22,9.51,1.18
Standing,-1.18,9.72,0.84446156
Standing,1.61,10.0,0.88532263
Standing,1.04,9.92,0.27
Standing,-0.76,9.38,2.6832085
Standing,2.75,9.3,-0.53
Standing,-0.08,9.85,-0.08
Standing,-2.03,9.66,-1.04
Standing,-8.2,4.82,-1.57
Standing,-1.61,9.38,2.79
Standing,-5.05,8.28,-0.15
Standing,-0.38,9.62,2.72
Standing,3.83,9.28,-1.88
Standing,-0.95,9.28,1.42
Standing,-1.12,9.51,-0.15
Standing,-1.73,9.89,0.9942854
Standing,3.41,9.43,-1.84
Standing,-5.09,8.35,0.04
Standing,3.45,9.43,-1.69
Standing,-1.8,9.77,0.23154591
Standing,-0.08,9.85,1.38
Standing,-1.95,9.62,2.3
Standing,-1.14,9.3,1.33
Standing,-7.86,5.28,-0.93
Standing,-1.18,9.92,0.8036005
Standing,-3.11,8.43,-1.5
Standing,0.23,9.81,-1.7297841
Standing,-8.58,6.13,-1.31
Standing,-1.8,9.89,0.99
Standing,0.99,9.89,0.27
Standing,-1.69,9.66,-1.27
Standing,-6.21,7.67,1.18
Standing,-1.04,9.43,-0.27
Standing,-3.21,8.58,-0.93
Standing,-1.38,9.43,3.26
Standing,-1.04,9.38,-0.46
Standing,-6.51,7.21,1.61
Standing,-0.95,9.72,1.54
Standing,-1.33,9.43,2.4925237
Standing,-0.11,9.92,0.95
Standing,3.68,9.3,-1.88
Standing,-1.95,9.62,2.37
Standing,-1.57,9.62,0.61291564
Standing,-0.27,9.89,1.04
Standing,-1.99,9.62,-0.99
Standing,-1.61,9.53,0.57
Standing,-1.04,9.77,1.12
Standing,-1.42,9.89,1.31
Standing,-1.27,9.47,2.96
Standing,2.96,9.92,0.84
Standing,3.41,9.34,-1.95
Standing,-1.92,9.7,0.72
Standing,-1.38,9.81,0.69
Standing,-2.03,9.92,0.46309182
Standing,-3.3,8.43,-1.33
Standing,-8.28,5.05,-0.95
Standing,-4.71,8.35,-1.54
Standing,-3.15,8.47,-1.14
Standing,-0.34,9.89,0.69
Standing,-7.67,6.28,-1.61
Standing,6.55,6.89,-0.19
Standing,-0.57,9.66,1.8
Standing,2.56,9.38,2.72
Standing,-1.33,9.47,2.91
Standing,-0.91,9.85,0.95342433
Standing,-2.03,9.58,-1.23
Standing,-3.21,8.47,-1.08
Standing,-1.08,9.3,1.53
Standing,2.64,9.11,-0.89
Standing,-3.15,8.5,-1.18
Standing,-5.56,7.97,-1.14
Standing,-4.79,7.89,-0.84
Standing,1.27,9.43,1.12
Standing,-0.11,9.92,0.89
Standing,2.75,8.66,-0.08
Standing,-1.08,9.62,2.68
Standing,-3.3,8.43,-1.27
Standing,-0.89,9.34,2.6014864
Standing,-5.41,8.08,-0.95
Standing,-1.14,9.47,-0.42
Standing,0.19,9.81,1.54
Standing,-0.53,9.51,2.7240696
Standing,-5.13,8.08,-1.33
Standing,-1.5,9.77,0.9942854
Standing,-0.04,9.96,1.23
Standing,-0.15,9.81,0.0
Standing,-8.24,5.18,-1.14
Standing,0.95,9.92,0.31
Standing,6.17,6.74,-0.31
Standing,-1.99,9.66,-0.99
Standing,4.4,9.23,0.76
Standing,1.73,9.47,0.89
Standing,-0.99,10.0,-0.76
Standing,0.11,9.89,1.31
Standing,-5.01,8.31,-1.14
Standing,2.22,9.43,2.79
Standing,-1.12,9.34,-0.46
Standing,-0.19,9.92,0.31
Standing,3.49,9.3,-2.18
Standing,0.04,9.92,1.31
Standing,-5.83,7.82,-0.76
Standing,-0.04,9.92,1.12
Standing,-3.45,8.43,-1.08
Standing,-1.08,9.43,2.7649305
Standing,2.45,9.34,2.83
Standing,-1.14,9.43,-0.38
Standing,0.93,9.92,0.34
Standing,-4.82,8.24,-1.23
Standing,-1.08,9.28,1.42
Standing,-1.5,9.53,2.5333846
Standing,-1.31,9.81,0.61
Standing,-1.99,9.62,-1.08
Standing,-7.89,5.86,-0.27
Standing,-1.04,9.38,-0.46
Standing,-8.54,4.9,-0.04
Standing,-7.55,6.32,1.18
Standing,-5.24,8.12,1.38
Standing,3.49,9.47,-1.92
Standing,2.49,10.27,-0.31
Standing,3.6,9.19,-2.18
Standing,-1.69,9.23,1.31
Standing,1.88,9.28,3.718355
Standing,-1.38,9.38,2.64
Standing,-0.95,9.43,1.42
Standing,-1.57,9.53,0.76
Standing,0.95,9.92,0.23
Standing,-0.11,9.89,1.31
Standing,-4.67,8.62,-0.08
Standing,0.08,9.85,1.33
Standing,-2.37,9.62,1.54
Standing,-7.06,6.28,1.57
Standing,-1.95,9.66,-0.91
Standing,-0.5,9.85,0.95
Standing,-5.22,8.2,1.27
Standing,-8.01,5.37,-1.5
Standing,-1.18,9.38,-0.42
Standing,-7.55,6.4,1.61
Standing,3.79,8.35,-0.08
Standing,3.57,9.3,-1.95
Standing,-1.14,9.38,-0.38
Standing,-5.28,8.31,-0.84
Standing,-1.73,9.77,1.0351465
Standing,-1.88,9.34,3.15
Standing,-7.16,6.44,0.65
Standing,-1.42,9.72,1.04
Standing,-0.99,9.38,2.8330324
Standing,-1.04,9.43,-0.5
Standing,-1.38,9.43,2.5333846
Standing,-1.33,9.81,0.76
Standing,-8.24,5.67,-0.31
Standing,-1.95,9.66,-1.08
Standing,2.3,9.58,0.95
Standing,-1.14,9.34,1.27
Standing,1.08,10.46,-1.1849703
Standing,-1.33,9.89,-0.84
Standing,-1.42,9.62,1.3075534
Standing,-1.69,9.53,0.7627395
Standing,-4.14,8.43,-1.8
Standing,2.49,9.38,2.83
Standing,-0.57,9.92,-0.5
Standing,-6.59,6.93,1.69
Standing,6.78,7.16,-0.42
Standing,-1.04,9.38,-0.46
Standing,-1.38,9.92,0.31
Standing,-1.12,9.3,1.12
Standing,1.61,9.72,0.23
Standing,-4.94,8.43,-0.23
Standing,1.08,9.89,0.23
Standing,-1.23,9.28,-0.53
Standing,-0.3,10.0,0.61
Standing,2.56,9.38,2.87
Standing,1.42,9.96,0.8
Standing,-1.42,9.81,0.8
Standing,-0.65,9.89,0.53119355
Standing,-0.99,9.72,0.23
Standing,-5.28,8.16,1.27
Standing,2.3,9.38,2.79
Standing,-1.88,9.53,1.57
Standing,1.88,9.66,0.61
Standing,-5.22,8.2,1.27
Standing,-5.09,8.47,-0.08
Standing,-0.91,9.72,2.45
Standing,-0.61,10.0,0.8
Standing,-3.21,8.54,-0.95
Standing,-5.56,7.89,-1.18
Standing,-1.99,9.58,-1.12
Standing,-1.8,9.7,-0.8
Standing,0.53,9.89,-1.9885708
Standing,-6.44,7.46,1.14
Standing,1.54,9.85,1.0760075
Standing,-0.95,9.47,-0.42
Standing,-1.88,9.53,0.84
Standing,1.23,9.66,-1.2666923
Standing,1.54,9.85,1.0760075
Standing,-6.59,7.12,1.57
Standing,2.56,9.3,2.91
Standing,0.08,10.04,0.46
Standing,-0.8,9.28,1.53
Standing,-4.9,8.05,-1.38
Standing,-1.14,9.47,-0.27
Standing,-5.18,8.16,1.31
Standing,-0.42,9.47,2.6832085
Standing,-1.18,10.0,0.5
Standing,-2.03,9.66,-0.89
Standing,-0.34,10.04,0.5
Standing,3.06,9.51,0.84
Standing,-8.39,6.36,3.34
Standing,-4.94,8.08,-1.65
Standing,-1.23,9.43,-0.38
Standing,3.49,9.38,-1.92
Standing,-0.91,9.66,2.91
Standing,-1.14,9.34,1.31
Standing,1.08,10.0,-1.2666923
Standing,-1.31,9.62,2.34
Standing,-6.24,7.59,1.14
Standing,-1.33,9.92,0.84
Standing,-0.46,9.89,0.76
Standing,3.83,8.5,-0.04
Standing,-5.18,8.16,1.5
Standing,7.86,4.79,1.14
Standing,2.45,9.43,2.87
Standing,-1.57,9.23,3.38
Standing,-7.12,6.78,1.14
Standing,-3.17,8.54,-1.33
Standing,-1.18,9.77,1.31
Standing,3.41,9.38,-1.76
Standing,1.61,9.92,0.92618364
Standing,-1.27,9.53,2.98
Standing,-1.04,9.58,3.06
Standing,-7.46,6.44,1.42
Standing,1.69,9.81,0.95342433
Standing,4.29,8.28,0.15
Standing,-0.34,9.77,0.76
Standing,-4.79,8.24,-1.27
Standing,-4.44,8.69,0.31
Standing,-1.12,10.19,0.57
Standing,-8.28,5.18,-0.76
Standing,0.08,9.89,1.5
Standing,-1.18,9.81,1.23
Standing,-0.69,10.08,0.84
Standing,-1.12,9.3,1.33
Standing,-0.91,9.72,2.83
Standing,-1.27,9.43,2.4516625
Standing,3.6,9.34,-1.88
Standing,-3.06,8.66,-0.69
Standing,-6.28,7.12,1.53
Standing,-1.31,9.62,2.3018389
Standing,-0.15,9.51,2.5606253
Standing,0.08,9.89,1.46
Standing,-1.04,9.43,-0.42
Standing,2.72,8.89,-0.69
Standing,-1.27,9.58,1.920469
Standing,1.04,9.96,0.38
Standing,-1.69,9.85,0.8036005
Standing,3.57,9.43,-1.92
Standing,-1.46,9.77,2.64
Standing,2.41,9.28,2.83
Standing,-0.89,9.43,2.6423476
Standing,-4.79,8.2,-1.27
Standing,-1.27,9.47,2.4516625
Standing,-1.14,9.66,3.15
Standing,-3.26,8.28,-1.31
Standing,-4.86,8.43,-0.3
Standing,-1.38,9.47,3.11
Standing,-1.73,9.62,2.6423476
Standing,-1.14,9.38,-0.11
Standing,-1.42,9.89,0.46
Standing,-8.01,5.13,-1.31
Standing,-6.09,7.55,1.5
Standing,-0.15,9.89,0.93
Standing,-1.99,9.7,-1.04
Standing,1.95,9.23,2.6
Standing,-0.38,9.51,2.6014864
Standing,3.45,9.08,-2.26
Standing,0.69,9.92,0.84
Standing,-1.46,9.43,2.91
Standing,-0.61,9.72,1.334794
Standing,-1.04,9.43,-0.15
Standing,-1.04,9.34,-0.5
Standing,-2.76,8.77,-0.89
Standing,-1.57,9.28,3.06
Standing,3.26,9.34,-1.88
Standing,6.85,6.74,0.11
Standing,-8.12,5.28,-0.93
Standing,-1.99,9.66,-0.99
Standing,3.49,9.38,-2.11
Standing,-1.31,9.89,0.7218784
Standing,-6.47,7.21,1.33
Standing,-5.43,7.78,-1.38
Standing,2.07,9.77,0.69
Standing,-0.99,9.43,-0.27
Standing,7.63,4.99,0.95
Standing,-0.15,9.85,1.54
Standing,2.22,9.7,0.34
Standing,0.0,9.85,1.54
Standing,-0.04,9.89,1.33
Standing,3.64,9.3,-1.95
Standing,-1.18,9.77,0.23154591
Standing,-0.38,9.77,0.84
Standing,-1.69,9.47,2.34
Standing,-0.76,9.72,3.45
Standing,-1.38,9.77,0.76
Standing,-8.08,5.37,-0.69
Standing,-4.9,8.43,0.27
Standing,-1.27,9.43,2.49
Standing,-1.14,9.28,1.23
Standing,-3.17,8.54,-1.14
Standing,-5.01,8.31,-0.11
Standing,-0.8,10.0,-0.46
Standing,-1.57,9.28,3.38
Standing,0.42,9.72,-1.4573772
Standing,-0.69,9.38,2.4925237
Standing,-1.69,9.81,-1.04
Standing,-1.38,9.38,2.6014864
Standing,-1.38,9.77,0.72
Standing,-1.5,9.47,2.72
Standing,3.83,9.34,-1.95
Standing,-3.02,9.43,-1.92
Standing,0.95,9.89,0.27
Standing,3.57,9.3,-1.99
Standing,-8.28,6.05,0.11
Standing,-1.18,9.3,1.18
Standing,1.69,9.85,1.1849703
Standing,-1.99,9.72,0.31
Standing,-4.94,8.43,-0.19
Standing,1.69,9.89,0.38
Standing,-1.88,9.53,-0.8
Standing,-4.71,8.54,-0.38
Standing,-0.04,9.89,1.38
Standing,-5.09,8.2,-1.04
Standing,-0.08,9.89,1.38
Standing,1.69,9.85,1.0351465
Standing,-3.38,8.43,-1.46
Standing,-7.44,6.51,0.61
Standing,-1.95,9.66,-0.95
Standing,-0.34,9.92,0.89
Standing,4.14,8.2,0.0
Standing,-0.69,10.08,-1.18
Standing,-1.23,9.28,1.27
Standing,-7.55,5.98,-0.38
Standing,-0.08,9.96,-0.08
Standing,-0.65,9.81,1.04
Standing,-1.53,9.58,2.34
Standing,-0.8,9.43,-0.23
Standing,-0.53,9.47,2.7240696
Standing,-1.08,9.43,-0.27
Standing,-1.12,9.43,-0.42
Standing,2.6,9.34,2.83
Standing,1.38,10.23,0.95
Standing,-3.38,8.31,-1.18
Standing,2.76,9.89,-0.15
Standing,0.93,9.92,0.31
Standing,-0.34,9.96,1.31
Standing,-1.92,9.89,0.08
Standing,-0.53,9.81,0.04
Standing,-1.12,9.66,1.12
Standing,1.31,9.96,0.31
Standing,-0.65,9.81,0.99
Standing,1.23,9.89,0.23
Standing,-1.5,9.77,0.65
Standing,3.11,8.31,0.5
Standing,1.69,10.15,0.95342433
Standing,-5.6,7.63,-1.73
Standing,-1.12,9.38,-0.57
Standing,3.49,9.38,-2.03
Standing,-1.31,9.47,2.83
Standing,-1.42,9.7,1.88
Standing,1.04,9.96,0.27
Standing,-1.42,9.53,2.83
Standing,-1.12,9.53,3.15
Standing,-1.46,9.43,3.11
Standing,6.74,6.97,0.3
Standing,3.3,9.47,-1.88
Standing,7.82,4.67,2.34
Standing,-3.38,8.39,-0.93
Standing,-0.04,9.81,0.99
Standing,-1.38,9.43,2.3699405
Standing,3.87,8.16,0.0
Standing,-1.08,9.43,-0.38
Standing,-4.99,8.43,-0.08
Standing,-0.76,7.63,3.34
Standing,-1.18,9.81,2.83
Standing,-7.93,5.67,-0.8
Standing,-4.99,8.47,-0.08
Standing,2.56,9.28,2.87
Standing,-1.46,9.28,1.42
Standing,-8.05,5.13,-1.08
Standing,6.93,5.79,-0.27
Standing,-1.33,9.72,0.38136974
Standing,-1.8,9.51,-1.42
Standing,2.26,9.34,0.34
Standing,-0.99,9.38,-0.08
Standing,0.04,9.85,1.38
Standing,-0.84,9.72,1.46
Standing,-0.99,9.43,2.6423476
Standing,-0.99,9.62,2.53
Standing,-0.46,9.58,2.68
Standing,6.21,7.01,-0.31
Standing,-5.24,8.08,1.23
Standing,1.04,9.96,0.34
Standing,-0.3,9.96,0.53
Standing,-1.23,9.23,1.38
Standing,-1.69,9.7,1.76
Standing,1.27,9.34,2.56
Standing,-0.69,9.85,0.38
Standing,0.11,9.81,1.61
Standing,1.76,9.85,0.95342433
Standing,-0.84,9.58,3.02
Standing,-1.14,9.66,1.65
Standing,-1.23,9.3,1.42
Standing,-7.7,5.98,-0.65
Standing,-6.55,7.25,1.38
Standing,-0.65,9.3,2.5333846
Standing,4.1,8.5,0.08
Standing,-0.11,10.0,0.72
Standing,-0.95,9.43,-0.19
Standing,-2.45,9.66,1.18
Standing,-1.88,9.62,-1.08
Standing,-3.26,8.43,-1.31
Standing,-1.12,9.34,1.42
Standing,3.98,8.35,0.04
Standing,-1.08,9.38,-0.27
Standing,-7.59,5.71,-1.12
Standing,-0.84,9.43,2.7240696
Standing,0.99,9.96,0.31
Standing,1.31,9.53,0.08
Standing,-7.08,5.33,1.99
Standing,-1.18,9.34,1.38
Standing,0.95,9.92,0.23
Standing,-7.93,6.21,0.19
Standing,-1.53,9.62,2.79
Standing,-1.14,9.81,1.31
Standing,-4.82,8.35,0.11
Standing,-0.42,9.92,-0.57
Standing,6.09,6.89,0.0
Standing,-1.08,9.92,-0.8
Standing,0.69,9.51,-1.607201
Standing,-1.04,9.23,1.08
Standing,-4.9,8.47,-0.27
Standing,1.92,9.66,1.18
Standing,-4.56,8.92,1.42
Standing,1.12,10.08,-0.91
Standing,3.79,8.28,-0.38
Standing,-1.53,9.38,2.5606253
Standing,8.31,4.02,1.38
Standing,-3.21,8.35,-1.04
Standing,6.97,4.86,3.26
Standing,4.18,8.62,-0.19
Standing,-0.8,9.7,1.46
Standing,7.82,4.75,1.27
Standing,0.0,9.85,0.11
Standing,-2.07,9.53,-1.14
Standing,-1.23,9.43,2.4516625
Standing,-1.18,9.58,2.79
Standing,-7.89,5.86,-0.31
Standing,-3.11,8.35,-1.14
Standing,-0.65,9.0,2.53
Standing,-2.87,8.54,-2.56
Standing,-0.15,9.89,1.33
Standing,-1.04,9.77,2.26
Standing,1.61,10.0,0.95342433
Standing,-3.3,8.54,-1.04
Standing,-3.21,8.5,-1.33
Standing,-4.44,8.89,-0.95
Standing,-1.8,9.53,2.3018389
Standing,-8.01,5.52,-0.76
Standing,-0.65,9.77,1.57
Standing,-5.41,7.97,-1.12
Standing,-1.38,9.28,3.21
Standing,3.6,9.3,-1.92
Standing,-0.84,9.34,0.76
Standing,0.11,9.89,1.31
Standing,0.0,9.89,1.42
Standing,0.53,9.96,-0.88532263
Standing,-0.46,9.96,0.89
Standing,-7.97,5.56,-0.38
Standing,0.99,9.7,0.5
Standing,-1.46,9.66,0.72
Standing,1.08,9.92,0.34
Standing,7.82,4.75,0.89
Standing,1.57,10.08,0.84446156
Standing,3.26,8.66,-0.42
Standing,-5.22,8.05,-1.33
Standing,-1.14,9.34,1.46
Standing,8.39,5.98,-0.46
Standing,7.5,5.33,1.31
Standing,0.69,10.08,0.11
Standing,0.99,9.92,0.34
Standing,-1.73,9.81,0.5
Standing,-0.89,10.46,0.99
Standing,-1.5,9.77,0.72
Standing,0.11,9.85,0.72
Standing,-0.65,9.72,1.6889231
Standing,1.04,8.89,-1.04
Standing,-1.69,9.3,2.45
Standing,-0.38,9.96,0.72
Standing,-2.03,9.58,-1.18
Standing,-7.25,6.36,0.61
Standing,6.74,7.01,0.8
Standing,-1.18,9.81,1.46
Standing,-2.03,9.7,-0.76
Standing,-0.34,9.96,1.04
Standing,1.12,9.89,0.11
Standing,3.53,9.43,-1.92
Standing,0.42,9.77,0.7627395
Standing,-1.23,9.81,1.04
Standing,-1.57,9.62,3.34
Standing,0.0,9.85,1.38
Standing,-0.89,9.43,2.6014864
Standing,-3.49,8.39,-1.18
Standing,-1.23,9.3,1.31
Standing,-1.99,9.66,-0.95
Standing,-1.33,9.66,2.18
Standing,-1.38,9.51,2.53
Standing,-1.04,9.7,1.84
Standing,-5.33,8.01,-1.14
Standing,-1.57,9.81,0.65
Standing,-4.75,8.62,-0.27
Standing,-4.48,8.43,-1.61
Standing,-0.34,9.92,1.12
Standing,2.45,9.3,2.83
Standing,6.28,7.08,0.04
Standing,2.49,9.3,2.79
Standing,7.97,4.4,0.65
Standing,-8.31,5.94,0.15
Standing,-0.95,9.43,-0.53
Standing,-1.57,9.58,2.83
Standing,-1.23,9.43,2.72
Standing,-6.44,7.25,1.53
Standing,6.32,6.74,-0.08
Standing,-0.57,9.85,1.61
Standing,-7.89,6.47,-0.57
Standing,2.34,9.43,2.79
Standing,-7.5,6.36,1.33
Standing,-0.5,9.96,0.95
Standing,2.41,9.3,2.91
Standing,-8.54,5.83,-0.04
Standing,0.08,9.85,1.5
Standing,-0.5,9.58,1.65
Standing,-2.3,9.85,0.89
Standing,2.41,9.34,2.83
Standing,-1.99,9.85,1.12
Standing,-4.86,8.5,-0.3
Standing,-1.12,9.53,3.15
Standing,-3.15,8.5,-0.99
Standing,2.56,9.38,1.18
Standing,0.08,10.12,-1.4573772
Standing,-8.28,5.33,0.11
Standing,-7.86,6.09,0.08
Standing,-2.18,9.51,1.23
Standing,-7.25,6.78,-0.65
Standing,-1.31,9.66,2.49
Standing,-0.8,9.47,3.11
Standing,-1.14,9.43,-0.38
Standing,-1.08,9.53,2.3018389
Standing,-2.03,9.58,-1.08
Standing,-1.73,9.81,0.38
Standing,5.86,7.27,-0.08
Standing,-1.23,9.11,-0.61
Standing,4.79,7.5,0.57
Standing,-0.95,9.28,1.27
Standing,-3.6,8.43,-1.08
Standing,-1.23,9.77,3.38
Standing,-1.95,9.66,-1.04
Standing,-5.18,8.12,1.33
Standing,-0.91,9.92,-0.5
Standing,-1.95,9.43,3.02
Standing,-1.04,9.34,2.7921712
Standing,0.15,9.89,1.46
Standing,-1.12,9.43,-0.34
Standing,2.45,9.38,2.87
Standing,-0.27,9.92,1.5
Standing,-0.84,10.0,-0.3
Standing,1.84,8.66,0.31
Standing,-1.5,9.81,0.8
Standing,-4.9,8.39,-0.23
Standing,-0.95,9.62,3.49
Standing,0.0,9.89,1.46
Standing,-5.09,8.24,1.5
Standing,-1.18,9.38,-0.38
Standing,-0.95,9.7,1.46
Standing,-8.31,5.05,-1.04
Standing,-1.46,9.47,3.02
Standing,-4.99,8.39,-0.19
Standing,-0.95,9.62,2.6
Standing,-0.19,10.12,0.8
Standing,-0.23,9.89,0.93
Standing,-1.23,9.51,2.98
Standing,0.04,9.89,1.5
Standing,-0.89,9.72,1.46
Standing,0.84,9.92,0.34
Standing,-8.05,5.43,-0.69
Standing,-7.5,6.51,0.65
Standing,-0.5,9.89,-0.04
Standing,-5.6,8.08,-0.42
Standing,-7.63,5.79,-0.69
Standing,3.3,9.43,-1.84
Standing,0.46,9.96,-1.6889231
Standing,1.18,9.51,2.41
Standing,-1.53,9.53,2.79
Standing,-0.76,9.7,1.5
Standing,-1.33,9.92,0.69
Standing,-5.52,8.01,-1.27
Standing,-0.27,10.04,0.57
Standing,-0.08,9.81,0.69
Standing,-1.04,9.38,-0.53
Standing,-3.11,9.19,-3.95
Standing,0.08,9.85,1.42
Standing,-1.04,9.7,1.84
Standing,-1.27,9.81,0.93
Standing,-1.08,9.58,2.6
Standing,-1.08,9.43,-0.42
Standing,-0.61,9.66,1.84
Standing,-1.18,9.38,1.23
Standing,-7.67,5.94,-0.65
Standing,-7.35,6.63,0.38
Standing,-1.27,9.81,1.0351465
Standing,0.93,9.72,-0.9942854
Standing,-1.08,9.47,2.7649305
Standing,-7.5,6.51,0.61
Standing,-1.14,9.66,2.56
Standing,0.95,9.92,0.31
Standing,-0.76,9.43,-0.38
Standing,-5.18,8.24,1.31
Standing,-6.55,7.16,1.61
Standing,-4.86,8.35,-1.57
Standing,5.48,7.44,1.12
Standing,-0.34,9.72,-0.19
Standing,-7.97,5.24,-1.08
Standing,-1.14,9.34,-0.34
Standing,-0.46,9.23,2.3426998
Standing,-1.69,9.72,1.54
Standing,-0.72,9.85,-1.3075534
Standing,-0.8,9.72,2.49
Standing,-1.46,9.51,2.79
Standing,-3.11,8.62,-1.14
Standing,-0.99,9.43,-0.5
Standing,2.11,9.04,0.27
Standing,-0.04,9.89,1.23
Standing,-1.31,9.38,1.23
Standing,-0.8,9.51,2.6423476
Standing,0.89,9.96,0.42
Standing,-3.34,8.5,-1.23
Standing,1.04,9.89,0.34
Standing,-1.12,9.28,1.27
Standing,-0.8,9.47,2.8330324
Standing,2.3,9.38,2.72
Standing,0.61,10.15,-1.4165162
Standing,-4.59,8.69,0.0
Standing,-7.5,6.44,1.31
Standing,-1.23,10.0,-0.95
Standing,-1.5,9.62,2.53
Standing,-5.48,7.59,-0.46
Standing,-1.14,9.66,1.31
Standing,0.53,10.19,-1.08
Standing,-1.31,9.72,0.9942854
Standing,-1.04,9.28,1.38
Standing,-1.8,9.7,-1.08
Standing,-0.99,9.43,-0.5
Standing,-0.91,9.72,0.8
Standing,-1.04,9.72,1.42
Standing,-1.31,9.53,2.6
Standing,-1.23,9.47,-0.11
Standing,1.61,9.81,1.1849703
Standing,-2.11,9.72,1.04
Standing,-1.23,9.51,2.3018389
Standing,1.12,9.85,0.34
Standing,-1.08,9.47,-0.65
Standing,-1.31,9.28,1.33
Standing,-1.5,10.0,3.38
Standing,-5.41,8.16,-1.88
Standing,-1.14,9.81,2.72
Standing,-1.42,9.72,0.76
Standing,-5.13,8.2,1.65
Standing,-0.76,9.77,0.08
Standing,0.04,10.19,-0.88532263
Standing,2.72,9.28,2.96
Standing,-3.41,8.39,-1.04
Standing,1.5,9.81,1.1441092
Standing,0.61,9.81,-1.1849703
Standing,-1.18,9.34,1.23
Standing,-1.46,9.38,3.21
Standing,0.8,9.77,0.23
Standing,-1.33,9.85,1.23
Standing,-4.75,8.69,2.26
Standing,-1.99,9.62,-0.95
Standing,-0.91,9.81,0.08172209
Standing,-1.38,9.89,0.65
Standing,2.34,9.62,0.57
Standing,-0.95,9.0,3.95
Standing,-0.08,9.96,0.31
Standing,-0.11,9.89,1.33
Standing,-1.69,9.72,0.61291564
Standing,-0.84,9.72,3.02
Standing,-1.42,9.43,2.3699405
Standing,1.38,10.0,1.0351465
Standing,0.99,9.96,0.31
Standing,0.04,9.81,1.5
Standing,-1.27,9.47,2.4516625
Standing,3.45,9.43,-1.92
Standing,0.04,9.7,2.15
Standing,-3.15,8.47,-1.08
Standing,-0.84,9.72,1.5
Standing,-5.24,8.16,1.18
Standing,-1.38,9.81,0.8
Standing,-0.72,9.7,2.72
Standing,-1.31,9.92,-0.8
Standing,8.05,4.71,1.31
Standing,2.56,9.28,2.96
Standing,-0.8,9.43,2.7240696
Standing,-8.05,5.28,-0.61
Standing,-5.43,7.89,-1.23
Standing,6.21,6.47,2.22
Standing,1.04,8.89,0.84
Standing,-0.76,9.58,2.96
Standing,0.93,9.92,-0.5
Standing,-8.16,5.33,-0.8
Standing,0.95,9.81,-1.920469
Standing,-1.08,9.43,-0.5
Standing,-7.89,6.28,1.31
Standing,-1.46,9.43,2.68
Standing,-3.21,8.5,-0.95
Standing,-6.74,6.89,-1.04
Standing,-1.23,9.85,0.61
Standing,1.38,10.19,0.34
Standing,-5.2,8.24,-0.27
Standing,-0.72,9.47,2.7649305
Standing,-5.13,8.35,0.15
Standing,-4.4,8.66,-0.38
Standing,-1.12,9.43,2.7921712
Standing,-1.12,9.96,-1.18
Standing,-1.04,9.3,1.46
Standing,-0.72,9.47,2.6014864
Standing,-1.92,9.7,-0.91
Standing,-1.84,9.85,0.5
Standing,2.64,9.7,0.34
Standing,-1.14,9.43,-0.34
Standing,0.99,9.96,0.27
Standing,-7.4,6.47,1.61
Standing,-5.22,8.2,1.27
Standing,-1.04,9.62,2.53
Standing,-0.8,9.58,2.87
Standing,-0.91,9.58,2.83
Standing,-5.01,8.62,0.04
Standing,-1.18,9.28,1.23
Standing,-0.91,9.62,2.79
Standing,-5.41,7.97,-1.27
Standing,1.04,9.92,0.34
Standing,-1.27,9.72,1.2666923
Standing,-1.53,9.62,1.2666923
Standing,-1.33,9.53,2.3699405
Standing,3.53,9.38,-1.95
Standing,-1.14,9.34,1.23
Standing,-0.89,9.96,0.38
Standing,0.15,9.96,0.57
Standing,-1.14,9.47,-0.34
Standing,-1.42,9.62,2.3
Standing,0.04,9.89,1.33
Standing,-5.9,7.44,-0.69
Standing,1.5,9.81,1.2666923
Standing,-1.92,9.53,2.15
Standing,-8.92,5.24,0.61
Standing,-0.84,9.53,2.6014864
Standing,0.08,9.89,1.42
Standing,-0.8,9.89,1.12
Standing,-1.95,9.62,-0.99
Standing,-0.91,10.04,-0.65
Standing,-1.18,9.58,2.98
Standing,-0.65,9.66,1.5
Standing,-0.99,9.47,3.06
Standing,3.53,9.3,-2.14
Standing,-6.63,6.93,-0.19
Standing,-7.25,6.36,1.69
Standing,-1.27,9.43,2.5606253
Standing,-0.95,9.43,2.7240696
Standing,-5.28,7.78,-1.57
Standing,-0.72,9.38,2.9147544
Standing,-1.57,9.66,1.95
Standing,-0.99,9.34,-0.53
Standing,-0.27,9.92,0.89
Standing,-0.46,9.89,1.04
Standing,-0.15,9.89,1.46
Standing,-0.04,9.89,1.38
Standing,-6.24,7.97,-0.3
Standing,0.93,9.96,0.23
Standing,1.73,9.89,1.1441092
Standing,-7.74,5.83,0.19
Standing,-1.31,9.92,-0.91
Standing,-1.38,9.51,2.96
Standing,-8.28,5.28,-0.65
Standing,-7.59,7.16,1.46
Standing,-0.8,9.58,0.7218784
Standing,-5.48,7.74,-1.69
Standing,-4.94,8.47,-0.3
Standing,2.87,9.43,1.42
Standing,-4.9,8.31,1.53
Standing,-0.93,9.51,-0.04
Standing,-1.99,9.7,-0.04
Standing,-1.12,9.77,2.18
Standing,-0.91,9.62,1.27
Standing,-1.8,9.92,-0.95
Standing,-7.55,5.98,-0.72
Standing,-1.12,9.38,-0.42
Standing,-4.9,8.5,0.0
Standing,2.6,9.38,2.87
Standing,-1.14,9.28,1.53
Standing,-1.99,9.66,-0.95
Standing,-0.65,9.77,2.53
Standing,-4.14,7.59,0.11
Standing,1.54,9.89,1.0760075
Standing,0.93,10.0,-1.2258313
Standing,-7.7,6.05,-0.76
Standing,-1.14,9.66,2.11
Standing,1.33,9.47,1.54
Standing,-0.91,9.7,1.5
Standing,-0.04,9.34,1.46
Standing,0.11,9.85,1.46
Standing,-1.12,9.66,2.68
Standing,-7.27,6.74,1.42
Standing,0.11,9.89,1.5
Standing,1.84,9.89,0.7627395
Standing,-0.99,9.53,2.76
Standing,6.4,6.7,0.23
Standing,-0.8,9.62,2.98
Standing,-1.12,9.43,-0.34
Standing,-4.9,8.43,-0.27
Standing,-4.67,8.66,-0.3
Standing,-3.45,8.31,-1.12
Standing,2.45,9.34,2.83
Standing,6.85,5.71,1.5
Standing,-0.69,9.77,2.45
Standing,-1.76,9.7,-1.14
Standing,0.8,10.0,-0.9942854
Standing,-4.94,8.43,-0.27
Standing,3.6,9.51,-1.69
Standing,3.45,9.34,-1.88
Standing,-4.79,8.58,-0.08
Standing,-5.09,8.43,-1.08
Standing,-1.5,9.43,2.87
Standing,-5.01,8.39,-0.15
Standing,1.69,9.85,1.1168685
Standing,-1.14,9.28,1.61
Standing,-1.61,9.7,2.26
Standing,-3.11,8.43,-1.31
Standing,-0.99,9.7,2.91
Standing,-0.19,10.04,0.5
Standing,2.53,9.3,2.83
Standing,2.49,9.34,2.98
Standing,2.98,8.47,0.15
Standing,-0.53,9.23,2.6423476
Standing,0.65,9.81,0.42
Standing,-1.23,9.72,2.64
Standing,-0.04,9.89,1.46
Standing,-1.04,9.34,-0.57
Standing,-1.88,9.7,-0.76
Standing,0.99,9.92,0.31
Standing,3.38,9.3,-2.22
Standing,-1.14,9.3,1.31
Standing,-1.14,9.38,-0.23
Standing,-0.93,9.43,-0.31
Standing,-0.84,9.7,1.08
Standing,1.12,9.96,0.27
Standing,0.27,9.96,-1.2258313
Standing,1.23,10.08,0.38
Standing,-2.11,9.58,-1.27
Standing,-1.14,9.85,1.1441092
Standing,-8.16,4.9,-0.99
Standing,-1.23,9.62,1.920469
Standing,-8.43,5.83,0.27
Standing,-7.82,5.98,-0.93
Standing,-1.95,9.43,3.02
Standing,3.68,9.23,-1.73
Standing,-0.84,9.7,1.54
Standing,-3.02,9.47,2.18
Standing,0.99,9.92,0.31
Standing,-0.42,9.89,0.34
Standing,1.88,9.72,0.61
Standing,0.99,9.96,0.27
Standing,-1.18,9.62,-0.42
Standing,-1.69,9.51,2.4925237
Standing,-3.17,8.62,-1.18
Standing,-1.27,9.47,2.79
Standing,-0.19,9.92,1.04
Standing,3.45,9.38,-1.95
Standing,-1.23,9.43,-0.23
Standing,-0.8,9.7,1.5
Standing,-1.23,9.7,2.64
Standing,0.04,9.85,1.38
Standing,-7.21,5.94,-1.08
Standing,-3.21,8.62,-1.23
Standing,-8.05,5.86,0.95
Standing,3.53,9.23,-2.3
Standing,1.04,9.92,0.31
Standing,-0.72,9.34,2.982856
Standing,-1.65,9.51,2.6
Standing,-4.56,8.58,-0.42
Standing,-3.41,8.39,-1.18
Standing,-0.27,9.66,3.21
Standing,-1.14,9.43,-0.42
Standing,-1.33,9.53,1.920469
Standing,3.53,9.43,-1.8
Standing,-1.27,9.28,1.42
Standing,-8.05,5.52,-0.38
Standing,-1.53,9.81,0.42
Standing,-0.84,9.85,-0.99
Standing,3.53,9.34,-1.84
Standing,-0.53,9.89,1.27
Standing,-0.19,9.96,0.72
Standing,-8.69,6.05,-0.95
Standing,0.99,9.89,0.31
Standing,-5.56,7.86,-1.23
Standing,-1.61,9.77,0.57
Standing,0.99,9.89,0.34
Standing,0.31,10.0,-0.9942854
Standing,-1.38,8.58,1.5
Standing,-1.04,9.47,-0.08
Standing,-8.08,5.18,-0.46
Standing,-0.19,9.92,0.93
Standing,-1.5,9.66,2.6014864
Standing,-1.5,9.53,2.070293
Standing,-1.04,9.47,2.7921712
Standing,-7.67,6.28,1.23
Standing,-0.15,9.92,0.19
Standing,-0.89,9.38,-0.42
Standing,-1.88,9.66,-0.99
Standing,-1.57,9.77,0.65
Standing,-5.71,7.67,-1.42
Standing,-1.54,9.47,1.14
Standing,1.69,9.89,0.9942854
Standing,0.99,10.34,0.08172209
Standing,-1.23,9.53,2.96
Standing,1.14,9.77,2.6
Standing,-1.46,9.51,2.4108016
Standing,-3.17,8.43,-0.99
Standing,3.6,8.43,0.89
Standing,-5.13,7.93,-2.03
Standing,2.91,9.47,1.38
Standing,-0.76,9.72,2.56
Standing,-1.23,9.47,3.17
Standing,-4.9,8.43,-0.23
Standing,-5.13,8.08,-1.31
Standing,-1.99,9.62,-1.04
Standing,1.54,9.81,0.65
Standing,7.86,4.75,0.95
Standing,-4.37,8.81,-0.23
Standing,-0.95,9.62,2.91
Standing,-7.25,6.47,1.53
Standing,-6.09,7.55,1.61
Standing,1.54,9.81,1.1441092
Standing,-1.04,9.38,-0.34
Standing,-6.02,7.59,1.53
Standing,-0.99,9.38,-0.61
Standing,0.27,9.85,1.46
Standing,-0.8,9.7,1.5
Standing,-1.23,9.34,1.38
Standing,-5.33,8.85,0.08
Standing,-5.67,7.74,-1.31
Standing,2.07,9.23,3.5276701
Standing,3.91,8.16,0.42
Standing,6.09,7.06,-0.11
Standing,-1.08,9.7,1.7570249
Standing,-7.67,6.4,1.27
Standing,-0.46,9.89,-0.61
Standing,-1.14,9.66,2.2201166
Standing,-1.46,9.58,3.06
Standing,-2.03,9.62,-1.12
Standing,-0.89,9.72,1.5
Standing,-1.12,9.43,-0.42
Standing,-1.5,9.96,0.46
Standing,-1.31,9.51,2.87
Standing,0.99,9.96,0.27
Standing,-2.07,9.7,0.99
Standing,-1.23,9.43,3.15
Standing,2.3,9.66,2.2609777
Standing,-1.38,9.81,0.69
Standing,0.61,9.89,0.69
Standing,-4.94,8.43,-0.27
Standing,-4.99,8.35,-0.3
Standing,1.08,9.89,0.27
Standing,-1.5,9.7,1.1168685
Standing,-1.08,9.81,0.95342433
Standing,-1.04,9.47,-0.38
Standing,6.17,6.89,0.11
Standing,-7.89,5.52,-1.57
Standing,-1.18,9.34,1.14
Standing,-7.93,6.4,0.72
Standing,4.99,7.86,-0.53
Standing,-1.5,9.47,2.72
Standing,0.34,10.0,-1.0760075
Standing,-0.99,9.58,2.6
Standing,-5.18,8.2,1.65
Standing,-5.28,8.58,0.11
Standing,-1.14,9.38,-0.5
Standing,-2.07,9.62,-0.91
Standing,-1.31,9.53,2.070293
Standing,-4.1,8.5,-1.54
Standing,-8.12,5.43,-0.72
Standing,-0.89,9.38,2.5606253
Standing,5.63,5.94,1.08
Standing,0.19,9.38,1.4573772
Standing,-0.04,9.89,1.27
Standing,-3.11,8.73,-1.12
Standing,-0.95,9.7,1.33
Standing,-1.92,9.58,3.26
Standing,-1.23,9.43,-0.34
Standing,-8.24,5.33,-0.53
Standing,-1.65,9.85,0.53
Standing,-3.41,8.31,-1.23
Standing,-1.04,9.51,2.8738933
Standing,5.9,6.74,0.08
Standing,7.59,7.5,-0.72
Standing,-1.92,9.53,-1.57
Standing,4.21,8.47,0.0
Standing,-1.5,9.81,0.69
Standing,-1.04,9.85,1.4982382
Standing,0.69,9.89,-1.6480621
Standing,-0.76,9.11,1.31
Standing,-1.61,9.72,1.0760075
Standing,-1.53,10.15,0.53
Standing,3.41,9.34,-1.84
Standing,-0.3,9.96,0.53
Standing,-1.38,9.38,3.11
Standing,-0.84,10.12,-0.65
Standing,-1.33,9.72,2.3
Standing,-1.61,9.77,0.92618364
Standing,-1.33,9.34,2.5606253
Standing,-1.31,9.53,3.02
Standing,5.98,6.97,0.08
Standing,0.5,9.89,-1.4982382
Standing,-0.91,9.34,2.7921712
Standing,-1.61,9.66,1.69
Standing,-7.89,5.6,-1.18
Standing,-1.92,9.62,-1.04
Standing,0.46,9.72,-0.27
Standing,-3.17,9.28,-3.26
Standing,2.68,9.43,0.34
Standing,2.87,9.51,0.5
Standing,-7.97,5.63,-0.27
Standing,-1.31,9.81,1.54
Standing,2.03,9.3,0.19
Standing,-5.18,8.24,-1.08
Standing,-1.31,9.43,1.12
Standing,3.41,9.47,-1.73
Standing,2.76,9.81,0.5
Standing,-1.18,9.92,-0.76
Standing,-0.95,9.72,1.46
Standing,-0.3,9.89,0.89
Standing,0.95,9.92,0.34
Standing,-1.88,9.7,-0.91
Standing,-4.86,8.58,0.5
Standing,0.11,9.81,1.54
Standing,-7.59,6.47,0.61
Standing,-1.42,9.66,-0.95
Standing,7.4,6.59,2.34
Standing,-1.12,9.04,3.95
Standing,-1.33,9.96,-1.12
Standing,-0.95,9.3,-0.31
Standing,-1.53,9.92,0.92618364
Standing,0.0,9.96,0.65
Standing,-1.99,9.62,-0.99
Standing,-1.14,9.62,1.04
Standing,-1.95,9.77,1.12
Standing,-0.69,9.62,-0.04
Standing,2.03,9.47,1.27
Standing,3.64,9.3,-2.26
Standing,-1.08,9.3,-0.5
Standing,-5.37,7.82,-1.08
Standing,-8.43,5.09,-0.23
Standing,-1.14,9.3,1.33
Standing,-1.92,9.3,3.02
Standing,-0.93,9.43,-0.34
Standing,-1.57,9.34,3.21
Standing,0.0,9.96,1.12
Standing,-8.35,5.28,-0.61
Standing,-3.17,8.5,-1.12
Standing,2.79,8.85,-0.65
Standing,-1.33,9.47,2.6014864
Standing,-7.55,6.4,1.42
Standing,0.95,9.43,2.53
Standing,-0.42,9.81,-0.08
Standing,0.93,9.92,0.23
Standing,-3.26,8.58,-1.08
Standing,-1.04,9.66,2.6
Standing,-1.5,9.28,3.17
Standing,2.45,9.43,1.14
Standing,-0.89,9.96,-0.0
Standing,-1.5,9.62,2.79
Standing,-0.46,9.38,2.7649305
Standing,-2.14,9.66,1.69
Standing,-0.04,9.96,0.69
Standing,-1.33,9.53,2.3018389
Standing,-4.79,8.54,-0.5
Standing,-2.03,9.7,-0.99
Standing,0.89,9.47,2.37
Standing,-0.89,9.72,1.5
Standing,-7.82,5.09,-1.38
Standing,-4.9,8.47,-0.23
Standing,-0.95,9.72,1.54
Standing,-1.14,9.43,1.08
Standing,-0.76,9.85,0.72
Standing,-5.22,8.01,-1.18
Standing,1.23,9.81,0.5
Standing,-1.27,9.43,2.5606253
Standing,-0.8,9.89,0.9942854
Standing,4.02,8.39,0.04
Standing,-0.08,9.89,1.31
Standing,-1.73,9.72,-0.99
Standing,0.95,9.72,-1.6480621
Standing,3.53,9.3,-1.99
Standing,-0.89,9.43,2.6423476
Standing,-0.15,9.96,0.76
Standing,-1.12,9.47,-0.38
Standing,-0.53,9.7,1.88
Standing,-3.41,8.39,-1.5
Standing,0.08,9.89,1.42
Standing,7.27,5.24,-0.34
Standing,5.41,7.35,0.04
Standing,-0.65,9.92,0.84
Standing,-0.34,9.96,0.93
Standing,-2.07,9.62,-1.27
Standing,-0.99,9.62,2.79
Standing,3.72,8.16,0.23
Standing,-1.5,9.77,0.65
Standing,-0.91,9.47,2.7240696
Standing,-5.18,8.16,1.42
Standing,-1.33,9.19,1.5
Standing,-1.27,9.77,0.89
Standing,-0.99,9.51,2.83
Standing,-1.33,9.34,1.14
Standing,2.45,9.3,2.91
Standing,-4.99,8.43,-0.11
Standing,-1.27,9.28,2.5606253
Standing,-7.93,4.94,-1.46
Standing,-1.14,9.3,1.33
Standing,-4.75,9.08,-1.61
Standing,0.57,9.96,-0.7627395
Standing,-0.8,9.7,1.5
Standing,-0.08,9.96,1.5
Standing,2.56,9.51,-0.5
Standing,1.73,9.3,3.636633
Standing,-1.12,9.38,-0.42
Standing,1.14,9.92,0.34
Standing,-0.99,9.3,1.42
Standing,-1.18,9.34,1.08
Standing,-0.5,9.77,1.99
Standing,-0.69,9.92,-0.19
Standing,4.06,8.31,0.0
Standing,0.5,9.96,-0.9942854
Standing,-1.31,9.38,0.95
Standing,-0.93,9.43,-0.31
Standing,-5.86,7.86,-0.53
Standing,0.99,9.66,-1.3756552
Standing,-3.17,8.5,-1.04
Standing,6.24,6.97,0.04
Standing,-0.84,10.04,0.34
Standing,-0.27,9.81,0.95
Standing,3.49,9.38,-1.88
Standing,-1.76,9.62,2.3
Standing,-1.57,9.77,0.65
Standing,0.76,9.58,2.982856
Standing,5.67,7.16,0.08
Standing,0.15,9.85,1.5
Standing,0.95,9.92,0.34
Standing,-7.86,5.67,-0.53
Standing,1.18,10.08,1.0760075
Standing,-0.84,9.47,2.7649305
Standing,-2.07,9.47,0.95
Standing,-5.6,7.86,-1.42
Standing,-1.27,9.3,1.53
Standing,-0.46,9.96,1.38
Standing,-0.76,9.43,2.7240696
Standing,-1.42,9.77,-0.84
Standing,-1.18,9.34,1.12
Standing,-1.31,9.43,2.5606253
Standing,-0.53,9.81,0.65
Standing,-1.5,9.62,0.61291564
Standing,1.95,9.81,-1.08
Standing,-5.13,8.2,1.38
Standing,-1.31,9.81,0.89
Standing,0.08,9.89,1.33
Standing,7.65,5.33,1.23
Standing,-1.38,9.43,3.3
Standing,-5.94,7.63,1.38
Standing,-6.66,6.82,-1.04
Standing,-0.99,9.38,-0.5
Standing,-5.13,8.16,1.38
Standing,-1.33,10.15,0.95
Standing,-5.05,8.39,-0.11
Standing,-1.33,9.92,0.57
Standing,-4.75,8.54,-0.38
Standing,-7.82,5.56,-0.5
Standing,5.52,7.01,-0.04
Standing,2.45,9.0,-0.11
Standing,2.53,9.38,2.87
Standing,-1.33,9.43,2.5333846
Standing,2.26,9.47,1.27
Standing,-0.11,9.96,1.12
Standing,-1.73,9.3,3.06
Standing,-1.42,9.62,2.56
Standing,0.69,9.58,2.72
Standing,-0.84,9.72,1.46
Standing,0.08,9.85,1.46
Standing,-1.18,9.72,1.08
Standing,1.12,9.92,0.31
Standing,-1.18,9.7,1.08
Standing,-4.86,8.47,-0.27
Standing,-1.95,9.47,-1.65
Standing,-0.84,9.38,2.7240696
Standing,-6.47,7.16,1.38
Standing,-1.14,9.38,1.14
Standing,0.11,9.92,1.42
Standing,-0.99,9.53,2.83
Standing,1.57,9.92,0.9942854
Standing,-1.61,9.7,2.37
Standing,-4.9,8.5,-0.08
Standing,-0.99,9.43,-0.46
Standing,1.04,9.92,0.34
Standing,-2.03,9.66,-0.89
Standing,-1.27,9.38,1.18
Standing,-1.18,9.66,2.98
Standing,-1.53,9.81,0.69
Standing,0.19,9.81,1.5
Standing,1.04,10.04,-1.2666923
Standing,3.91,8.5,-0.04
Standing,-5.37,7.89,-1.12
Standing,-1.23,9.3,1.42
Standing,-0.23,10.0,0.61
Standing,-0.99,9.7,1.42
Standing,2.37,9.34,2.83
Standing,-0.65,10.61,3.68
Standing,2.45,9.34,0.23
Standing,2.49,9.34,2.79
Standing,2.11,9.7,0.19
Standing,-7.5,6.4,1.12
Standing,-1.04,9.38,-0.42
Standing,2.26,9.47,0.27
Standing,-0.95,9.66,2.64
Standing,-1.88,9.66,-0.91
Standing,1.99,9.72,0.99
Standing,-1.23,9.38,-0.27
Standing,-7.08,6.74,1.5
Standing,-0.95,9.43,-0.38
Standing,3.57,9.38,-1.88
Standing,-2.11,9.81,1.61
Standing,-5.75,7.67,-1.31
Standing,-1.92,9.7,-0.89
Standing,2.03,9.34,-0.53
Standing,-1.42,9.51,3.21
Standing,-7.44,6.36,1.33
Standing,-1.12,10.12,0.53
Standing,-1.14,10.0,0.95
Standing,7.04,5.13,3.49
Standing,-1.92,9.62,-1.12
Standing,1.12,9.96,0.38
Standing,-0.34,10.15,1.31
Standing,-1.38,9.43,3.11
Standing,-1.14,9.3,1.33
Standing,-2.83,9.53,0.95
Standing,1.88,9.85,1.0760075
Standing,2.98,8.96,-0.5
Standing,-4.63,9.11,-1.46
Standing,-1.42,9.81,0.69
Standing,-1.04,9.38,-0.5
Standing,-1.53,10.15,1.0760075
Standing,-1.31,9.38,1.46
Standing,-1.12,9.47,-0.42
Standing,-3.17,8.39,-1.12
Standing,-1.57,9.7,1.69
Standing,-1.33,9.85,0.89
Standing,4.1,8.43,-0.15
Standing,2.75,8.66,-0.08
Standing,-1.18,9.34,1.33
Standing,-1.99,9.66,-0.95
Standing,2.87,9.51,0.65
Standing,-0.95,9.53,3.11
Standing,0.89,9.89,-1.334794
Standing,-0.91,9.81,1.33
Standing,-1.69,9.81,1.12
Standing,-0.42,9.96,1.08
Standing,1.5,9.85,0.0
Standing,-1.14,9.38,1.12
Standing,6.05,7.63,0.15
Standing,0.23,10.15,-0.84446156
Standing,-8.01,5.98,-0.34
Standing,-3.26,8.43,-1.31
Standing,2.56,9.34,2.91
Standing,2.45,9.38,2.79
Standing,-1.12,9.77,0.95342433
Standing,0.8,10.31,-1.7978859
Standing,2.3,9.47,0.57
Standing,-8.01,5.6,-0.53
Standing,-1.18,9.62,2.87
Standing,1.76,9.7,-0.61
Standing,-1.92,9.66,-0.99
Standing,0.76,9.38,2.45
Standing,3.06,3.68,1.73
Standing,-1.46,9.77,0.69
Standing,-1.18,9.34,1.08
Standing,0.69,9.81,0.19
Standing,-1.33,9.53,2.96
Standing,0.04,9.81,1.46
Standing,-1.08,9.28,1.53
Standing,4.02,8.47,0.0
Standing,0.0,9.89,1.31
Standing,0.76,9.89,-1.7297841
Standing,-7.06,6.74,0.95
Standing,-0.91,9.38,2.7649305
Standing,2.68,9.28,2.83
Standing,1.12,9.92,0.23
Standing,-0.61,9.72,2.83
Standing,-0.84,9.47,2.6832085
Standing,-1.27,9.72,-1.76
Standing,-8.47,5.43,-1.5
Standing,1.92,9.81,0.9942854
Standing,-1.31,9.43,1.33
Standing,-0.3,10.0,0.84
Standing,-0.34,9.96,1.08
Standing,0.5,10.04,-1.0760075
Standing,-0.08,10.04,0.53
Standing,-4.86,7.97,-1.57
Standing,-1.33,9.62,1.1849703
Standing,-1.18,9.23,-0.57
Standing,-1.27,9.3,-0.23
Standing,-5.01,8.39,-0.15
Standing,0.34,9.7,-1.4573772
Standing,3.57,9.38,-1.73
Standing,1.73,9.85,0.92618364
Standing,-5.24,8.28,-0.42
Standing,-5.09,8.24,1.65
Standing,-0.23,9.96,0.61
Standing,-0.46,10.0,0.84
Standing,0.99,9.92,0.31
Standing,-2.03,9.66,-0.89
Standing,-8.12,6.02,0.5
Standing,-1.12,9.72,1.12
Standing,-1.12,9.47,-0.42
Standing,-1.27,9.38,3.3
Standing,-1.8,9.77,1.2666923
Standing,-1.04,9.85,-0.53
Standing,-1.14,9.77,1.46
Standing,0.04,9.92,1.42
Standing,-1.69,9.62,2.64
Standing,-0.93,9.3,1.31
Standing,1.46,9.58,3.3778462
Standing,-4.52,9.11,0.19
Standing,-2.03,9.3,0.5720546
Standing,-5.83,7.74,1.33
Standing,-8.43,5.24,-1.46
Standing,-1.57,9.66,2.6
Standing,2.56,9.3,2.83
Standing,-1.12,9.3,1.14
Standing,-3.45,8.35,-1.14
Standing,0.95,9.92,0.31
Standing,-7.5,6.28,-0.93
Standing,-1.08,9.43,-0.34
Standing,-5.33,8.12,1.33
Standing,-1.12,9.34,-0.42
Standing,-1.5,9.85,0.76
Standing,-1.04,9.34,1.46
Standing,-4.99,8.43,0.27
Standing,-2.41,9.51,1.5
Standing,-1.53,9.81,1.0351465
Standing,-7.97,5.83,-0.95
Standing,-1.23,9.51,2.98
Standing,-0.04,9.89,1.42
Standing,-2.07,9.77,0.93
Standing,3.45,8.2,0.5
Standing,3.64,8.35,0.38
Standing,-8.08,5.56,-0.8
Standing,-4.63,8.62,-0.5
Standing,1.76,9.34,0.19
Standing,-0.99,10.04,-1.27
Standing,-1.23,9.23,1.12
Standing,0.04,10.19,1.08
Standing,-4.94,8.43,-0.04
Standing,-0.72,9.47,2.6423476
Standing,1.65,9.85,1.1849703
Standing,-0.69,9.58,2.6832085
Standing,-0.19,9.96,1.04
Standing,-1.61,9.43,1.12
Standing,-3.38,8.43,-1.12
Standing,-0.61,9.47,2.7649305
Standing,0.42,9.85,-1.1441092
Standing,0.5,9.72,-1.525479
Standing,-1.04,9.43,1.38
Standing,0.95,9.96,0.34
Standing,-0.19,10.04,0.72
Standing,-6.51,6.82,-1.12
Standing,1.08,9.96,0.27
Standing,0.04,9.85,1.42
Standing,-1.42,9.43,2.4925237
Standing,-4.94,8.43,-0.15
Standing,-7.63,6.24,1.46
Standing,-8.24,5.67,-0.31
Standing,-5.37,8.2,1.38
Standing,-0.3,10.08,1.04
Standing,6.13,6.93,0.0
Standing,-0.84,9.43,2.7649305
Standing,-0.08,9.89,1.38
Standing,-1.38,9.81,2.26
Standing,3.34,9.58,-2.03
Standing,-1.95,9.62,-1.08
Standing,3.17,9.38,-1.88
Standing,2.03,9.47,0.53
Standing,-1.14,9.53,2.98
Standing,0.93,9.96,0.34
Standing,-1.33,9.38,2.4516625
Standing,-2.03,9.66,-0.99
Standing,-4.82,8.28,-1.27
Standing,-1.04,9.62,1.53
Standing,-0.89,9.85,1.04
Standing,-1.33,9.58,2.3
Standing,-0.65,9.89,1.76
Standing,1.04,9.89,0.38
Standing,1.08,9.92,0.38
Standing,-1.33,9.3,1.42
Standing,-1.5,9.85,0.65
Standing,0.11,9.89,0.95
Standing,-6.89,6.17,-0.5
Standing,-1.38,9.77,0.72
Standing,-1.5,9.81,0.84
Standing,-1.27,9.51,2.64
Standing,1.57,9.92,0.95342433
Standing,-2.11,9.38,-1.53
Standing,-1.27,9.47,0.88532263
Standing,-1.27,9.3,2.87
Standing,-1.12,9.34,-0.5
Standing,-0.08,9.89,1.42
Standing,-8.28,5.56,-0.11
Standing,-0.69,9.43,2.6832085
Standing,-1.42,9.77,0.76
Standing,1.8,9.23,3.7864566
Standing,-0.99,9.3,1.14
Standing,2.41,9.38,2.83
Standing,3.64,9.38,-2.03
Standing,-7.74,6.24,1.5
Standing,-1.69,9.81,0.95
Standing,1.14,9.81,-1.1168685
Standing,2.45,9.34,2.83
Standing,-0.69,9.77,2.72
Standing,-5.05,8.16,-1.08
Standing,-7.97,5.22,-1.38
Standing,-7.78,5.37,-1.69
Standing,2.18,9.47,1.54
Standing,0.19,9.92,-0.91
Standing,2.34,9.43,2.83
Standing,-1.27,9.51,2.83
Standing,-1.04,9.7,2.3
Standing,-1.33,9.3,0.84
Standing,-8.66,5.13,-0.53
Standing,-1.12,9.3,1.14
Standing,-0.69,9.43,2.6832085
Standing,1.42,9.81,0.72
Standing,-1.14,9.85,-0.99
Standing,-1.88,9.66,-1.08
Standing,-0.76,9.38,2.6423476
Standing,-8.39,6.82,-0.76
Standing,-1.76,9.58,1.31
Standing,-5.24,8.2,1.38
Standing,-1.23,9.34,1.61
Standing,-0.3,9.92,1.04
Standing,2.15,9.51,2.72
Standing,3.11,9.89,-0.23
Standing,-1.42,9.53,2.6
Standing,-0.5,9.81,1.12
Standing,0.95,9.89,0.19
Standing,0.99,9.96,0.31
Standing,-4.86,7.97,-1.42
Standing,0.84,9.7,-1.3756552
Standing,-1.57,9.77,0.34
Standing,-1.27,10.34,1.2258313
Standing,-5.43,7.78,-0.95
Standing,-1.42,9.81,0.57
Standing,-0.65,9.89,0.5
Standing,-1.5,9.89,0.84
Standing,-1.18,9.28,1.23
Standing,0.08,9.85,1.42
Standing,0.99,9.92,0.31
Standing,-0.99,9.47,3.34
Standing,-1.27,9.34,1.18
Standing,-1.57,9.51,2.64
Standing,1.61,9.92,0.95342433
Standing,-3.38,8.39,-1.18
Standing,-0.84,9.53,2.7921712
Standing,1.27,9.7,2.49
Standing,0.99,9.92,0.34
Standing,3.6,9.47,-1.65
Standing,-1.08,9.38,-0.42
Standing,-1.42,9.66,1.73
Standing,1.46,9.96,-1.1849703
Standing,-1.27,9.58,2.96
Standing,-1.23,9.47,3.06
Standing,-1.99,9.7,-0.95
Standing,0.31,12.03,-0.3
Standing,3.36,9.19,-0.04
Standing,-1.99,9.72,-0.91
Standing,0.46,10.04,-1.334794
Standing,0.72,10.15,-1.2666923
Standing,-1.14,9.66,2.34
Standing,-1.08,9.38,-0.42
Standing,-1.12,10.08,-0.5
Standing,1.04,9.89,0.31
Standing,1.65,10.04,0.84446156
Standing,3.68,9.28,-1.99
Standing,-1.14,9.92,1.4165162
Standing,0.99,9.92,0.38
Standing,-1.14,9.47,3.15
Standing,7.55,5.18,1.18
Standing,4.4,8.28,0.0
Standing,-0.89,9.34,2.8330324
Standing,5.94,7.55,0.0
Standing,3.49,9.43,-1.84
Standing,2.49,9.34,2.91
Standing,0.95,9.92,0.38
Standing,-1.57,9.53,2.96
Standing,-1.27,9.62,2.64
Standing,4.29,7.86,0.3
Standing,1.42,9.66,1.84
Standing,-0.38,9.96,0.5
Standing,0.95,9.92,0.31
Standing,-5.43,7.93,-0.8
Standing,3.34,9.43,-2.07
Standing,1.84,9.28,3.7864566
Standing,3.38,9.47,-1.88
Standing,-0.99,9.62,2.3699405
Standing,3.57,9.19,-2.26
Standing,-4.75,8.31,-0.8
Standing,-0.23,10.0,1.18
Standing,-1.18,9.3,1.31
Standing,-0.95,9.38,-0.57
Standing,-6.47,6.97,1.5
Standing,0.95,9.96,0.31
Standing,-2.91,8.62,-1.23
Standing,-0.19,10.19,-0.95342433
Standing,-5.22,8.05,-1.18
Standing,7.55,5.33,1.18
Standing,7.7,5.67,-0.23
Standing,-3.11,8.62,-1.04
Standing,-1.04,9.47,-0.46
Standing,-1.18,9.38,-0.5
Standing,-3.21,8.69,-1.33
Standing,3.57,9.38,-1.8
Standing,3.45,9.28,-2.22
Standing,2.34,9.53,0.5
Standing,-8.35,5.13,-0.72
Standing,6.02,6.89,0.04
Standing,-0.04,9.85,1.42
Standing,-0.5,9.96,1.18
Standing,-0.91,9.38,2.7649305
Standing,-1.42,9.66,2.37
Standing,1.33,9.62,-1.9885708
Standing,-3.11,8.5,-1.31
Standing,-1.08,9.38,-0.42
Standing,-1.76,9.51,2.22
Standing,-5.94,7.59,1.57
Standing,-1.8,9.81,0.27
Standing,-1.14,9.3,1.57
Standing,-4.99,8.39,-0.11
Standing,-0.19,9.53,2.6423476
Standing,-5.24,8.16,1.5
Standing,0.11,9.85,2.7649305
Standing,-1.12,9.47,-0.34
Standing,-1.12,9.43,-0.38
Standing,1.95,9.85,1.0351465
Standing,4.37,8.47,-0.08
Standing,1.5,9.96,0.95342433
Standing,-0.91,9.89,-1.23
Standing,3.45,9.3,-1.76
Standing,-0.84,9.51,2.98
Standing,0.8,9.77,-1.3075534
Standing,-1.08,9.43,-0.42
Standing,-1.27,9.3,1.18
Standing,2.45,9.43,2.79
Standing,-1.14,9.96,0.08
Standing,-0.76,9.81,1.14
Standing,-1.46,9.62,2.68
Standing,8.96,3.95,1.31
Standing,-4.56,8.81,0.23
Standing,1.14,9.66,-1.4573772
Standing,7.93,4.71,1.08
Standing,-1.5,9.7,1.1168685
Standing,2.03,9.51,0.42
Standing,1.04,9.7,-0.88532263
Standing,-1.12,9.43,-0.19
Standing,0.08,9.89,1.38
Standing,1.08,9.96,0.38
Standing,-1.14,9.34,1.38
Standing,3.11,9.0,-0.99
Standing,-1.27,9.85,-0.11
Standing,0.69,10.19,-1.1849703
Standing,-3.72,9.3,-1.61
Standing,-1.23,9.34,1.12
Standing,-1.08,9.43,-0.46
Standing,-1.31,9.34,1.31
Standing,-0.65,9.43,2.6832085
Standing,-7.59,6.28,1.33
Standing,-0.99,9.38,-0.46
Standing,-1.5,9.85,0.69
Standing,-0.3,9.96,-0.34
Standing,3.76,8.69,-0.15
Standing,1.92,9.7,1.04
Standing,-1.99,9.58,-1.31
Standing,-1.27,9.3,2.3426998
Standing,-6.24,7.55,1.27
Standing,-1.04,9.34,-0.23
Standing,-4.94,8.24,-1.14
Standing,-1.08,9.53,2.6
Standing,-1.46,9.81,0.65
Standing,-1.23,9.7,1.1441092
Standing,7.16,6.05,-0.72
Standing,0.99,9.92,0.27
Standing,-1.8,9.53,-1.38
Standing,-4.82,8.47,-0.5
Standing,2.64,8.05,4.2086873
Standing,-7.97,5.6,-0.99
Standing,3.34,8.16,0.08
Standing,0.38,10.08,-0.19
Standing,-6.09,7.5,1.38
Standing,-1.42,9.53,2.87
Standing,-1.99,9.58,-0.95
Standing,2.34,9.38,2.83
Standing,-0.57,10.0,1.12
Standing,-1.5,9.77,0.69
Standing,-1.61,9.81,1.08
Standing,3.53,9.3,-1.92
Standing,-0.19,9.89,1.31
Standing,-0.69,9.81,0.38
Standing,-0.08,9.89,1.38
Standing,-1.08,9.43,-0.5
Standing,-1.08,9.77,1.38
Standing,-1.08,9.43,-0.38
Standing,0.11,9.81,1.46
Standing,-0.04,9.85,1.5
Standing,-7.97,5.67,-0.34
Standing,-1.23,9.62,2.68
Standing,2.6,9.34,2.83
Standing,-1.08,9.43,-0.46
Standing,3.49,9.38,-1.84
Standing,-1.38,9.34,2.79
Standing,-0.11,10.0,-0.61291564
Standing,-1.31,9.47,2.91
Standing,2.49,8.73,-0.76
Standing,-2.6,9.72,2.22
Standing,-1.18,9.51,2.91
Standing,-0.99,9.85,2.64
Standing,-1.14,9.38,-0.38
Standing,-4.79,8.5,-0.19
Standing,2.53,9.3,2.83
Standing,-0.76,9.72,1.42
Standing,-0.8,10.0,-0.42
Standing,-1.53,9.66,1.1441092
Standing,-1.53,9.81,0.65
Standing,-8.31,5.18,-1.27
Standing,2.45,9.34,2.79
Standing,0.95,9.92,0.38
Standing,0.89,9.89,-1.2258313
Standing,0.15,9.81,1.18
Standing,2.98,8.66,-0.08
Standing,3.68,8.39,0.95
Standing,1.54,9.81,0.61
Standing,-1.33,9.7,1.1441092
Standing,-1.8,9.38,2.15
Standing,6.59,6.63,1.18
Standing,1.08,9.81,-1.2666923
Standing,5.86,7.31,0.11
Standing,-2.03,9.7,-0.89
Standing,3.6,9.34,-1.92
Standing,-1.84,9.81,1.84
Standing,-6.24,9.23,-0.08
Standing,1.12,9.92,0.38
Standing,-3.15,8.5,-1.18
Standing,-1.18,9.47,3.02
Standing,-0.42,9.43,2.4925237
Standing,-1.61,9.38,3.45
Standing,-4.99,8.43,-0.11
Standing,-7.82,5.43,-0.72
Standing,0.19,10.0,-0.08
Standing,-7.67,6.28,1.46
Standing,2.56,9.34,2.83
Standing,2.87,8.89,-0.65
Standing,-1.12,9.3,1.31
Standing,1.69,9.28,3.6774938
Standing,2.18,9.0,-0.38
Standing,-1.31,9.38,2.2201166
Standing,-0.5,9.89,0.61
Standing,7.7,4.99,1.08
Standing,-5.94,9.11,0.72
Standing,1.14,9.92,0.38
Standing,1.38,9.96,0.88532263
Standing,-0.69,9.38,2.6832085
Standing,-1.69,9.66,0.84446156
Standing,-8.31,5.56,-1.27
Standing,-0.69,9.51,2.7240696
Standing,2.75,8.81,-0.27
Standing,-4.9,8.54,-0.84
Standing,1.54,9.38,3.1054392
Standing,3.6,8.31,0.08
Standing,-1.95,9.62,-1.04
Standing,1.42,9.77,0.65
Standing,-1.18,9.47,2.64
Standing,2.07,9.34,0.8
Standing,-0.91,9.7,1.57
Standing,-6.05,7.46,1.42
Standing,-1.46,9.58,2.76
Standing,-5.18,8.31,-0.04
Standing,-0.99,9.38,-0.46
Standing,-1.12,9.38,-0.42
Standing,-4.6,8.01,-1.33
Standing,1.08,9.92,0.38
Standing,-4.79,8.85,1.42
Standing,-5.48,8.08,-1.23
Standing,-6.32,7.21,2.79
Standing,-1.04,9.43,-0.38
Standing,3.53,9.38,-1.8
Standing,-1.08,9.38,-0.53
Standing,-0.89,9.51,2.34
Standing,-4.63,8.43,-0.5
Standing,-3.3,8.43,-0.95
Standing,-1.14,9.51,3.53
Standing,-1.88,9.66,-0.91
Standing,-0.91,9.77,2.45
Standing,1.12,9.92,0.27
Standing,1.27,9.72,1.73
Standing,3.26,9.43,-1.88
Standing,5.71,7.46,-0.15
Standing,0.08,9.85,0.38
Standing,-0.23,9.92,0.5
Standing,3.38,9.47,-1.92
Standing,-0.89,9.85,1.5390993
Standing,-1.08,9.3,1.33
Standing,1.04,9.92,0.27
Standing,-7.74,5.79,-0.89
Standing,1.54,9.89,1.3075534
Standing,-1.38,9.81,0.46309182
Standing,-8.01,5.71,-0.65
Standing,-2.11,9.51,-1.8
Standing,-1.04,9.3,1.38
Standing,-0.11,9.96,0.65
Standing,-4.75,8.66,-0.27
Standing,-1.12,9.47,-0.5
Standing,-1.95,9.62,-0.99
Standing,-1.04,10.0,0.53
Standing,3.45,9.38,-1.88
Standing,-1.12,9.62,2.64
Standing,-1.65,9.66,0.84446156
Standing,4.21,8.01,0.61
Standing,1.61,9.92,1.1849703
Standing,-0.76,9.72,1.46
Standing,-1.08,9.53,2.83
Standing,-1.23,9.34,1.14
Standing,-3.34,8.43,-1.38
Standing,0.15,9.89,1.5
Standing,1.57,9.92,0.9942854
Standing,-7.67,5.67,-1.14
Standing,-1.69,9.92,0.38
Standing,-1.18,9.34,1.33
Standing,-1.61,9.19,2.76
Standing,3.38,9.38,-2.11
Standing,-0.95,9.66,3.02
Standing,3.49,9.3,-1.92
Standing,-1.27,9.23,1.33
Standing,-1.12,9.43,-0.38
Standing,3.95,9.53,0.72
Standing,-3.21,8.47,-1.31
Standing,-7.4,5.6,-0.72
Standing,2.22,9.58,0.11
Standing,0.0,9.85,1.5
Standing,0.93,9.96,0.38
Standing,3.57,9.34,-1.84
Standing,7.04,5.83,0.04
Standing,0.95,10.04,-0.88532263
Standing,-1.38,9.81,0.76
Standing,-1.23,9.58,2.91
Standing,0.27,10.0,-1.0760075
Standing,-1.18,9.51,2.4516625
Standing,-1.18,9.43,-0.27
Standing,-5.22,8.12,-1.12
Standing,-0.99,9.72,1.14
Standing,-8.35,5.52,-0.34
Standing,-5.22,7.89,-0.95
Standing,1.8,9.89,1.1168685
Standing,-1.95,9.66,-0.99
Standing,4.18,7.93,0.46
Standing,-3.49,9.62,-0.04
Standing,-5.41,7.74,-1.14
Standing,-0.8,10.0,0.42223078
Standing,-5.6,7.93,-0.89
Standing,-1.95,10.0,2.37
Standing,-1.12,9.28,1.33
Standing,-5.05,8.08,-1.38
Standing,-1.27,9.28,-0.23
Standing,-1.18,9.66,2.83
Standing,-6.09,7.55,1.5
Standing,-1.14,9.3,1.33
Standing,-1.08,9.47,2.3018389
Standing,1.84,9.7,0.65
Standing,-6.78,7.12,1.46
Standing,-8.01,5.6,-0.99
Standing,-1.12,9.38,-0.53
Standing,3.41,9.15,0.65
Standing,-2.87,10.34,1.99
Standing,-3.17,8.62,-1.23
Standing,-6.36,7.27,1.12
Standing,-1.38,9.43,2.91
Standing,2.56,9.53,0.76
Standing,-7.67,6.59,1.31
Standing,-1.33,9.58,3.41
Standing,3.15,9.3,1.04
Standing,3.53,9.3,-1.99
Standing,2.22,9.66,-1.23
Standing,6.24,6.89,0.0
Standing,-0.99,9.43,-0.53
Standing,-2.11,9.62,1.54
Standing,-1.14,9.38,1.08
Standing,1.08,9.92,0.31
Standing,-1.04,9.38,2.7649305
Standing,-1.18,9.92,0.5
Standing,-5.98,7.67,-1.12
Standing,-0.08,9.89,1.38
Standing,1.04,9.96,0.27
Standing,1.08,9.89,0.34
Standing,1.99,9.77,-1.0351465
Standing,-0.69,9.38,-0.19
Standing,-2.45,9.53,1.95
Standing,-0.69,9.51,2.7649305
Standing,0.89,9.92,0.23
Standing,-3.41,8.39,-1.23
Standing,-0.99,9.43,2.6423476
Standing,-0.11,9.89,1.38
Standing,-0.27,9.92,0.99
Standing,-1.53,9.77,0.84446156
Standing,-1.5,9.77,0.61
Standing,3.26,9.38,-2.07
Standing,-1.12,9.58,1.1441092
Standing,0.99,9.92,0.38
Standing,-1.42,9.47,2.6
Standing,-0.42,10.19,1.12
Standing,-5.52,7.93,-1.12
Standing,-2.26,9.62,1.95
Standing,-3.26,8.47,-1.27
Standing,-8.54,6.24,-0.76
Standing,-1.27,9.34,1.27
Standing,-1.33,9.47,2.76
Standing,-3.34,8.43,-1.08
Standing,1.08,9.96,0.34
Standing,-6.17,7.46,1.57
Standing,-1.12,9.23,1.31
Standing,-0.34,9.51,2.070293
Standing,0.23,9.85,1.46
Standing,-0.23,9.96,1.12
Standing,-2.03,9.62,-1.04
Standing,-0.95,9.38,-0.57
Standing,-8.08,5.41,-0.76
Standing,1.69,9.85,1.0351465
Standing,2.98,8.54,0.08
Standing,-1.31,9.66,1.9477097
Standing,-1.84,9.08,1.14
Standing,-1.5,9.7,2.41
Standing,2.53,9.38,2.91
Standing,-0.04,9.85,1.42
Standing,-5.22,8.12,1.31
Standing,-1.33,9.58,2.79
Standing,1.57,9.47,0.34
Standing,-0.38,10.0,-0.99
Standing,-3.34,8.35,-1.18
Standing,-5.01,8.54,-0.08
Standing,-0.76,9.96,0.61
Standing,7.97,4.6,1.38
Standing,-1.04,9.43,-0.53
Standing,-3.21,8.28,-1.08
Standing,-1.42,9.43,2.91
Standing,-1.61,9.7,0.7627395
Standing,-1.23,9.77,0.95342433
Standing,0.23,9.92,-0.9125633
Standing,-2.87,9.43,1.84
Standing,-0.11,9.85,1.33
Standing,-1.5,9.38,2.6014864
Standing,-7.46,6.13,-0.11
Standing,-0.53,10.04,0.23
Standing,-7.4,6.28,-0.89
Standing,1.5,9.34,0.72
Standing,-1.14,10.0,0.46309182
Standing,-1.23,9.23,1.31
Standing,-4.94,8.31,1.61
Standing,3.38,9.38,-1.99
Standing,-8.12,5.52,-0.5
Standing,-1.18,9.34,1.33
Standing,0.89,9.92,0.38
Standing,-1.08,9.34,1.31
Standing,-1.23,9.38,-0.38
Standing,8.01,4.75,2.22
Standing,-0.38,10.0,0.38
Standing,0.5,10.04,-1.3075534
Standing,3.68,9.34,-1.92
Standing,-4.75,8.43,0.0
Standing,-1.5,9.34,1.33
Standing,-0.34,10.0,0.93
Standing,-1.18,9.53,2.79
Standing,0.34,9.77,1.18
Standing,-5.24,8.12,-1.14
Standing,-7.74,5.79,-0.42
Standing,0.08,9.85,1.54
Standing,-1.04,9.81,-0.69
Standing,-0.69,9.43,2.6832085
Standing,-0.91,9.34,2.7921712
Standing,-1.46,9.81,0.61
Standing,-0.84,9.72,1.5
Standing,-2.03,9.62,-1.04
Standing,-0.99,9.38,-0.53
Standing,-0.95,10.0,-0.57
Standing,-0.15,9.89,1.38
Standing,7.59,5.05,1.31
Standing,-1.08,9.77,1.23
Standing,2.11,10.76,-1.84
Standing,0.53,9.92,-1.334794
Standing,-0.34,10.0,-0.3
Standing,-5.48,7.97,-1.18
Standing,-5.28,8.08,-1.23
Standing,-1.04,9.89,-0.76
Standing,7.97,4.6,1.23
Standing,-1.12,9.34,1.18
Standing,0.93,9.96,0.38
Standing,-1.46,9.28,1.18
Standing,1.46,9.72,0.31
Standing,1.14,9.92,0.34
Standing,0.0,9.89,1.31
Standing,-0.42,10.0,0.65
Standing,-7.55,6.51,-0.31
Standing,-4.9,8.24,-1.27
Standing,3.49,9.43,-1.84
Standing,4.02,8.39,-0.04
Standing,-1.38,9.58,2.0294318
Standing,-1.95,9.66,-1.04
Standing,-1.18,9.3,1.46
Standing,0.99,9.92,0.38
Standing,-1.04,9.38,-0.38
Standing,-7.74,5.41,-0.93
Standing,1.18,10.04,-1.1441092
Standing,-4.82,8.12,-1.23
Standing,-8.01,5.56,-1.12
Standing,-1.14,9.38,-0.42
Standing,-3.21,8.39,-1.14
Standing,-1.95,9.77,1.04
Standing,2.22,9.62,1.6889231
Standing,-0.11,9.58,2.4925237
Standing,-3.3,8.39,-1.27
Standing,-1.31,9.3,2.11
Standing,-8.2,6.09,-0.5
Standing,-2.75,9.58,3.11
Standing,-1.38,9.38,-0.42
Standing,-5.22,8.2,1.38
Standing,0.19,9.85,1.61
Standing,-0.57,9.62,2.76
Standing,-5.05,8.31,1.73
Standing,-4.75,8.66,-0.42
Standing,-1.08,9.47,-0.38
Standing,-6.89,6.85,-1.27
Standing,-0.61,9.7,1.69
Standing,-6.66,7.16,1.38
Standing,-1.04,9.38,2.7649305
Standing,2.56,9.34,2.83
Standing,-8.77,5.09,-1.08
Standing,-5.18,8.05,-1.18
Standing,0.0,9.89,1.61
Standing,-7.89,6.05,-0.11
Standing,-1.08,9.38,-0.46
Standing,-4.99,8.43,-0.19
Standing,1.08,9.92,0.34
Standing,-6.05,7.63,1.27
Standing,-5.18,8.01,-1.61
Standing,1.54,9.66,0.42
Standing,-1.18,9.34,1.42
Standing,-5.22,8.16,1.27
Standing,-1.04,9.43,-0.11
Standing,-1.8,9.66,-1.27
Standing,-1.61,9.77,1.0351465
Standing,-1.08,9.34,1.33
Standing,-1.88,9.77,0.50395286
Standing,1.27,9.0,-1.5
Standing,-1.18,9.89,-0.84
Standing,0.99,9.89,0.31
Standing,-1.8,9.38,0.7627395
Standing,-1.04,9.43,-0.5
Standing,-0.11,9.89,1.42
Standing,-2.11,9.72,0.61291564
Standing,-5.24,8.01,-1.54
Standing,0.27,9.85,-0.9942854
Standing,-1.23,9.77,1.08
Standing,1.76,9.89,0.92618364
Standing,-2.72,9.28,-3.17
Standing,-0.84,9.7,1.5
Standing,-7.97,5.86,-0.15
Standing,2.64,9.38,2.87
Standing,-6.47,7.12,1.5
Standing,-1.65,9.72,0.9942854
Standing,-1.46,9.85,0.72
Standing,-7.46,7.27,0.38
Standing,-7.35,6.78,-1.73
Standing,-1.31,9.43,1.38
Standing,-1.12,9.38,-0.42
Standing,0.99,9.96,0.31
Standing,-0.3,9.92,0.93
Standing,-3.26,8.47,-1.18
Standing,-4.94,8.54,0.72
Standing,-0.76,9.92,0.84
Standing,0.53,9.92,-1.4573772
Standing,-3.76,9.51,0.84
Standing,0.27,10.04,-1.0351465
Standing,-0.11,9.89,1.33
Standing,-0.8,9.72,1.54
Standing,-3.21,8.47,-0.95
Standing,-0.8,9.85,-0.57
Standing,3.76,8.43,-0.11
Standing,1.92,9.51,0.69
Standing,-0.89,9.47,2.98
Standing,-6.89,6.89,1.33
Standing,-5.33,8.16,-1.54
Standing,2.72,8.43,-0.31
Standing,-7.7,6.24,0.99
Standing,-1.38,9.51,1.92
Standing,2.53,9.38,2.83
Standing,1.84,9.85,1.3075534
Standing,-1.14,9.62,2.11
Standing,0.46,9.89,-1.1168685
Standing,-7.93,5.71,-1.33
Standing,1.69,9.96,1.334794
Standing,-1.18,9.38,-0.38
Standing,-5.86,7.63,1.61
Standing,-1.12,9.28,1.38
Standing,-1.12,9.34,0.99
Standing,-0.34,9.89,0.76
Standing,-1.92,9.81,1.04
Standing,0.04,9.96,1.14
Standing,1.38,10.0,-0.5
Standing,-3.3,8.43,-1.27
Standing,-1.8,9.85,0.23
Standing,-1.27,9.62,1.4573772
Standing,-1.84,9.72,1.14
Standing,-1.42,9.53,2.53
Standing,-1.12,9.43,-0.42
Standing,8.2,4.56,0.95
Standing,3.45,9.38,-2.03
Standing,-0.91,9.51,2.7240696
Standing,-7.27,6.63,1.18
Standing,-1.33,9.66,1.4165162
Standing,-1.31,9.43,2.45
Standing,-1.33,10.04,2.87
Standing,-1.5,9.96,1.31
Standing,-1.31,9.43,0.91
Standing,-8.01,5.56,-0.46
Standing,3.45,9.38,-1.95
Standing,-2.22,9.43,3.64
Standing,-1.46,9.62,0.9942854
Standing,-8.81,5.83,0.69
Standing,-1.12,9.34,1.5
Standing,-1.04,9.38,1.42
Standing,-0.53,10.23,0.15
Standing,-4.71,6.59,0.15
Standing,-5.05,8.43,-0.11
Standing,-7.25,6.7,1.38
Standing,6.47,5.01,0.42
Standing,3.45,9.3,-2.07
Standing,0.11,9.85,1.33
Standing,-0.84,9.38,-0.57
Standing,-4.82,8.5,0.04
Standing,-1.31,9.51,2.4108016
Standing,-1.5,9.47,2.68
Standing,-0.99,9.96,-1.18
Standing,-3.11,8.62,-1.33
Standing,-1.23,9.3,1.33
Standing,-7.55,6.51,1.65
Standing,3.3,9.34,-1.84
Standing,1.73,9.81,1.2666923
Standing,-5.43,8.05,-0.89
Standing,-4.99,8.2,1.57
Standing,1.42,9.92,1.1441092
Standing,-0.99,9.53,2.15
Standing,0.11,10.0,-0.42
Standing,2.6,9.66,0.76
Standing,-6.17,7.5,1.53
Standing,-1.08,9.58,2.34
Standing,0.04,10.0,-0.57
Standing,-7.86,5.24,-0.95
Standing,-1.33,9.51,2.72
Standing,-8.73,5.13,-0.65
Standing,0.04,10.08,-1.0351465
Standing,3.45,9.34,-1.95
Standing,-6.17,7.46,1.12
Standing,-1.23,9.38,1.23
Standing,0.23,9.38,1.69
Standing,-0.08,9.92,1.04
Standing,-1.18,9.85,2.37
Standing,-0.08,9.92,-0.46309182
Standing,-1.23,9.51,3.3
Standing,-0.99,9.47,-0.38
Standing,-0.95,9.77,3.11
Standing,-1.57,9.72,0.95
Standing,-1.33,9.81,1.31
Standing,1.84,9.51,2.7921712
Standing,-6.44,7.31,1.73
Standing,-1.38,9.62,2.68
Standing,1.69,9.96,0.9942854
Standing,1.08,9.96,0.34
Standing,-0.19,9.92,0.95
Standing,-8.16,5.6,-0.5
Standing,-1.04,9.34,-0.72
Standing,-0.42,10.04,-0.72
Standing,-1.12,9.43,-0.34
Standing,0.04,9.85,1.54
Standing,2.53,9.3,2.87
Standing,3.15,9.51,0.99
Standing,-1.23,9.58,2.53
Standing,-1.12,9.43,-0.46
Standing,0.93,9.81,-1.56634
Standing,-6.05,7.7,1.57
Standing,-0.57,9.92,-0.27
Standing,1.08,9.89,0.31
Standing,-1.38,9.89,0.84
Standing,-3.26,8.47,-1.18
Standing,-7.25,6.89,1.42
Standing,-0.99,9.43,-0.27
Standing,0.11,9.92,0.93
Standing,-8.81,5.43,-0.08
Standing,-5.13,8.2,1.42
Standing,-1.12,9.34,1.14
Standing,0.04,9.89,1.33
Standing,0.27,9.96,-0.7627395
Standing,-7.4,5.24,-0.57
Standing,-1.18,9.43,-0.34
Standing,0.0,9.85,1.33
Standing,-5.33,7.86,-1.61
Standing,-6.63,7.16,1.61
Standing,-1.95,9.7,-1.12
Standing,-2.11,9.62,-1.04
Standing,2.3,9.08,0.19
Standing,-0.04,9.85,1.38
Standing,-7.82,5.71,-1.08
Standing,-7.46,6.55,1.53
Standing,-4.33,8.35,-1.69
Standing,-0.69,9.53,2.5606253
Standing,-1.73,9.7,-1.14
Standing,-1.5,9.85,0.76
Standing,2.6,9.28,2.91
Standing,-6.21,7.67,1.33
Standing,4.02,8.05,0.42
Standing,1.84,9.89,-0.38
Standing,-1.76,9.66,1.1849703
Standing,-5.05,8.2,1.57
Standing,0.15,10.15,-0.7627395
Standing,-1.33,9.38,1.18
Standing,1.08,9.89,0.38
Standing,-4.82,8.85,0.38
Standing,-1.38,9.15,1.53
Standing,3.53,9.34,-1.99
Standing,-1.04,9.77,0.95342433
Standing,-0.95,9.51,2.83
Standing,2.49,9.11,-0.46
Standing,-1.42,9.7,2.22
Standing,1.08,9.92,0.31
Standing,0.99,9.89,0.27
Standing,-1.95,9.66,-0.89
Standing,-4.18,9.7,1.92
Standing,-1.38,9.47,3.21
Standing,-1.08,9.51,2.4516625
Standing,-1.14,9.47,-0.38
Standing,-0.61,9.15,4.25
Standing,-0.8,9.81,1.23
Standing,1.95,10.27,2.3
Standing,-0.95,9.66,0.93
Standing,1.04,9.92,0.34
Standing,-0.84,9.51,2.5606253
Standing,0.99,9.92,0.38
Standing,-5.01,8.39,1.31
Standing,1.54,9.85,0.9942854
Standing,0.8,10.12,-1.4982382
Standing,-5.56,7.97,-1.08
Standing,-5.41,8.01,-0.72
Standing,-1.18,9.34,1.23
Standing,-5.18,8.05,-1.42
Standing,-8.47,4.99,-0.95
Standing,0.08,9.85,1.5
Standing,2.18,9.66,0.65
Standing,0.19,9.81,-1.38
Standing,0.27,10.27,1.12
Standing,-1.04,9.43,-0.5
Standing,-1.08,9.43,-0.31
Standing,0.0,9.72,0.04
Standing,2.76,9.3,2.87
Standing,-0.84,9.38,1.04
Standing,0.61,9.92,0.15
Standing,-7.67,5.13,-1.23
Standing,0.08,9.7,-1.3756552
Standing,-5.56,7.89,-1.12
Standing,-0.93,9.34,1.53
Standing,-0.19,9.92,0.53
Standing,-0.91,9.38,2.6832085
Standing,-1.04,9.51,2.98
Standing,-0.76,9.58,1.1849703
Standing,-7.78,5.71,-0.61
Standing,1.76,9.89,1.0351465
Standing,-0.15,9.96,0.65
Standing,-8.69,5.9,0.99
Standing,-1.14,9.51,2.72
Standing,-0.95,9.43,-0.46
Standing,3.49,8.47,0.69
Standing,-1.14,9.77,2.68
Standing,-1.33,9.43,2.4516625
Standing,-0.15,9.92,1.04
Standing,-4.67,8.12,-0.42
Standing,1.42,9.85,0.31
Standing,-1.23,9.38,1.1168685
Standing,0.38,10.12,-1.1849703
Standing,-1.69,9.89,0.23
Standing,0.99,9.92,0.34
Standing,-2.11,9.89,0.31
Standing,-1.12,9.43,-0.42
Standing,-3.76,9.66,3.34
Standing,-3.38,8.47,-1.38
Standing,-0.34,9.72,1.42
Standing,-4.37,8.39,-1.73
Standing,-2.34,9.58,1.42
Standing,-1.46,9.62,1.1849703
Standing,-7.89,5.67,-0.57
Standing,-1.92,9.66,0.7218784
Standing,2.03,9.47,2.91
Standing,3.41,9.38,-1.95
Standing,0.23,9.81,1.57
Standing,-8.08,5.01,-1.33
Standing,-5.43,7.93,-1.14
Standing,-1.14,9.34,1.12
Standing,1.04,9.96,0.27
Standing,-1.5,9.81,1.5
Standing,0.93,9.72,-1.7978859
Standing,0.69,9.77,-1.7297841
Standing,-1.14,9.3,1.04
Standing,-1.5,9.38,0.99
Standing,-1.76,9.81,0.9942854
Standing,0.15,9.85,1.61
Standing,-2.07,9.62,-1.08
Standing,-8.43,5.52,-1.33
Standing,-5.18,8.01,-1.08
Standing,-4.59,8.69,-0.3
Standing,2.91,9.58,0.15
Standing,-0.34,9.77,0.84
Standing,-5.01,8.24,-1.12
Standing,-0.08,9.89,1.33
Standing,8.69,5.18,0.76
Standing,0.5,9.92,-0.7627395
Standing,0.0,9.92,1.42
Standing,1.73,9.85,1.0760075
Standing,0.04,9.89,1.42
Standing,-1.08,9.43,2.4925237
Standing,0.04,9.81,0.04
Standing,1.42,9.7,0.84
Standing,-1.61,9.66,2.6832085
Standing,-1.31,9.47,0.95342433
Standing,4.14,8.01,0.3
Standing,-1.12,9.96,-0.91
Standing,0.04,10.19,-0.34
Standing,-1.14,9.43,-0.34
Standing,-4.63,8.24,-0.8
Standing,-1.38,9.92,1.31
Standing,1.73,9.89,1.920469
Standing,-0.34,9.62,1.95
Standing,-5.83,7.67,1.42
Standing,-7.97,5.05,-0.69
Standing,-0.8,9.96,-1.04
Standing,-1.14,9.3,1.27
Standing,-0.65,9.77,1.2666923
Standing,0.15,9.85,1.54
Standing,1.08,9.92,0.15
Standing,3.53,9.28,-1.84
Standing,-5.2,8.24,0.65
Standing,-1.27,9.38,3.21
Standing,-4.9,7.97,-1.95
Standing,-1.08,9.38,-0.42
Standing,1.04,9.89,0.19
Standing,-1.14,9.38,-0.38
Standing,-0.42,9.89,0.88532263
Standing,-1.04,9.38,-0.5
Standing,-0.23,10.08,0.61
Standing,1.92,9.81,0.95342433
Standing,-0.27,10.15,-0.29964766
Standing,0.08,9.92,1.42
Standing,-1.95,9.62,-0.99
Standing,-1.84,9.58,-1.46
Standing,-5.01,8.35,-0.27
Standing,-0.95,9.47,2.64
Standing,1.57,10.31,-0.27
Standing,-1.08,9.62,2.56
Standing,-4.71,8.12,-0.15
Standing,-1.5,9.77,0.57
Standing,0.27,9.77,0.08
Standing,-0.11,9.85,1.42
Standing,-6.51,7.31,1.65
Standing,0.38,10.08,-0.72
Standing,-0.27,9.51,2.4925237
Standing,-3.38,9.47,-0.93
Standing,-1.12,9.38,-0.46
Standing,0.72,9.85,-0.8036005
Standing,-1.61,9.58,1.0351465
Standing,-1.99,9.66,-1.04
Standing,-2.41,9.23,3.38
Standing,-1.5,9.66,1.8
Standing,-1.12,9.43,-0.42
Standing,1.14,8.96,-0.72
Standing,-0.95,9.43,2.7240696
Standing,-0.27,9.92,1.23
Standing,-4.75,8.54,-0.42
Standing,-3.38,8.39,-1.08
Standing,-1.27,9.34,-0.27
Standing,-5.48,7.86,-1.73
Standing,-5.6,7.59,-1.42
Standing,-0.84,9.81,0.95342433
Standing,-3.79,5.79,-1.12
Standing,7.27,5.13,3.15
Standing,-2.83,9.43,1.08
Standing,0.34,10.0,-1.1168685
Standing,-0.38,9.47,-0.76
Standing,-1.14,9.47,-0.42
Standing,0.95,9.96,0.31
Standing,0.46,10.31,-1.525479
Standing,2.53,9.23,-0.69
Standing,-1.57,9.34,1.57
Standing,2.49,9.34,2.87
Standing,-1.14,9.3,1.33
Standing,-2.11,9.62,3.02
Standing,0.04,9.89,1.46
Standing,-8.31,6.02,0.38
Standing,-1.08,9.51,3.06
Standing,-1.18,9.47,1.27
Standing,2.53,9.38,2.87
Standing,-1.38,9.66,2.37
Standing,1.46,9.34,0.93
Standing,0.23,10.04,-0.65
Standing,2.3,8.73,-0.61
Standing,-7.31,6.47,0.5
Standing,2.41,9.38,0.69
Standing,-1.61,9.3,2.7240696
Standing,-3.72,8.35,-0.93
Standing,-1.33,9.77,0.89
Standing,3.26,9.38,-1.95
Standing,-1.14,9.89,2.11
Standing,2.34,9.51,0.99
Standing,-1.08,9.58,2.72
Standing,0.5,10.23,-0.7627395
Standing,1.65,9.89,1.2258313
Standing,-0.89,9.28,1.27
Standing,-1.5,9.81,1.08
Standing,-0.69,9.92,0.99
Standing,-0.53,10.08,-0.8
Standing,-0.99,10.0,1.23
Standing,0.99,9.89,0.34
Standing,4.02,8.47,-0.11
Standing,-0.89,9.51,2.6423476
Standing,2.3,9.53,1.38
Standing,1.31,9.47,0.84
Standing,-1.18,9.34,3.34
Standing,-1.27,9.38,-0.38
Standing,-1.31,9.51,2.4108016
Standing,-0.11,9.92,1.18
Standing,-1.61,9.51,2.070293
Standing,-1.95,9.58,-1.27
Standing,1.27,9.85,0.84446156
Standing,-6.4,7.25,1.61
Standing,-0.04,10.15,-1.0760075
Standing,-1.57,9.3,2.6423476
Standing,-1.53,9.34,3.17
Standing,2.3,8.96,-0.65
Standing,-1.53,9.38,3.3
Standing,0.0,9.89,1.42
Standing,-7.78,5.13,-0.57
Standing,-1.12,9.38,-0.34
Standing,2.41,9.43,2.76
Standing,0.11,9.89,1.5
Standing,-0.95,9.85,1.0351465
Standing,-4.9,8.47,0.04
Standing,-1.18,9.3,1.33
Standing,1.61,9.89,-0.27
Standing,2.56,9.34,2.87
Standing,-3.41,8.54,-1.12
Standing,-1.23,9.3,1.18
Standing,0.95,9.92,0.31
Standing,-8.31,5.56,-0.04
Standing,-8.01,5.67,-0.42
Standing,2.49,9.66,-0.08
Standing,1.65,9.85,1.1168685
Standing,0.31,9.58,3.1054392
Standing,-1.99,9.62,-0.99
Standing,-1.04,9.23,1.57
Standing,1.73,9.77,0.9942854
Standing,-0.11,10.08,0.93
Standing,1.5,9.81,-0.38
Standing,4.06,8.62,-0.11
Standing,-1.99,9.62,-1.12
Standing,-1.14,9.38,-0.57
Standing,2.56,9.38,2.87
Standing,-1.27,9.28,1.08
Standing,-1.53,9.81,0.57
Standing,-1.12,9.53,2.72
Standing,-1.73,10.19,0.89
Standing,-8.2,5.75,-0.57
Standing,2.18,9.34,0.3
Standing,-0.65,8.96,2.152015
Standing,-0.38,9.92,0.99
Standing,-6.4,7.78,1.69
Standing,-7.97,5.71,-0.72
Standing,0.11,9.81,1.5
Standing,-0.84,9.72,1.57
Standing,1.18,9.85,0.72
Standing,-0.8,9.77,1.46
Standing,-1.65,9.72,0.92618364
Standing,-1.5,9.89,-0.57
Standing,-4.71,8.58,-0.65
Standing,-1.18,9.92,2.45
Standing,-0.72,9.92,0.93
Standing,-1.73,9.77,0.42
Standing,-1.18,9.28,1.53
Standing,-0.04,9.92,1.54
Standing,1.38,9.7,-0.11
Standing,-1.31,9.51,1.27
Standing,-7.78,6.02,-1.14
Standing,-1.33,9.28,1.14
Standing,0.0,9.85,1.57
Standing,-1.88,9.3,0.95
Standing,-0.23,9.96,0.65
Standing,2.6,9.11,-0.76
Standing,-1.18,9.66,2.76
Standing,-1.14,9.34,1.33
Standing,-0.76,9.43,2.6832085
Standing,1.5,9.7,0.19
Standing,-1.5,9.77,0.69
Standing,-0.95,9.66,2.22
Standing,-7.97,5.6,-0.8
Standing,-6.51,7.25,1.61
Standing,-0.3,9.92,1.33
Standing,-0.91,9.47,2.7649305
Standing,-5.52,8.01,-0.99
Standing,-1.5,9.51,2.152015
Standing,-1.14,9.34,-0.38
Standing,-1.46,9.43,2.79
Standing,7.97,4.56,1.18
Standing,-5.01,7.97,-0.89
Standing,-4.99,8.54,-0.04
Standing,-7.93,5.22,-1.23
Standing,-4.99,8.43,-0.3
Standing,2.11,9.3,0.93
Standing,-1.38,9.43,3.38
Standing,-1.42,9.62,2.49
Standing,-1.12,9.58,2.070293
Standing,-0.04,9.89,1.46
Standing,6.17,6.89,0.19
Standing,-1.65,9.62,0.7627395
Standing,-1.04,9.38,-0.5
Standing,-3.26,8.35,-0.95
Standing,1.08,9.92,0.34
Standing,-5.01,8.39,0.0
Standing,2.26,9.34,2.72
Standing,-4.86,8.5,-0.5
Standing,-7.86,5.28,-1.31
Standing,0.5,9.96,-1.3075534
Standing,-0.5,9.51,3.57
Standing,-1.42,9.7,2.152015
Standing,-0.89,9.47,2.83
Standing,-1.42,9.58,2.22
Standing,-2.34,9.66,1.23
Standing,2.56,9.47,1.27
Standing,3.49,9.34,-1.88
Standing,2.11,9.08,-0.69
Standing,2.22,9.11,0.19
Standing,-7.86,5.56,-0.53
Standing,1.38,9.43,2.26
Standing,7.89,5.41,2.53
Standing,-0.53,9.72,1.2258313
Standing,-1.14,9.53,2.87
Standing,-1.04,10.0,0.53
Standing,-1.12,9.47,3.02
Standing,-0.3,10.0,0.69
Standing,-5.63,7.97,-0.95
Standing,-1.31,9.77,0.76
Standing,-5.63,7.74,-1.33
Standing,3.38,9.43,-1.8
Standing,2.03,9.89,0.23
Standing,-1.53,9.62,0.65
Standing,-6.55,7.27,1.42
Standing,-1.95,9.62,-0.95
Standing,2.03,9.7,1.23
Standing,-0.3,9.92,0.92618364
Standing,1.5,9.81,-2.26
Standing,-5.37,8.08,1.27
Standing,-0.95,9.43,-0.31
Standing,-0.84,9.43,-0.11
Standing,-5.28,8.2,-1.04
Standing,-1.92,9.66,-0.8
Standing,-1.14,9.47,-0.38
Standing,-0.99,9.7,1.5
Standing,-1.08,9.96,-0.91
Standing,2.45,9.38,2.79
Standing,-1.53,9.81,0.61
Standing,0.95,9.92,0.31
Standing,-0.23,9.92,1.14
Standing,-1.08,9.72,2.76
Standing,-1.14,9.47,3.11
Standing,-1.08,9.43,-0.5
Standing,-1.46,9.38,3.17
Standing,1.61,9.89,0.92618364
Standing,2.53,9.51,1.04
Standing,-4.75,8.24,-1.12
Standing,-7.06,6.82,1.61
Standing,-0.99,9.38,-0.46
Standing,-3.72,7.89,-1.14
Standing,3.53,9.34,-1.95
Standing,-6.7,6.7,-1.23
Standing,3.95,8.12,0.65
Standing,1.08,9.81,-1.1849703
Standing,0.93,9.89,0.31
Standing,-1.12,9.28,1.12
Standing,-1.18,9.28,1.27
Standing,-5.09,8.2,-1.38
Standing,0.95,9.96,0.31
Standing,-1.18,9.23,1.61
Standing,-1.14,9.3,1.18
Standing,-1.5,9.81,0.57
Standing,1.54,9.81,1.0760075
Standing,2.53,9.58,0.19
Standing,-4.44,8.35,-0.53
Standing,-0.8,9.81,2.79
Standing,-4.79,8.62,-0.15
Standing,-1.08,9.43,-0.38
Standing,2.15,9.58,0.84
Standing,2.22,9.62,1.08
Standing,0.99,9.92,0.27
Standing,-3.3,8.43,-0.99
Standing,-4.4,8.81,-0.34
Standing,3.38,9.47,-1.8
Standing,-1.08,9.58,2.76
Standing,-1.12,9.72,2.37
Standing,-4.9,8.5,0.0
Standing,-3.38,8.47,-1.23
Standing,-1.12,9.62,2.64
Standing,-5.67,7.89,-0.95
Standing,-3.34,8.58,-1.08
Standing,2.45,9.28,0.8
Standing,-0.04,9.96,-1.31
Standing,7.21,5.83,-0.76
Standing,-0.08,9.92,0.95
Standing,-1.46,9.81,0.61
Standing,-0.69,9.77,-0.15
Standing,1.84,9.85,1.0760075
Standing,-4.4,8.12,-1.04
Standing,-1.76,9.66,1.57
Standing,0.65,9.89,-0.9942854
Standing,2.53,8.66,-0.53
Standing,-1.27,9.53,2.96
Standing,0.15,10.0,-1.2666923
Standing,-0.04,10.12,-0.65
Standing,0.11,9.85,1.5
Standing,1.92,9.85,-0.23
Standing,-1.04,9.43,-0.42
Standing,-4.9,8.96,-0.19
Standing,-0.27,10.0,0.61
Standing,-0.11,9.92,1.27
Standing,0.95,9.92,0.23
Standing,3.64,9.3,-2.03
Standing,0.08,9.85,1.46
Standing,-1.27,9.43,-0.08
Standing,-0.99,9.43,-0.46
Standing,3.41,9.58,0.65
Standing,-0.95,9.3,1.04
Standing,-0.65,10.08,-0.5
Standing,-1.12,9.28,1.27
Standing,0.99,9.92,0.31
Standing,-3.17,8.43,-1.23
Standing,-3.15,8.5,-1.18
Standing,-1.12,9.38,-0.42
Standing,0.04,9.92,0.11
Standing,0.57,10.04,-1.607201
Standing,-2.03,9.72,0.7627395
Standing,2.53,9.34,2.91
Standing,0.04,9.85,1.42
Standing,2.3,9.72,-1.7570249
Standing,8.88,4.44,0.89
Standing,2.79,9.47,1.18
Standing,-0.95,9.34,-0.19
Standing,-7.08,6.21,-0.38
Standing,-6.55,7.16,1.57
Standing,8.43,4.44,1.46
Standing,-3.38,8.47,-0.99
Standing,-0.5,9.85,0.65
Standing,-5.43,7.82,-1.31
Standing,-1.08,9.19,1.5
Standing,-1.18,9.34,1.33
Standing,-8.16,5.71,-0.42
Standing,2.34,9.38,2.79
Standing,-3.41,8.28,-1.31
Standing,-3.26,8.5,-0.93
Standing,-6.63,7.12,1.38
Standing,-1.53,9.89,0.84
Standing,-1.12,9.34,1.27
Standing,-0.95,9.72,1.46
Standing,-1.04,9.34,1.08
Standing,1.99,8.69,-0.69
Standing,-0.89,9.96,-0.99
Standing,-1.14,9.3,1.27
Standing,-1.12,9.28,1.38
Standing,-3.3,8.39,-1.31
Standing,-1.38,9.3,2.87
Standing,-6.59,7.21,1.65
Standing,-0.91,9.7,1.54
Standing,6.09,6.78,0.0
Standing,1.14,9.85,0.23
Standing,2.6,9.3,2.87
Standing,-1.42,9.81,1.4982382
Standing,-0.99,9.72,2.68
Standing,-5.52,7.93,-1.12
Standing,-1.08,9.38,-0.46
Standing,-3.21,8.54,-0.95
Standing,-1.31,9.7,1.27
Standing,-1.14,9.28,1.57
Standing,0.23,9.85,1.46
Standing,-7.63,6.24,1.18
Standing,-6.28,7.44,1.5
Standing,2.6,9.58,0.89
Standing,-0.61,9.47,2.5606253
Standing,7.89,4.79,0.5
Standing,-1.33,9.72,0.95
Standing,0.65,9.85,-0.34
Standing,-1.27,9.3,1.33
Standing,-1.46,9.3,1.18
Standing,-1.08,9.43,-0.46
Standing,-0.08,9.92,1.42
Standing,-7.67,5.79,-0.38
Standing,-5.24,8.08,-1.23
Standing,-5.18,8.12,1.53
Standing,1.23,9.89,0.11
Standing,0.27,10.42,-1.4982382
Standing,0.99,9.92,0.31
Standing,6.36,6.78,-0.34
Standing,-0.53,9.89,0.95
Standing,2.53,9.3,2.87
Standing,-1.27,9.34,1.23
Standing,3.26,9.96,-0.23
Standing,-5.24,8.2,1.38
Standing,-1.33,9.51,2.98
Standing,-0.76,9.51,-0.31
Standing,-0.93,9.38,-0.5
Standing,-1.08,9.43,-0.46
Standing,-1.5,9.7,-0.76
Standing,-3.26,8.5,-1.46
Standing,-1.18,9.66,2.37
Standing,4.18,8.2,-0.11
Standing,-1.04,9.3,2.7921712
Standing,-1.18,9.89,-0.91
Standing,-1.18,9.43,-0.38
Standing,-7.63,5.75,-1.23
Standing,-0.27,9.96,0.5
Standing,-1.18,9.38,1.27
Standing,-1.23,9.34,1.23
Standing,-1.23,9.3,1.14
Standing,-1.42,9.47,2.6
Standing,-7.31,6.55,1.65
Standing,2.79,11.03,-1.27
Standing,-1.65,9.28,2.68
Standing,-1.12,9.38,-0.42
Standing,-5.24,8.12,1.38
Standing,-1.99,9.66,-0.91
Standing,-7.16,6.66,1.38
Standing,-8.31,4.86,-0.84
Standing,-7.97,5.71,-0.8
Standing,-1.92,9.11,1.42
Standing,-1.5,9.43,2.91
Standing,2.34,9.96,1.8
Standing,3.76,9.28,-1.88
Standing,-0.53,10.0,-0.38
Standing,4.14,8.5,-0.04
Standing,-0.53,9.96,-0.3
Standing,1.61,9.23,1.69
Standing,-7.59,5.37,-0.46
Standing,-3.34,8.47,-1.04
Standing,1.12,9.96,0.34
Standing,-1.57,9.53,2.56
Standing,-1.14,9.34,1.31
Standing,-0.11,9.89,1.42
Standing,2.45,9.7,-0.08
Standing,0.99,9.62,-1.3756552
Standing,-1.12,9.62,1.7978859
Standing,-0.91,9.7,1.5
Standing,-0.53,9.92,1.08
Standing,3.45,9.34,-2.11
Standing,1.84,8.62,0.04
Standing,-3.17,8.5,-1.27
Standing,1.08,9.92,0.34
Standing,-1.08,9.3,1.23
Standing,7.97,4.6,1.38
Standing,1.61,10.61,-0.23154591
Standing,2.07,9.3,0.8
Standing,-1.76,9.81,0.76
Standing,-1.84,9.43,2.49
Standing,-1.57,9.34,2.6
Standing,-7.78,5.37,-1.46
Standing,-0.8,9.47,2.6832085
Standing,-1.31,9.38,2.76
Standing,-1.23,9.3,1.27
Standing,-1.38,9.81,0.76
Standing,6.36,7.27,-0.15
Standing,-0.11,9.96,0.89
Standing,-7.93,5.41,-0.76
Standing,-1.08,9.81,1.95
Standing,-5.01,8.01,-1.14
Standing,-2.22,9.28,2.41
Standing,1.76,9.92,0.23
Standing,-0.04,9.85,1.33
Standing,-1.14,9.28,1.31
Standing,0.53,9.85,0.31
Standing,-1.5,9.28,2.4925237
Standing,-1.38,9.47,2.98
Standing,-1.95,9.08,2.18
Standing,0.0,9.89,1.31
Standing,-1.14,9.43,-0.31
Standing,-1.18,9.28,1.27
Standing,2.53,9.38,0.0
Standing,-0.69,9.53,2.5606253
Standing,-4.4,8.77,-0.15
Standing,-1.12,9.38,-0.53
Standing,-0.84,9.47,2.5333846
Standing,-2.18,9.51,-1.5
Standing,-1.57,9.77,0.57
Standing,1.04,9.92,0.34
Standing,-1.33,9.58,2.64
Standing,-1.5,9.34,2.72
Standing,-1.33,9.51,2.79
Standing,-1.42,9.34,3.02
Standing,-0.95,9.38,2.7649305
Standing,-2.03,9.62,-1.04
Standing,-0.95,9.43,2.6423476
Standing,-3.38,8.35,-1.33
Standing,-4.52,8.39,-0.99
Standing,0.89,9.66,-0.5720546
Standing,0.57,9.85,-1.2258313
Standing,-1.46,9.19,1.46
Standing,-3.06,8.47,-1.27
Standing,-1.31,9.77,0.76
Standing,-1.14,9.43,1.42
Standing,-1.14,9.3,3.26
Standing,1.61,9.89,0.88532263
Standing,-0.99,9.38,1.14
Standing,-1.42,9.89,0.57
Standing,0.15,9.85,1.54
Standing,1.38,9.85,-1.2258313
Standing,-0.99,9.38,2.7240696
Standing,0.84,9.51,2.53
Standing,-1.53,9.58,0.7627395
Standing,-2.91,9.23,0.99
Standing,7.86,4.21,2.6
Standing,3.45,9.38,-2.07
Standing,-0.93,9.34,-0.57
Standing,-1.23,9.62,2.53
Standing,-4.82,8.54,-0.11
Standing,3.34,9.38,-1.92
Standing,-1.18,9.34,1.31
Standing,-5.18,8.12,1.12
Standing,-3.17,8.54,-0.95
Standing,0.95,9.72,-1.879608
Standing,-1.69,9.89,1.0351465
Standing,3.76,9.15,1.54
Standing,-0.46,9.92,0.76
Standing,-3.26,8.47,-0.99
Standing,-5.43,7.93,-1.18
Standing,-7.4,6.44,1.5
Standing,2.68,9.38,-0.42
Standing,-1.5,9.53,1.0351465
Standing,-5.18,7.97,-1.14
Standing,-1.57,9.47,1.334794
Standing,2.56,9.38,2.91
Standing,-1.57,9.51,1.8387469
Standing,1.73,9.85,1.1441092
Standing,-5.09,8.24,1.31
Standing,-4.14,8.54,-2.07
Standing,-4.86,8.35,-1.46
Standing,-1.8,9.47,2.11
Standing,1.08,9.89,0.31
Standing,-1.14,9.3,1.46
Standing,-0.91,9.81,1.18
Standing,-4.86,8.43,-0.27
Standing,-1.08,9.47,-0.42
Standing,-5.05,8.28,1.46
Standing,-6.32,7.89,-0.34
Standing,-7.44,6.47,0.23
Standing,1.08,9.92,0.31
Standing,-7.7,5.67,-1.12
Standing,-0.76,9.34,2.7240696
Standing,-1.5,9.77,1.27
Standing,-1.33,9.51,2.79
Standing,-1.99,9.47,1.69
Standing,-0.46,10.0,-0.08
Standing,-4.99,8.39,-0.08
Standing,-5.83,7.78,1.38
Standing,-0.95,9.62,2.79
Standing,-8.01,5.79,0.3
Standing,1.69,9.85,0.88532263
Standing,-1.73,9.89,1.18
Standing,-3.3,8.35,-1.18
Standing,-1.08,9.92,-0.8
Standing,-0.08,9.89,1.42
Standing,-0.27,10.0,0.69
Standing,2.26,9.62,0.99
Standing,-0.91,9.77,0.46309182
Standing,-1.23,9.85,1.3075534
Standing,-0.89,9.96,0.34
Standing,-3.34,8.43,-1.33
Standing,1.84,9.89,1.1168685
Standing,-7.7,5.56,-1.23
Standing,-0.84,9.34,2.7649305
Standing,-0.65,9.38,2.4925237
Standing,-0.11,10.12,0.99
Standing,-4.67,7.74,-1.27
Standing,-1.27,9.92,0.76
Standing,-5.98,8.92,0.19
Standing,-3.34,8.5,-1.18
Standing,-1.61,9.43,3.21
Standing,-1.88,9.58,0.313268
Standing,5.94,6.85,-0.04
Standing,2.41,9.43,2.87
Standing,-1.33,9.43,2.15
Standing,-0.93,9.51,-0.27
Standing,-1.12,9.3,1.12
Standing,-4.56,8.39,-1.08
Standing,2.79,9.58,0.42
Standing,-0.38,9.85,0.72
Standing,-1.42,9.51,3.11
Standing,1.04,9.92,0.31
Standing,-8.12,5.28,-0.76
Standing,-1.23,9.38,1.38
Standing,-1.33,9.51,2.83
Standing,2.15,9.66,-0.34
Standing,-0.89,9.43,-0.15
Standing,-1.42,9.7,0.92618364
Standing,-0.8,10.04,-0.34
Standing,-5.05,8.2,0.99
Standing,-1.08,9.7,1.27
Standing,-5.41,7.89,0.76
Standing,-0.08,10.0,0.31
Standing,-4.82,8.54,0.08
Standing,-0.23,9.96,0.8
Standing,-1.92,9.66,-0.91
Standing,-5.37,8.01,-1.12
Standing,-1.12,9.34,1.23
Standing,1.04,9.92,0.15
Standing,7.86,4.63,1.14
Standing,1.04,9.92,0.31
Standing,-1.38,9.53,1.7978859
Standing,-1.53,9.85,1.61
Standing,1.54,9.62,-0.19
Standing,-0.95,9.7,3.83
Standing,-0.5,10.12,0.53
Standing,0.72,9.89,-1.4165162
Standing,-6.24,7.5,1.61
Standing,-0.99,9.62,2.56
Standing,-0.89,9.38,-0.46
Standing,4.1,8.39,0.15
Standing,-1.46,9.81,0.61
Standing,7.08,5.63,0.11
Standing,-0.46,9.92,0.95
Standing,-0.95,9.66,1.33
Standing,-2.14,9.85,0.46309182
Standing,-1.18,9.81,0.95
Standing,-5.52,7.97,-1.12
Standing,-1.18,9.34,1.23
Standing,-1.23,9.85,1.5
Standing,0.5,9.72,-1.9885708
Standing,7.93,4.63,1.18
Standing,-3.17,8.5,-1.12
Standing,-1.57,9.72,1.1168685
Standing,-0.5,9.23,1.61
Standing,-1.53,9.38,3.02
Standing,-1.27,9.43,3.06
Standing,-1.23,9.47,2.56
Standing,0.38,9.96,0.53119355
Standing,-1.12,9.53,2.96
Standing,-4.86,8.5,0.11
Standing,-4.94,8.47,-1.04
Standing,-1.23,9.34,1.23
Standing,-1.18,9.3,1.33
Standing,2.53,9.34,2.83
Standing,-1.27,9.96,0.61
Standing,3.95,8.24,0.11
Standing,-7.82,6.4,-0.38
Standing,3.41,9.38,-1.99
Standing,-1.12,9.3,1.42
Standing,-7.44,7.01,0.3
Standing,-0.08,9.85,0.27
Standing,-1.5,9.81,0.5
Standing,0.72,9.85,-1.7978859
Standing,2.22,9.51,2.79
Standing,-1.04,9.43,-0.5
Standing,-0.99,9.62,2.64
Standing,-1.27,9.51,2.91
Standing,-0.8,9.47,2.7240696
Standing,-1.33,9.81,0.8
Standing,-7.21,6.74,1.5
Standing,3.68,8.31,0.65
Standing,-1.53,9.81,0.72
Standing,1.57,9.81,1.1168685
Standing,-3.06,8.54,-1.23
Standing,-0.42,9.96,0.8
Standing,1.12,9.47,2.53
Standing,1.73,10.65,0.69
Standing,-0.89,9.43,-0.57
Standing,3.41,9.47,-1.99
Standing,-0.04,9.89,1.5
Standing,-1.42,9.77,0.72
Standing,-0.91,9.72,1.42
Standing,0.57,9.85,0.31
Standing,-4.02,9.3,0.65
Standing,-0.84,9.38,2.7240696
Standing,-1.14,9.77,0.88532263
Standing,-1.08,9.34,2.7921712
Standing,1.69,9.62,0.72
Standing,-3.41,8.54,-0.72
Standing,-5.05,8.31,-1.38
Standing,-1.04,9.51,2.79
Standing,-5.24,8.2,1.38
Standing,-7.93,5.09,-1.14
Standing,-2.11,9.58,-1.08
Standing,3.83,8.31,-0.08
Standing,-1.69,9.7,-1.23
Standing,1.08,9.62,0.8
Standing,-0.61,9.85,-1.57
Standing,-7.78,5.71,-0.69
Standing,-5.09,8.47,0.11
Standing,-1.42,9.28,2.79
Standing,-0.38,9.92,0.84
Standing,-1.23,9.43,-0.38
Standing,-1.14,9.23,1.61
Standing,7.46,5.28,-0.34
Standing,-1.23,9.89,-0.84
Standing,0.04,9.85,1.46
Standing,2.15,9.43,0.95
Standing,1.95,9.92,0.57
Standing,-4.82,8.5,0.0
Standing,-0.38,9.96,-0.53
Standing,-5.41,7.82,-1.5
Standing,1.84,9.81,1.1168685
Standing,-1.53,9.72,2.79
Standing,-3.21,8.58,-1.31
Standing,0.08,10.15,-0.5
Standing,-0.23,10.0,0.65
Standing,-1.14,9.34,1.12
Standing,-1.23,9.38,-0.42
Standing,-0.46,9.23,2.7921712
Standing,-1.99,9.62,-0.99
Standing,0.57,10.04,-1.2258313
Standing,-1.8,9.7,1.65
Standing,-5.05,8.2,1.5
Standing,8.01,4.52,1.18
Standing,-5.67,7.63,-1.31
Standing,-1.23,9.34,1.23
Standing,-5.05,8.12,1.31
Standing,-1.73,9.77,0.88532263
Standing,-7.4,6.09,-0.53
Standing,1.61,9.92,0.88532263
Standing,-3.34,8.58,-1.14
Standing,-5.37,7.97,-1.27
Standing,1.88,9.62,0.19
Standing,-8.58,5.86,1.08
Standing,-1.61,9.3,1.53
Standing,-7.82,6.32,1.31
Standing,-5.63,7.82,-0.57
Standing,-0.04,9.85,1.46
Standing,2.37,9.38,2.79
Standing,-5.22,8.2,1.61
Standing,-1.57,9.85,0.53
Standing,-0.84,9.53,2.5606253
Standing,-1.04,9.47,-0.46
Standing,3.41,9.43,-1.88
Standing,-7.82,5.56,-1.04
Standing,-5.18,8.16,1.38
Standing,4.63,7.89,1.14
Standing,1.04,9.92,0.34
Standing,-4.94,8.43,-0.27
Standing,-0.04,9.96,0.84
Standing,-0.04,9.96,0.76
Standing,-1.38,9.72,0.72
Standing,3.45,9.43,-1.8
Standing,-1.99,9.62,-0.95
Standing,-1.12,9.38,1.08
Standing,-5.28,8.5,-1.38
Standing,2.49,9.38,2.83
Standing,-1.61,9.53,2.37
Standing,-0.91,9.7,1.46
Standing,-2.03,9.62,-1.14
Standing,-0.08,9.72,0.72
Standing,-3.3,8.35,-1.08
Standing,-0.23,9.28,1.76
Standing,-5.13,8.16,1.57
Standing,-7.4,5.79,-1.38
Standing,-0.99,9.58,-0.08
Standing,3.02,8.24,0.69
Standing,1.08,9.96,0.38
Standing,-1.23,9.38,-0.27
Standing,-0.11,9.92,1.27
Standing,7.21,4.99,0.23
Standing,4.21,8.12,0.08
Standing,-1.12,9.77,1.2666923
Standing,0.19,9.85,1.61
Standing,-5.71,8.05,0.84
Standing,1.76,9.34,3.759216
Standing,2.6,9.34,2.79
Standing,-1.04,9.38,-0.5
Standing,0.72,9.81,-1.525479
Standing,-1.31,9.28,1.57
Standing,-1.14,9.38,-0.34
Standing,-0.65,9.43,2.7649305
Standing,-5.63,7.82,-1.46
Standing,-0.08,9.89,1.27
Standing,-5.22,8.05,-1.33
Standing,-0.57,9.77,1.7297841
Standing,-7.89,5.71,-1.46
Standing,-0.95,9.43,2.7921712
Standing,-1.04,9.43,-0.53
Standing,-1.57,9.19,2.64
Standing,-0.84,9.72,2.64
Standing,-1.57,9.72,1.69
Standing,-1.08,9.43,-0.38
Standing,-2.26,9.58,1.23
Standing,-0.99,9.66,2.1111538
Standing,3.53,9.43,-2.11
Standing,5.63,5.98,0.84
Standing,-1.27,9.3,1.27
Standing,-1.53,9.51,1.9885708
Standing,-1.95,9.7,-0.8
Standing,-1.08,9.43,-0.34
Standing,3.6,9.58,-1.38
Standing,-7.93,6.13,-0.23
Standing,-5.22,8.12,-1.08
Standing,-3.41,8.5,-1.23
Standing,-1.42,9.72,1.334794
Standing,0.93,9.92,0.23
Standing,-1.5,9.81,0.61
Standing,3.76,9.51,1.54
Standing,-1.42,9.85,0.65
Standing,-1.31,9.58,2.03
Standing,-4.94,8.43,-0.27
Standing,-7.01,6.82,1.14
Standing,-2.07,8.85,-3.3
Standing,1.73,9.92,1.0760075
Standing,-4.9,8.47,-0.23
Standing,-8.01,5.71,-1.33
Standing,0.95,9.96,0.27
Standing,0.08,10.12,-0.08
Standing,-1.38,9.47,3.21
Standing,6.66,6.28,0.04
Standing,3.38,9.51,-1.76
Standing,-1.14,9.3,1.53
Standing,-1.04,9.58,2.49
Standing,-4.9,8.54,-1.69
Standing,2.79,8.77,-0.65
Standing,-1.12,9.3,1.23
Standing,-3.17,8.35,-1.08
Standing,-1.84,9.66,-0.89
Standing,-4.44,8.28,-1.88
Standing,-4.99,8.85,-1.5
Standing,-1.99,9.62,-1.23
Standing,2.56,9.3,2.91
Standing,3.45,9.34,-1.88
Standing,1.8,9.81,1.1849703
Standing,-0.69,9.72,0.5
Standing,-1.42,9.85,-0.84
Standing,6.17,7.08,-0.08
Standing,3.49,9.62,0.57
Standing,-8.31,5.79,-0.15
Standing,0.34,10.23,-0.6537767
Standing,-0.99,10.53,2.45
Standing,7.86,4.82,1.08
Standing,-0.95,9.34,-0.5
Standing,3.68,9.38,-1.8
Standing,-5.09,8.12,-0.19
Standing,4.02,8.47,-0.11
Standing,-3.11,8.69,-0.69
Standing,-1.42,9.81,-0.69
Standing,0.99,9.58,-1.879608
Standing,-1.04,9.43,-0.46
Standing,3.76,8.24,0.5
Standing,-0.65,9.7,1.84
Standing,-1.95,9.58,-1.23
Standing,-3.3,8.43,-1.08
Standing,-2.03,9.62,-0.95
Standing,0.08,9.96,0.84
Standing,-2.56,9.62,2.18
Standing,-0.46,9.92,0.95
Standing,1.5,9.38,2.34
Standing,-1.46,9.77,0.27
Standing,-0.95,9.66,2.79
Standing,-1.69,9.81,0.57
Standing,-0.8,9.43,2.7649305
Standing,-4.9,8.47,-0.08
Standing,-0.76,9.96,-0.57
Standing,-0.76,9.43,2.7921712
Standing,-1.27,9.47,2.4925237
Standing,-8.96,5.41,0.95
Standing,0.95,9.92,0.23
Standing,-2.41,9.43,3.53
Standing,-1.8,9.51,2.76
Standing,3.53,9.28,-2.07
Standing,-1.14,9.34,-0.46
Standing,-8.35,5.56,-0.76
Standing,6.43,6.97,-0.04
Standing,-3.87,8.66,0.76
Standing,-0.38,9.96,0.89
Standing,-1.12,9.3,1.27
Standing,-1.12,9.15,1.53
Standing,3.83,8.2,0.53
Standing,-0.72,9.96,-0.34
Standing,-7.5,5.83,-1.12
Standing,-1.42,9.51,2.83
Standing,0.99,9.92,0.34
Standing,-5.28,7.97,-1.33
Standing,-8.62,4.71,-0.72
Standing,-3.06,8.5,-0.89
Standing,1.57,9.85,1.4165162
Standing,1.27,9.08,1.38
Standing,-4.37,8.73,-0.34
Standing,-1.08,9.47,-0.46
Standing,-6.63,7.08,1.57
Standing,0.15,9.89,0.5
Standing,-1.08,9.38,-0.42
Standing,-8.62,4.75,-0.42
Standing,-0.23,10.04,1.42
Standing,-7.5,6.32,1.14
Standing,-0.23,9.96,0.76
Standing,-0.99,9.72,3.26
Standing,-4.9,8.24,-1.33
Standing,-1.38,9.58,2.79
Standing,0.08,9.77,0.27
Standing,-3.21,8.5,-1.04
Standing,0.65,10.0,-0.88532263
Standing,-0.84,9.81,0.9942854
Standing,0.04,9.89,0.84
Standing,-4.94,8.47,-0.57
Standing,-7.44,6.59,0.69
Standing,-1.99,9.66,-1.12
Standing,-5.63,7.78,-1.38
Standing,-1.33,9.51,2.98
Standing,-8.31,5.75,-0.99
Standing,-1.14,9.96,-0.84
Standing,-1.46,9.81,0.8
Standing,3.95,9.3,-2.07
Standing,1.33,9.51,0.69
Standing,-1.23,9.89,-0.84
Standing,3.98,8.05,0.42
Standing,-8.08,5.52,-0.72
Standing,-0.65,9.92,0.8
Standing,-1.12,9.38,-0.46
Standing,-0.72,9.43,2.45
Standing,-1.27,8.39,3.99
Standing,-0.69,9.66,1.76
Standing,-2.34,8.92,2.22
Standing,-1.38,9.38,2.5333846
Standing,3.64,9.38,-1.69
Standing,-1.31,9.89,0.92618364
Standing,1.04,9.89,0.23
Standing,-1.04,9.43,-0.46
Standing,-0.42,10.0,0.8
Standing,1.04,9.81,-0.88532263
Standing,-0.61,9.92,0.89
Standing,-0.84,9.47,2.5333846
Standing,-7.82,5.83,-0.5
Standing,1.04,9.92,0.34
Standing,-1.18,9.77,0.95
Standing,-1.04,9.51,2.68
Standing,-7.63,6.28,1.42
Standing,0.93,9.43,-1.2666923
Standing,-1.33,9.3,1.08
Standing,-3.34,8.47,-1.14
Standing,-8.43,5.71,0.08
Standing,-1.5,9.43,2.4925237
Standing,-1.42,9.77,1.33
Standing,0.65,10.08,-1.1849703
Standing,-0.15,9.92,0.65
Standing,-6.13,7.67,1.73
Standing,1.08,9.66,-1.4982382
Standing,-7.44,6.51,0.69
Standing,2.6,9.34,2.79
Standing,-1.57,10.04,0.46
Standing,-1.76,9.43,3.26
Standing,-6.09,7.55,1.08
Standing,-0.84,9.72,2.34
Standing,-1.08,9.34,2.7649305
Standing,-1.04,9.43,-0.5
Standing,-1.27,9.51,2.83
Standing,-6.05,7.59,1.18
Standing,-0.99,9.38,2.7921712
Standing,-1.99,9.66,-1.08
Standing,0.04,9.89,1.27
Standing,-5.63,7.97,-1.04
Standing,-1.57,9.34,2.34
Standing,-1.84,9.7,-0.99
Standing,-3.49,8.39,-1.27
Standing,-1.57,9.47,3.06
Standing,0.15,10.27,0.76
Standing,-5.01,8.24,-1.04
Standing,-1.95,9.66,-1.04
Standing,-3.17,8.5,-0.99
Standing,0.15,9.7,0.19
Standing,-3.06,8.5,-0.93
Standing,-6.66,8.66,-2.22
Standing,-1.76,9.7,-1.31
Standing,-1.5,9.7,-0.72
Standing,-2.11,9.72,-1.23
Standing,-3.17,8.39,-1.14
Standing,-1.27,9.53,2.98
Standing,0.99,9.96,0.34
Standing,-1.92,9.7,-0.89
Standing,-0.76,9.47,2.7240696
Standing,-5.18,7.4,-0.72
Standing,-5.98,8.16,0.5
Standing,-1.95,9.66,-0.99
Standing,-5.75,7.97,1.27
Standing,-1.33,9.62,2.34
Standing,-1.08,9.38,1.31
Standing,2.18,9.08,0.04
Standing,-0.65,9.62,1.31
Standing,1.38,9.47,2.49
Standing,-6.09,7.59,1.23
Standing,-1.65,9.77,0.99
Standing,2.53,9.53,0.23
Standing,-0.19,9.96,0.76
Standing,-1.99,9.66,-1.04
Standing,-5.05,8.39,-0.19
Standing,-0.04,9.89,1.42
Standing,-0.57,9.43,2.7240696
Standing,-0.99,10.04,0.5
Standing,-0.89,9.58,0.04
Standing,-7.67,6.36,1.38
Standing,-1.04,9.3,-0.46
Standing,-0.89,9.38,2.7240696
Standing,-1.5,9.77,0.69
Standing,-7.06,6.82,1.42
Standing,-1.38,9.77,1.4573772
Standing,1.5,9.51,0.53
Standing,0.95,9.7,3.173541
Standing,1.18,10.0,2.11
Standing,6.36,6.74,0.04
Standing,-1.69,9.28,0.69
Standing,3.6,9.3,-1.99
Standing,2.72,9.11,-0.89
Standing,-3.38,8.5,-1.31
Standing,-1.04,9.38,-0.5
Standing,-1.14,9.7,2.49
Standing,8.27,5.01,3.34
Standing,3.49,9.43,-1.88
Standing,-1.12,9.89,-0.89
Standing,-1.23,9.89,-0.91
Standing,6.51,6.47,4.33
Standing,2.41,9.28,1.46
Standing,-0.15,9.89,1.38
Standing,1.54,10.08,-1.08
Standing,-0.89,9.51,2.7240696
Standing,7.82,4.56,1.12
Standing,1.69,9.81,1.334794
Standing,-0.84,9.92,1.27
Standing,-1.23,9.38,2.68
Standing,-1.14,9.38,2.96
Standing,-1.57,9.77,0.53
Standing,-5.09,8.24,1.46
Standing,-6.63,7.21,1.69
Standing,0.89,9.77,-1.0351465
Standing,-4.86,8.24,-1.46
Standing,-1.42,9.3,2.5606253
Standing,-1.08,9.43,-0.42
Standing,-1.46,9.72,0.69
Standing,-7.74,5.41,-0.61
Standing,3.02,6.05,0.57
Standing,-0.15,10.0,0.69
Standing,-1.12,9.38,-0.34
Standing,-1.88,9.66,1.42
Standing,-1.23,9.38,1.18
Standing,-1.14,9.43,-0.34
Standing,-2.37,9.77,1.69
Standing,-1.12,9.62,2.76
Standing,-7.06,6.89,1.14
Standing,-1.95,9.11,2.72
Standing,-5.6,7.89,-1.23
Standing,-2.03,9.66,-0.99
Standing,-1.04,9.3,-0.31
Standing,1.54,9.85,1.1849703
Standing,6.28,6.82,-0.08
Standing,1.27,9.96,0.8036005
Standing,-1.18,9.51,2.91
Standing,1.54,9.92,1.1849703
Standing,-1.14,9.3,1.33
Standing,-1.14,9.38,-0.34
Standing,-1.08,9.51,3.26
Standing,-1.27,9.81,0.93
Standing,-1.14,9.43,2.7649305
Standing,-0.08,9.92,-1.1849703
Standing,-1.08,9.72,1.42
Standing,-7.21,6.7,1.46
Standing,-8.01,5.24,-1.08
Standing,-1.18,9.43,-0.34
Standing,-0.53,9.43,2.4925237
Standing,-4.86,8.12,-1.76
Standing,-1.57,9.7,0.9942854
Standing,-1.12,9.38,-0.5
Standing,-0.23,10.0,0.61
Standing,-7.93,5.43,-0.93
Standing,2.15,9.85,0.23
Standing,6.89,5.48,0.99
Standing,-0.34,9.92,0.57
Standing,-1.73,9.66,0.7627395
Standing,-1.88,9.7,1.04
Standing,-1.04,9.38,2.8738933
Standing,-1.65,9.81,0.46
Standing,2.6,9.3,2.87
Standing,1.76,9.89,0.7627395
Standing,-1.8,9.51,2.87
Standing,-6.24,7.63,1.46
Standing,-3.21,8.35,-0.84
Standing,-1.14,9.34,1.18
Standing,-0.42,9.81,0.76
Standing,-3.3,8.43,-1.14
Standing,-1.08,10.0,-0.91
Standing,-8.47,4.25,-1.46
Standing,7.12,4.6,3.64
Standing,3.49,9.34,-1.84
Standing,-5.24,7.93,-1.54
Standing,-0.5,9.43,2.7921712
Standing,-1.18,9.77,0.95342433
Standing,-3.26,8.35,-1.27
Standing,-1.23,9.34,0.99
Standing,-1.92,9.3,3.6
Standing,1.95,9.43,1.12
Standing,2.49,9.34,2.87
Standing,0.08,9.89,1.42
Standing,0.99,9.96,0.38
Standing,-4.9,8.43,-0.27
Standing,1.04,9.92,0.23
Standing,-7.89,5.48,-1.42
Standing,-5.33,7.97,-1.14
Standing,-1.18,9.38,3.15
Standing,-0.95,9.34,1.33
Standing,-5.24,8.12,-1.18
Standing,0.57,10.12,-1.2258313
Standing,-3.02,8.54,-0.99
Standing,0.61,9.96,-0.88532263
Standing,-1.33,9.81,0.69
Standing,-1.46,9.77,1.0760075
Standing,-0.38,9.96,0.89
Standing,-3.26,8.39,-1.14
Standing,-1.5,9.81,0.38
Standing,-2.07,9.51,-1.73
Standing,-3.3,8.43,-1.38
Standing,-1.12,9.81,2.15
Standing,1.08,8.96,0.46
Standing,-3.26,8.47,-1.14
Standing,-0.5,9.89,0.65
Standing,-0.19,10.04,0.93
Standing,-1.18,9.34,1.31
Standing,-1.04,9.38,-0.42
Standing,-0.11,9.72,1.8
Standing,2.53,9.34,2.87
Standing,0.23,10.19,-0.7627395
Standing,3.72,10.27,0.15
Standing,-1.12,9.7,2.96
Standing,0.89,10.23,-1.3075534
Standing,-6.17,7.63,1.31
Standing,-1.88,9.04,2.79
Standing,-1.12,10.04,0.53
Standing,-0.11,9.89,1.38
Standing,-1.08,9.34,3.21
Standing,0.57,9.77,-0.9942854
Standing,-0.5,9.66,3.17
Standing,-1.04,9.43,-0.42
Standing,2.41,8.54,-0.38
Standing,0.99,9.89,0.19
Standing,3.72,9.34,-1.8
Standing,1.57,9.85,1.2258313
Standing,1.04,9.92,0.34
Standing,-1.14,9.43,-0.34
Standing,0.0,9.89,1.27
Standing,-1.12,9.38,-0.53
Standing,1.27,9.53,1.73
Standing,-5.48,7.93,-1.31
Standing,-2.49,9.43,-0.65
Standing,-2.03,9.66,-0.99
Standing,-0.76,9.15,1.76
Standing,8.31,3.34,-0.57
Standing,-0.95,9.38,2.7649305
Standing,-1.38,9.38,2.6423476
Standing,-1.18,9.7,2.64
Standing,-0.27,9.89,0.99
Standing,1.84,9.81,1.2258313
Standing,-5.09,8.2,1.5
Standing,-1.23,9.38,1.33
Standing,-5.05,8.16,-0.72
Standing,-1.04,9.62,2.68
Standing,1.73,9.47,1.8
Standing,-7.27,6.63,1.12
Standing,-1.53,9.51,2.64
Standing,-3.21,8.39,-1.33
Standing,1.5,9.85,1.1441092
Standing,-3.17,8.43,-1.23
Standing,2.72,9.53,0.76
Standing,-1.12,9.43,-0.38
Standing,-7.16,6.82,1.12
Standing,-0.91,9.53,2.91
Standing,-1.23,9.38,1.27
Standing,-1.04,9.38,-0.53
Standing,-6.02,7.55,1.14
Standing,-0.99,9.77,1.54
Standing,-1.57,9.7,1.65
Standing,0.95,9.92,0.27
Standing,-3.21,8.5,-1.23
Standing,-0.3,9.89,1.12
Standing,-1.18,9.34,1.38
Standing,-1.04,9.43,-0.38
Standing,-0.08,9.92,-1.7570249
Standing,-4.67,8.58,-0.04
Standing,-0.99,10.08,0.23
Standing,7.12,5.13,3.36
Standing,-1.46,9.53,2.49
Standing,-1.23,9.3,1.27
Standing,-1.14,9.38,1.23
Standing,0.15,9.85,1.54
Standing,3.41,9.34,-1.95
Standing,-1.31,9.43,2.4516625
Standing,-0.95,9.62,1.31
Standing,1.5,9.7,1.14
Standing,7.27,5.75,-0.76
Standing,3.83,8.31,0.57
Standing,-0.91,9.7,2.49
Standing,-0.5,9.85,1.18
Standing,-1.33,9.58,2.96
Standing,-0.95,9.62,2.83
Standing,4.29,7.86,0.76
Standing,-0.99,9.38,2.7921712
Standing,-0.42,9.96,-0.53
Standing,-5.05,8.35,-0.23
Standing,0.8,10.12,-1.4573772
Standing,0.69,10.0,-1.0351465
Standing,-0.08,9.92,1.31
Standing,-1.08,9.53,2.96
Standing,-5.28,8.05,-1.18
Standing,-1.18,9.3,1.31
Standing,-0.15,9.58,1.76
Standing,-0.99,9.43,2.6832085
Standing,-6.78,6.74,-1.18
Standing,-5.01,8.39,-0.15
Standing,-0.04,9.96,0.84
Standing,-1.14,9.92,-0.72
Standing,-1.92,9.58,1.8
Standing,1.08,9.96,0.34
Standing,0.11,9.89,0.95
Standing,-1.12,9.43,-0.31
Standing,-1.31,9.77,0.89
Standing,-1.23,9.96,-1.04
Standing,-5.41,8.2,-0.34
Standing,6.4,6.63,1.31
Standing,-1.08,9.62,2.64
Standing,-0.19,9.92,-0.19
Standing,0.99,9.92,0.34
Standing,0.61,10.08,-1.1168685
Standing,-3.34,8.43,-1.12
Standing,-1.27,9.85,0.6537767
Standing,-5.05,8.92,-0.23
Standing,-1.92,9.58,2.22
Standing,3.49,9.43,-1.73
Standing,-1.08,9.47,-0.42
Standing,1.38,10.27,-1.56634
Standing,-8.08,5.28,-1.27
Standing,-7.59,6.32,1.5
Standing,-5.2,8.35,0.0
Standing,-5.09,8.16,1.57
Standing,-1.38,9.81,0.9942854
Standing,-8.39,5.75,0.11
Standing,-1.46,9.81,0.72
Standing,-1.14,9.62,2.83
Standing,0.11,9.85,1.61
Standing,1.54,9.3,2.34
Standing,0.93,9.53,1.31
Standing,-7.5,6.51,0.65
Standing,-1.04,9.43,-0.42
Standing,-1.95,9.66,-1.08
Standing,-1.23,9.81,0.99
Standing,-2.22,9.47,-1.46
Standing,0.31,8.2,3.3
Standing,4.14,8.73,5.243834
Standing,0.84,9.92,-0.9942854
Standing,-5.86,7.67,-1.14
Standing,-0.15,9.89,0.38
Standing,2.49,9.51,0.95
Standing,-1.18,9.62,2.72
Standing,0.76,9.92,-1.7297841
Standing,-1.46,9.38,0.42
Standing,-0.8,9.38,2.7649305
Standing,-1.18,9.62,2.1792557
Standing,-1.38,9.92,0.53
Standing,-8.5,5.33,-0.19
Standing,-1.73,9.23,2.79
Standing,6.55,5.75,0.5
Standing,-1.18,9.34,1.18
Standing,-1.46,9.77,0.57
Standing,-1.53,9.85,0.69
Standing,0.0,9.81,0.15
Standing,0.99,9.92,0.34
Standing,-1.65,9.85,1.27
Standing,-1.23,9.34,1.18
Standing,0.42,9.85,2.5333846
Standing,-1.61,9.92,0.89
Standing,-0.61,10.12,0.72
Standing,-0.84,9.43,2.7649305
Standing,-0.53,9.77,2.49
Standing,-1.84,9.62,1.57
Standing,3.45,8.39,-0.53
Standing,-0.99,9.96,-0.72
Standing,-1.14,9.58,2.49
Standing,3.53,9.34,-1.99
Standing,-7.06,6.74,1.46
Standing,-7.97,5.52,2.56
Standing,-1.08,9.72,1.54
Standing,-1.46,9.51,3.34
Standing,-1.18,9.38,-0.42
Standing,-4.9,7.63,-1.46
Standing,-1.33,9.85,1.2666923
Standing,0.8,9.72,1.33
Standing,0.11,9.85,1.42
Standing,-1.95,9.66,-0.99
Standing,-1.12,9.43,-0.46
Standing,-5.22,8.05,-1.27
Standing,-0.3,9.47,1.14
Standing,0.11,9.89,1.38
Standing,-0.95,9.38,-0.5
Standing,2.53,9.38,2.87
Standing,-3.02,8.58,-0.93
Standing,0.38,9.81,0.5
Standing,-7.97,5.52,-0.84
Standing,-7.59,6.63,-0.53
Standing,-3.21,8.39,-1.04
Standing,-5.18,8.16,1.57
Standing,-5.22,8.16,1.27
Standing,-0.91,9.53,2.79
Standing,3.38,9.47,-1.92
Standing,-1.18,9.53,2.98
Standing,-1.27,9.53,2.76
Standing,-0.76,9.53,3.11
Standing,0.11,9.89,1.27
Standing,-1.18,9.28,1.5
Standing,-1.23,9.58,2.07
Standing,-6.05,7.63,1.57
Standing,-0.61,9.81,2.49
Standing,-1.33,9.38,2.5333846
Standing,-1.69,9.81,0.6537767
Standing,1.04,9.92,0.31
Standing,-1.08,9.7,1.42
Standing,-1.23,9.89,0.46
Standing,-1.08,9.38,-0.27
Standing,-1.14,9.38,-0.38
Standing,-5.09,8.08,-0.23
Standing,-0.72,9.62,2.96
Standing,-6.55,7.31,-1.12
Standing,-3.17,8.35,-0.89
Standing,-1.14,9.28,1.38
Standing,1.69,9.34,1.88
Standing,-1.08,9.43,-0.5
Standing,-6.59,6.93,-1.14
Standing,-0.99,9.28,0.65
Standing,-3.17,8.47,-0.84
Standing,-5.6,8.01,-0.65
Standing,6.74,5.6,-0.5
Standing,-1.84,9.62,-1.08
Standing,-0.11,9.96,0.69
Standing,-0.8,9.47,2.6423476
Standing,-1.99,9.85,0.5720546
Standing,-0.19,10.04,0.38
Standing,-1.08,9.47,-0.5
Standing,-0.99,9.38,-0.38
Standing,-0.15,10.0,-0.7218784
Standing,2.26,9.62,1.08
Standing,-1.14,9.34,1.31
Standing,-5.41,7.86,-1.38
Standing,-1.14,9.38,-0.23
Standing,-0.95,9.72,1.27
Standing,-3.17,8.62,-0.76
Standing,-1.31,9.89,0.88532263
Standing,-0.08,9.85,1.5
Standing,1.46,9.92,1.1441092
Standing,3.87,8.5,-0.04
Standing,-1.12,9.43,-0.34
Standing,-8.16,5.37,-1.08
Standing,-0.91,9.62,2.91
Standing,0.11,9.85,1.46
Standing,-2.03,9.72,1.04
Standing,0.93,9.89,-1.2666923
Standing,-0.89,9.77,1.5
Standing,2.53,9.34,2.91
Standing,-3.26,8.39,-0.95
Standing,-1.53,9.81,0.61
Standing,-0.76,9.7,1.56634
Standing,-1.23,9.34,1.27
Standing,-6.05,7.5,1.38
Standing,1.04,9.92,0.15
Standing,-0.46,9.3,2.7649305
Standing,-1.18,9.23,1.18
Standing,1.57,9.66,1.08
Standing,-0.8,9.92,-0.95
Standing,-0.8,9.77,1.46
Standing,6.47,6.93,-0.04
Standing,-1.18,9.3,1.61
Standing,-0.19,9.85,1.42
Standing,-1.73,9.58,0.50395286
Standing,-0.38,10.15,-0.15
Standing,-5.33,8.2,1.27
Standing,1.8,9.62,1.9477097
Standing,-1.23,9.7,2.76
Standing,2.22,9.19,-0.27
Standing,2.45,9.34,2.91
Standing,1.69,9.3,3.636633
Standing,-1.18,9.34,1.31
Standing,-1.23,9.58,2.91
Standing,1.04,9.62,0.57
Standing,-0.72,9.96,0.93
Standing,-8.2,5.09,-1.54
Standing,-0.19,10.15,0.61
Standing,-1.18,9.81,0.89
Standing,-5.48,7.82,-1.12
Standing,-0.76,9.66,1.5
Standing,1.69,9.38,3.718355
Standing,1.92,9.81,0.46
Standing,-0.84,9.72,1.42
Standing,5.79,7.31,-0.31
Standing,-1.38,9.85,1.3756552
Standing,-6.17,7.5,-0.04
Standing,0.57,10.04,-0.95342433
Standing,-4.9,8.43,-0.23
Standing,-7.89,5.52,-0.8
Standing,-1.31,9.43,2.79
Standing,-1.18,9.34,-0.53
Standing,-8.69,4.94,-0.61
Standing,1.04,9.92,0.34
Standing,-1.27,9.47,3.02
Standing,-1.88,9.66,-1.12
Standing,-5.37,7.93,-1.14
Standing,0.65,10.23,-1.2258313
Standing,-2.07,9.7,-0.89
Standing,4.02,8.12,0.0
Standing,0.23,9.58,0.95
Standing,-8.35,5.09,-0.69
Standing,1.57,9.89,0.95342433
Standing,-0.23,9.92,1.27
Standing,1.46,10.0,0.61291564
Standing,-0.23,9.89,1.04
Standing,0.99,9.92,0.27
Standing,-1.18,9.28,1.27
Standing,-6.44,7.25,1.27
Standing,-1.23,9.34,1.31
Standing,-0.99,9.47,-0.42
Standing,-1.08,9.81,1.18
Standing,-1.12,9.77,1.04
Standing,-8.96,4.94,-1.12
Standing,-0.5,9.85,0.95
Standing,0.76,9.23,-1.920469
Standing,-0.89,9.7,2.87
Standing,-1.18,9.11,1.04
Standing,1.04,9.89,0.42
Standing,0.99,10.15,-1.56634
Standing,-1.88,9.66,-1.12
Standing,-0.76,9.66,2.45
Standing,-5.22,8.16,1.65
Standing,-1.5,9.85,0.72
Standing,-3.26,8.47,-0.84
Standing,-1.23,9.53,2.96
Standing,-0.61,9.92,0.5
Standing,3.34,9.43,-1.88
Standing,3.49,9.28,-2.03
Standing,2.37,9.77,0.53
Standing,3.45,9.34,-1.92
Standing,-5.9,7.27,1.38
Standing,-1.08,9.38,-0.5
Standing,-7.7,5.98,0.3
Standing,1.12,9.92,-0.95342433
Standing,-1.38,9.58,2.56
Standing,3.49,9.43,-1.84
Standing,-4.71,8.54,-0.3
Standing,-1.27,9.43,2.87
Standing,-8.24,5.63,-0.27
Standing,0.89,9.96,0.34
Standing,2.49,9.34,2.79
Standing,-0.76,9.85,0.5720546
Standing,-1.38,9.77,0.84
Standing,-1.18,9.72,2.34
Standing,3.57,9.43,-1.92
Standing,1.23,9.58,3.15
Standing,-1.18,9.62,2.56
Standing,-3.17,8.43,-0.99
Standing,-7.59,6.36,1.42
Standing,1.27,9.7,-0.27
Standing,-1.18,9.96,0.46
Standing,-5.33,7.93,-1.33
Standing,-0.08,9.89,1.33
Standing,-1.08,9.43,-0.46
Standing,-1.12,9.38,-0.46
Standing,0.99,9.92,0.27
Standing,-4.9,8.39,-0.27
Standing,-0.84,9.77,1.57
Standing,-4.9,7.97,-1.33
Standing,7.78,4.82,1.23
Standing,-1.23,9.34,1.38
Standing,-2.07,9.62,-1.14
Standing,-1.08,9.38,-0.46
Standing,1.61,9.96,1.1441092
Standing,-1.14,9.28,1.42
Standing,-1.92,9.53,2.91
Standing,-6.55,7.25,1.33
Standing,-5.18,8.12,1.38
Standing,-1.18,9.34,2.79
Standing,-0.89,9.85,-0.27
Standing,0.15,9.89,-1.2258313
Standing,-1.04,9.77,2.18
Standing,-5.67,8.01,-0.57
Standing,-1.23,9.3,0.99
Standing,-0.08,9.92,0.61
Standing,0.0,9.92,1.42
Standing,-1.18,9.3,1.31
Standing,-1.73,9.77,0.65
Standing,1.69,9.92,0.95342433
Standing,2.53,9.47,1.12
Standing,-3.21,8.35,-1.27
Standing,-1.04,9.47,-0.38
Standing,-1.38,9.58,2.98
Standing,-4.52,8.66,-0.04
Standing,-1.53,9.58,3.11
Standing,-1.18,9.47,3.45
Standing,-1.99,9.66,-1.08
Standing,2.56,9.3,2.91
Standing,2.6,9.3,2.87
Standing,0.69,9.58,-1.920469
Standing,-5.22,8.16,1.42
Standing,8.2,4.75,1.53
Standing,-1.04,9.34,-0.5
Standing,-0.8,9.66,1.73
Standing,-1.08,9.47,-0.46
Standing,-7.86,5.63,-0.89
Standing,1.54,9.92,1.0760075
Standing,-4.1,9.28,0.5
Standing,-0.99,9.72,1.54
Standing,-0.99,9.43,-0.42
Standing,-3.15,8.54,-0.65
Standing,-1.42,9.7,2.37
Standing,-1.14,9.34,1.23
Standing,-1.08,9.38,2.6
Standing,-0.91,9.51,2.87
Standing,7.16,5.83,2.6
Standing,-0.91,9.72,1.54
Standing,-1.33,9.7,1.42
Standing,-1.61,9.47,2.98
Standing,-0.8,9.89,1.57
Standing,-1.18,9.3,1.46
Standing,0.76,9.47,2.56
Standing,-1.33,9.53,2.76
Standing,-8.73,5.41,-0.15
Standing,-1.23,9.34,1.18
Standing,-1.38,9.77,0.89
Standing,-0.95,9.34,0.9942854
Standing,-7.59,6.32,1.04
Standing,2.15,9.34,1.61
Standing,-1.08,9.38,2.7649305
Standing,-8.66,5.22,-0.31
Standing,-1.31,9.15,1.14
Standing,-0.61,10.12,-0.5
Standing,-1.88,9.92,1.65
Standing,-0.95,9.66,2.6
Standing,1.61,8.92,-0.5
Standing,0.53,9.28,1.84
Standing,-1.14,9.53,2.79
Standing,-1.04,9.43,-0.42
Standing,-1.31,9.34,2.96
Standing,-0.38,10.0,-0.53119355
Standing,3.41,9.34,-2.03
Standing,-8.24,5.41,-1.27
Standing,-1.42,9.58,2.45
Standing,-7.78,5.67,0.65
Standing,-1.12,9.43,-0.42
Standing,-1.8,9.89,-0.95
Standing,-0.23,9.89,0.69
Standing,-1.61,9.81,1.99
Standing,-3.06,8.5,-0.99
Standing,-7.97,5.83,-1.38
Standing,-1.76,9.72,-1.18
Standing,-1.23,9.3,1.18
Standing,-1.08,9.38,-0.38
Standing,-1.31,9.85,0.84446156
Standing,-0.8,9.77,1.27
Standing,-1.57,9.38,2.83
Standing,1.84,9.62,0.53
Standing,1.23,10.23,-1.57
Standing,-1.12,9.38,-0.46
Standing,1.27,9.92,-1.56634
Standing,-1.33,9.43,2.4516625
Standing,-0.95,10.0,-1.31
Standing,0.0,9.89,1.33
Standing,-7.4,6.55,0.65
Standing,-5.22,8.24,1.38
Standing,1.42,9.92,-0.23
Standing,0.8,9.7,2.9147544
Standing,-8.05,6.05,-0.31
Standing,-7.06,6.78,1.33
Standing,-8.58,5.63,0.34
Standing,-0.76,9.62,1.46
Standing,2.68,9.53,0.76
Standing,-1.76,9.81,0.19
Standing,-8.96,4.6,-1.27
Standing,-6.47,7.25,1.61
Standing,-1.04,9.43,-0.57
Standing,-0.65,9.66,1.8
Standing,0.61,9.96,0.23
Standing,-1.08,9.47,-0.27
Standing,-7.7,5.86,-1.38
Standing,-1.08,9.43,-0.42
Standing,-1.14,9.28,1.27
Standing,-1.14,9.38,2.3699405
Standing,-0.95,9.43,1.46
Standing,-0.65,10.08,0.42
Standing,3.49,9.34,-1.84
Standing,-1.23,9.3,1.38
Standing,-1.46,9.34,1.9477097
Standing,-5.28,8.24,1.27
Standing,-0.95,9.43,-0.42
Standing,-0.19,10.04,0.99
Standing,3.41,9.34,-1.99
Standing,-5.75,7.89,-0.46
Standing,-4.94,8.43,-0.27
Standing,-1.04,9.43,-0.42
Standing,-0.99,9.47,-0.27
Standing,-1.57,9.38,3.21
Standing,-3.26,8.47,-0.99
Standing,-1.23,9.3,1.23
Standing,-0.76,9.58,1.84
Standing,-3.3,8.54,-1.14
Standing,1.04,9.92,0.31
Standing,-0.95,10.0,-0.38
Standing,-1.23,9.62,2.96
Standing,-1.38,9.53,2.68
Standing,-1.38,9.53,1.9885708
Standing,-1.38,9.3,2.4108016
Standing,0.34,10.12,-0.57
Standing,-1.23,9.3,1.18
Standing,-0.34,9.89,0.99
Standing,1.04,9.96,0.34
Standing,-0.38,9.92,1.08
Standing,-1.95,9.58,-0.99
Standing,-1.08,9.38,-0.46
Standing,-3.38,8.5,-1.18
Standing,-1.23,9.66,2.41
Standing,-1.27,9.62,2.76
Standing,-5.22,8.24,1.38
Standing,-1.76,9.7,-1.14
Standing,-0.89,9.43,-0.65
Standing,2.49,9.38,2.83
Standing,-1.12,9.34,1.33
Standing,-1.99,9.62,-0.99
Standing,-1.27,9.3,0.91
Standing,-8.31,5.52,-0.93
Standing,3.49,9.3,-1.84
Standing,2.26,9.34,2.72
Standing,-1.38,9.43,0.65
Standing,-5.13,8.16,1.5
Standing,-0.15,9.85,0.99
Standing,0.93,9.92,0.31
Standing,-7.59,6.44,0.46
Standing,-4.94,8.2,-1.33
Standing,-1.31,9.3,-0.34
Standing,-5.94,7.12,-1.76
Standing,-1.23,9.62,2.79
Standing,-1.84,9.7,-0.89
Standing,-1.12,9.3,1.33
Standing,-1.61,9.85,0.31
Standing,0.11,9.77,1.14
Standing,-1.46,9.7,2.96
Standing,6.89,6.09,-0.11
Standing,-6.36,7.25,1.53
Standing,-3.57,9.08,-0.19
Standing,-1.18,9.47,-0.34
Standing,-1.69,6.93,5.05
Standing,-6.21,7.7,1.18
Standing,8.24,4.56,-0.69
Standing,-1.76,9.11,3.41
Standing,-1.95,9.3,0.5720546
Standing,-0.72,9.38,2.6423476
Standing,-0.04,9.89,1.42
Standing,1.54,9.81,0.7627395
Standing,1.12,9.92,0.23
Standing,-0.5,10.15,0.08
Standing,-1.57,9.47,2.8330324
Standing,-5.56,7.78,-1.38
Standing,-5.24,8.12,-1.14
Standing,-0.72,9.34,2.5333846
Standing,3.68,9.3,-1.84
Standing,-1.14,9.34,1.53
Standing,-0.72,9.7,1.46
Standing,7.59,4.86,0.46
Standing,0.08,9.72,-0.27
Standing,2.41,9.43,2.83
Standing,-0.5,9.66,0.23154591
Standing,2.64,9.38,-0.65
Standing,1.84,9.85,1.1441092
Standing,0.61,9.92,-1.0760075
Standing,-4.9,8.2,-1.54
Standing,3.49,9.3,-2.07
Standing,3.87,8.54,0.0
Standing,-0.89,9.77,2.26
Standing,-1.12,9.38,-0.34
Standing,-1.33,9.77,1.2258313
Standing,-0.89,9.92,1.0760075
Standing,-1.08,9.43,-0.38
Standing,-7.31,6.51,1.53
Standing,0.99,10.0,0.42
Standing,1.54,10.04,0.92618364
Standing,-4.99,8.43,-0.15
Standing,-1.04,9.72,0.95342433
Standing,4.29,8.28,0.08
Standing,1.61,9.89,1.4573772
Standing,-7.5,6.44,1.61
Standing,-1.04,9.47,2.6423476
Standing,-1.14,9.72,2.56
Standing,-1.23,10.12,0.19
Standing,-0.61,9.92,0.8
Standing,-1.61,9.51,3.11
Standing,6.32,6.47,-0.11
Standing,-5.52,8.54,0.15
Standing,-1.95,9.62,-0.95
Standing,-1.18,9.3,1.31
Standing,-1.14,9.38,2.5333846
Standing,0.76,9.89,-1.3075534
Standing,6.51,7.01,-0.08
Standing,2.6,9.0,-0.08
Standing,-4.82,8.5,-0.19
Standing,7.97,4.63,1.04
Standing,-5.48,7.93,-1.04
Standing,-1.08,9.51,2.98
Standing,-1.08,9.34,0.95
Standing,-6.05,7.55,1.61
Standing,0.19,9.85,1.38
Standing,-0.23,10.04,0.76
Standing,-1.53,9.77,1.38
Standing,2.3,9.38,0.61
Standing,0.0,9.89,1.42
Standing,-3.21,8.39,-0.76
Standing,-7.82,6.7,0.04
Standing,0.11,9.92,1.42
Standing,-1.08,9.3,1.38
Standing,-5.33,7.97,-1.54
Standing,-1.04,9.3,1.31
Standing,-2.37,9.66,0.57
Standing,-7.59,6.32,1.38
Standing,-1.99,9.7,-0.99
Standing,-1.65,9.81,0.9942854
Standing,-1.5,9.72,0.88532263
Standing,-0.27,10.12,0.5
Standing,-1.73,9.38,2.72
Standing,-1.31,9.38,3.11
Standing,-3.02,8.58,-0.95
Standing,-0.19,10.04,-0.46
Standing,-6.17,7.74,-0.38
Standing,2.18,9.53,0.84
Standing,2.96,8.85,-0.38
Standing,-4.9,8.47,-0.15
Standing,-1.31,9.53,2.2609777
Standing,0.0,9.85,1.46
Standing,-3.17,8.58,-0.95
Standing,-2.79,9.51,1.23
Standing,-1.04,9.38,-0.5
Standing,-1.31,9.62,2.83
Standing,3.6,9.3,-2.03
Standing,-1.27,9.43,3.34
Standing,-8.16,5.98,-0.72
Standing,-5.09,8.2,1.38
Standing,-1.31,9.51,2.96
Standing,-1.14,9.38,1.23
Standing,1.76,9.66,0.95
Standing,1.84,9.58,0.95
Standing,-3.15,8.58,-1.23
Standing,0.89,9.58,-1.3075534
Standing,0.99,9.92,0.38
Standing,-3.49,8.54,-1.14
Standing,3.34,9.38,-2.03
Standing,-1.46,9.15,1.6480621
Standing,-3.45,8.47,-1.04
Standing,-1.04,9.3,1.46
Standing,0.5,10.12,-1.1441092
Standing,-1.95,9.7,-1.08
Standing,-1.65,9.81,0.38
Standing,3.15,9.47,-1.99
Standing,-1.08,9.43,-0.57
Standing,0.19,10.38,2.18
Standing,-8.01,5.13,-1.23
Standing,0.0,9.89,1.33
Standing,-0.23,9.96,1.08
Standing,-0.53,9.85,0.46
Standing,-1.12,9.47,-0.34
Standing,0.04,9.89,1.04
Standing,-7.93,6.02,-0.46
Standing,3.57,9.3,-1.92
Standing,-1.27,9.34,2.4516625
Standing,1.8,9.7,0.89
Standing,-0.61,9.66,1.46
Standing,-6.09,7.78,-0.53
Standing,-0.99,9.72,1.46
Standing,1.23,9.23,2.26
Standing,-0.34,10.0,0.57
Standing,-1.73,9.81,0.61
Standing,-0.8,9.38,2.7649305
Standing,6.74,6.36,0.89
Standing,-1.14,9.3,1.27
Standing,-1.57,9.7,0.69
Standing,-0.89,9.72,1.5
Standing,1.04,9.89,0.11
Standing,-0.95,9.38,-0.42
Standing,-1.38,9.47,2.98
Standing,3.57,9.43,-1.88
Standing,2.22,9.7,1.31
Standing,-8.5,5.18,-0.27
Standing,-1.08,9.47,-0.31
Standing,-1.18,9.34,1.23
Standing,-1.33,9.72,0.72
Standing,-1.18,9.3,1.14
Standing,-1.84,9.58,-0.99
Standing,-0.04,9.81,1.31
Standing,2.45,9.77,1.14
Standing,1.84,9.72,0.5
Standing,-1.14,9.53,2.79
Standing,1.33,9.96,-0.04
Standing,1.5,8.96,-1.23
Standing,-4.94,8.43,-0.23
Standing,-2.68,9.62,1.65
Standing,-8.16,4.94,-1.46
Standing,-3.45,8.39,-1.23
Standing,-1.61,9.77,0.53
Standing,-1.23,9.85,1.42
Standing,-1.14,9.89,0.84
Standing,7.97,4.75,1.38
Standing,-7.5,6.24,-0.8
Standing,-1.95,9.66,-0.84
Standing,-5.43,7.97,-1.14
Standing,-4.33,8.54,-0.53
Standing,1.23,10.0,-0.11
Standing,1.57,9.77,1.6480621
Standing,7.74,2.98,1.12
Standing,-0.19,9.89,1.14
Standing,-7.86,5.37,-0.89
Standing,-1.31,9.81,0.99
Standing,6.21,6.85,0.0
Standing,-8.01,5.52,-0.95
Standing,-7.5,6.44,0.46
Standing,-0.15,10.31,1.38
Standing,2.41,9.23,-0.5
Standing,-8.12,5.86,0.08
Standing,-7.78,5.75,-0.89
Standing,0.61,9.43,1.61
Standing,-5.05,8.54,0.69
Standing,-1.33,9.53,2.22
Standing,0.04,9.89,0.57
Standing,-5.71,7.46,-2.22
Standing,-1.04,9.7,3.21
Standing,-5.28,8.12,1.33
Standing,1.42,9.62,-1.7978859
Standing,-5.05,8.2,1.5
Standing,-0.57,9.38,2.6832085
Standing,-4.99,8.28,-0.69
Standing,-1.08,9.43,-0.5
Standing,-3.3,8.39,-1.12
Standing,-5.56,7.74,-1.33
Standing,1.92,9.62,0.72
Standing,-5.24,8.12,1.33
Standing,-1.33,9.77,0.89
Standing,-1.27,9.7,1.56634
Standing,-0.08,9.89,-0.3
Standing,-0.95,9.38,-0.31
Standing,0.0,8.85,2.49
Standing,-3.64,8.47,-1.12
Standing,-0.8,9.43,2.7240696
Standing,-0.76,9.38,1.53
Standing,-1.27,10.12,1.18
Standing,-6.4,7.31,1.69
Standing,-0.42,9.92,0.8
Standing,3.34,9.43,-2.18
Standing,3.98,8.08,0.61
Standing,-7.93,5.79,-0.72
Standing,-0.95,10.5,3.57
Standing,-6.28,7.97,-0.23
Standing,-4.86,8.58,0.19
Standing,-1.08,9.23,1.42
Standing,1.08,9.96,0.38
Standing,1.38,9.43,2.22
Standing,-1.46,9.81,0.53
Standing,-1.08,9.47,-0.42
Standing,-8.5,5.48,-0.69
Standing,1.46,9.85,-0.08
Standing,-1.08,9.38,1.18
Standing,-1.99,9.66,-0.99
Standing,-1.18,9.3,-0.65
Standing,1.61,9.92,1.0760075
Standing,1.69,9.04,2.41
Standing,-1.73,9.28,1.12
Standing,-1.69,9.47,2.83
Standing,-1.99,9.7,0.34
Standing,-1.27,9.77,1.1441092
Standing,0.8,9.92,2.9556155
Standing,-3.11,8.43,-1.08
Standing,3.49,9.38,-1.95
Standing,2.56,9.23,2.87
Standing,-1.08,9.43,-0.46
Standing,0.0,9.92,1.33
Standing,-1.5,9.3,2.3426998
Standing,-0.34,10.0,-0.42
Standing,1.69,9.53,0.61
Standing,-4.99,8.5,0.23
Standing,-1.18,9.38,2.72
Standing,-5.98,7.63,1.65
Standing,0.31,9.96,0.53
Standing,-0.76,9.77,0.93
Standing,-1.99,9.62,-0.95
Standing,-3.21,8.62,-1.12
Standing,8.12,6.13,-0.19
Standing,-4.37,8.66,-0.61
Standing,-5.18,8.16,1.46
Standing,-0.46,9.38,2.8330324
Standing,-1.18,9.34,1.38
Standing,-0.19,9.92,-0.69
Standing,-7.97,5.83,-0.11
Standing,0.08,9.96,0.23
Standing,-5.09,8.47,0.23
Standing,-1.04,9.38,-0.5
Standing,-4.94,8.47,-0.19
Standing,-0.65,9.7,1.76
Standing,2.6,9.38,2.96
Standing,-1.33,9.58,2.6
Standing,-7.59,6.24,-0.08
Standing,-1.27,9.3,1.33
Standing,-1.57,9.53,2.11
Standing,-1.38,9.77,0.61
Standing,3.57,9.38,-1.92
Standing,3.34,9.34,-2.07
Standing,1.99,10.42,0.95
Standing,-0.8,9.47,-0.27
Standing,-1.27,9.47,2.91
Standing,-0.23,10.0,0.57
Standing,-6.55,7.31,1.65
Standing,-0.04,9.89,1.33
Standing,-1.12,9.43,-0.34
Standing,-1.04,9.47,2.98
Standing,2.64,9.28,3.15
Standing,-1.33,9.43,2.5606253
Walking,-5.75,5.22,-3.6774938
Walking,1.08,6.17,2.18
Walking,-2.68,13.38,1.12
Walking,4.67,9.34,-3.3
Walking,-1.42,12.57,0.6537767
Walking,-0.95,10.08,-1.56634
Walking,5.67,11.18,-1.99
Walking,9.34,-1.5,-7.08
Walking,17.5,-12.45,4.99
Walking,3.3,11.35,-6.09
Walking,0.53,13.76,0.53
Walking,2.45,7.12,-1.2258313
Walking,0.11,9.0,-0.04
Walking,2.982856,8.499097,-1.7570249
Walking,0.38,5.56,-1.31
Walking,3.6,7.16,-7.44
Walking,1.12,9.11,-0.0
Walking,6.32,7.08,1.0760075
Walking,-0.42,6.89,-0.38
Walking,-2.49,8.01,-1.61
Walking,3.11,1.38,-3.336985
Walking,10.23,2.79,-2.64
Walking,15.17,18.89,5.9
Walking,2.22,6.93,-1.1441092
Walking,-5.9,11.22,9.47
Walking,4.44,5.05,-0.53119355
Walking,0.0,10.23,-1.69
Walking,2.07,11.8,-1.4982382
Walking,-0.5,11.07,-3.26
Walking,5.28,6.63,-2.2609777
Walking,-9.58,6.24,3.64
Walking,5.48,12.6,2.91
Walking,3.53,9.28,-3.49
Walking,-11.69,-2.34,-4.48
Walking,3.15,8.5,8.81
Walking,1.95,7.7,-1.334794
Walking,13.59,12.03,5.597963
Walking,1.08,4.48,0.0
Walking,-1.61,8.28,-1.08
Walking,-1.57,11.14,-0.84
Walking,-6.24,11.07,0.19
Walking,-2.75,6.09,-4.2495484
Walking,-1.31,5.01,0.23
Walking,6.78,9.0,1.7978859
Walking,10.31,6.59,-4.67
Walking,12.72,14.29,-5.6
Walking,-0.57,18.62,-0.61
Walking,-3.36,5.22,-2.1383946
Walking,-5.22,9.96,1.53
Walking,-4.33,17.86,-0.23
Walking,15.47,18.54,12.49
Walking,6.7,10.88,-0.50395286
Walking,0.65,10.27,11.182305
Walking,-1.76,4.6,2.26
Walking,-11.65,10.76,-2.07
Walking,-2.45,11.11,-1.42
Walking,-2.6,13.59,-3.1054392
Walking,-7.25,3.45,1.04
Walking,6.63,11.18,-12.34
Walking,3.53,19.08,-1.2666923
Walking,3.11,14.14,-0.53119355
Walking,-0.69,8.35,-1.14
Walking,1.54,3.53,-1.2258313
Walking,1.31,10.46,0.65
Walking,-1.65,9.11,3.64
Walking,6.55,9.08,5.134871
Walking,0.34,7.86,-2.9147544
Walking,2.79,17.24,-1.920469
Walking,9.23,8.08,-3.445948
Walking,-4.59,6.89,-0.38
Walking,-1.88,11.11,-6.05
Walking,18.5,-9.0,-8.27
Walking,0.34,4.63,3.76
Walking,5.33,12.26,2.070293
Walking,1.76,9.81,2.152015
Walking,-0.08,7.46,5.09
Walking,7.5,-4.71,-4.52
Walking,-3.21,11.37,0.27240697
Walking,2.26,18.73,-3.214402
Walking,-0.76,10.61,-4.4
Walking,2.45,9.43,-3.02
Walking,-0.27,7.67,0.42223078
Walking,4.33,4.02,0.23
Walking,8.96,11.84,0.72
Walking,2.18,11.84,-0.5
Walking,14.33,3.06,-1.23
Walking,5.79,4.4,-2.1383946
Walking,1.57,7.55,-0.7218784
Walking,-4.29,9.92,-2.91
Walking,6.55,10.12,3.636633
Walking,0.69,16.44,2.2609777
Walking,3.3,6.66,-1.2258313
Walking,-3.91,9.7,7.9679036
Walking,0.0,6.93,-3.38
Walking,0.65,11.56,-0.08172209
Walking,0.95,9.28,0.95342433
Walking,-3.87,0.57,-1.8
Walking,0.76,9.51,-3.41
Walking,0.65,10.15,-2.8330324
Walking,-0.72,14.98,0.6946377
Walking,-1.14,14.14,1.76
Walking,-8.35,15.05,-6.891896
Walking,-0.46,11.14,-4.4
Walking,-13.72,4.02,0.38
Walking,11.8,2.68,-0.19068487
Walking,1.99,10.53,-3.41
Walking,0.27,3.34,0.6537767
Walking,-3.34,2.91,1.57
Walking,19.15,-0.84,-2.56
Walking,8.08,9.43,4.9
Walking,2.68,9.3,0.50395286
Walking,-0.46,4.6,2.3426998
Walking,-0.08,0.15,-1.99
Walking,4.67,12.83,-2.6423476
Walking,7.21,14.1,8.96
Walking,6.74,5.33,-1.61
Walking,-0.72,2.72,-2.72
Walking,4.56,12.34,-2.4516625
Walking,3.83,17.01,0.42223078
Walking,0.84,6.17,-3.3
Walking,0.95,18.09,10.882658
Walking,-5.43,13.91,-1.92
Walking,-0.61,19.42,-2.53
Walking,1.27,9.3,-0.6946377
Walking,1.84,7.31,0.65
Walking,8.31,15.94,-2.7240696
Walking,9.47,16.25,-6.89
Walking,6.7,11.26,1.12
Walking,-1.8,13.63,0.53119355
Walking,-8.92,9.34,3.173541
Walking,-18.09,-0.89,-3.11
Walking,2.37,15.66,-1.9885708
Walking,1.5,13.72,-0.0
Walking,-2.07,5.33,-3.11
Walking,-1.69,4.9,-0.42223078
Walking,-7.21,3.53,0.6537767
Walking,-0.27,3.34,0.19068487
Walking,-0.42,5.9,-2.4108016
Walking,5.28,11.41,-1.7297841
Walking,10.61,8.01,-1.27
Walking,11.92,8.73,2.2609777
Walking,0.76,9.92,-1.7570249
Walking,-1.57,16.02,0.84446156
Walking,-5.05,7.89,9.38
Walking,8.77,16.63,6.78
Walking,2.98,8.35,0.9942854
Walking,-1.18,6.59,3.3
Walking,5.24,5.22,0.84446156
Walking,16.89,7.5,3.34
Walking,-7.93,-2.07,6.32
Walking,-4.99,10.31,-5.706926
Walking,3.49,17.62,-1.08
Walking,9.85,5.28,1.92
Walking,5.2165933,16.249075,6.3607025
Walking,-8.12,0.11,-3.173541
Walking,-3.11,16.4,-6.13
Walking,-2.53,6.09,-1.2666923
Walking,18.31,10.84,-2.7921712
Walking,-2.96,12.3,3.76
Walking,2.3,17.92,-0.57
Walking,8.39,4.67,-1.99
Walking,5.37,7.97,-3.405087
Walking,-4.9,6.4,-4.06
Walking,-1.18,6.93,7.01
Walking,-6.02,12.87,-4.25
Walking,-1.08,7.74,-1.38
Walking,-1.38,15.51,2.2609777
Walking,6.4,3.57,-0.61291564
Walking,7.86,9.85,2.6423476
Walking,-1.88,14.48,2.64
Walking,-0.95,11.92,-2.2609777
Walking,-0.23,2.96,1.4573772
Walking,-5.18,5.37,5.41
Walking,-1.65,6.66,-2.18
Walking,0.11,16.28,3.2961242
Walking,-4.14,3.38,-1.42
Walking,-3.41,9.51,-0.34
Walking,2.98,9.92,-3.1463003
Walking,8.54,0.93,-5.43
Walking,-5.6,0.93,-4.48
Walking,-0.15,8.69,-0.42
Walking,-2.03,1.88,-5.56
Walking,-0.23,7.63,0.0
Walking,6.63,6.24,-4.25
Walking,12.91,6.78,4.7943625
Walking,-2.79,3.02,2.26
Walking,2.34,4.9,0.99
Walking,2.76,15.17,-2.9556155
Walking,6.09,2.91,2.79
Walking,-0.08,10.34,-0.040861044
Walking,0.69,7.46,0.93
Walking,1.42,9.58,-1.4165162
Walking,-0.8,7.82,-1.14
Walking,4.75,11.03,-2.3018389
Walking,0.34,12.45,1.61
Walking,2.96,7.46,-0.15
Walking,1.84,11.56,1.4982382
Walking,-12.57,4.18,6.24
Walking,6.32,11.65,0.72
Walking,-4.29,1.08,-2.45
Walking,1.69,11.3,-1.54
Walking,-0.65,13.25,1.56634
Walking,9.58,5.75,2.6423476
Walking,0.93,5.18,2.152015
Walking,8.28,4.06,-1.76
Walking,4.67,0.61,-2.37
Walking,3.26,8.24,-1.33
Walking,5.43,10.12,2.96
Walking,9.28,8.35,7.3141265
Walking,0.0,9.58,-4.79
Walking,3.91,15.75,1.3075534
Walking,-0.57,7.44,-0.89
Walking,-6.63,11.56,-2.53
Walking,3.95,5.6,-1.57
Walking,-8.5,11.3,-3.15
Walking,-1.27,15.51,-2.41
Walking,-9.47,10.57,-0.61
Walking,0.69,8.28,-0.38
Walking,-3.76,12.3,-2.6423476
Walking,9.81,3.83,-0.19068487
Walking,-4.1,13.21,-0.6537767
Walking,1.5,14.06,0.95342433
Walking,9.85,13.67,-7.25
Walking,-2.3,9.72,-2.34
Walking,1.61,15.4,-1.9885708
Walking,9.77,6.36,-1.5
Walking,2.11,8.01,2.34
Walking,4.6,3.91,0.42223078
Walking,-3.02,13.25,4.140586
Walking,-2.41,8.39,-0.91
Walking,-9.3,5.56,0.08
Walking,8.08,6.51,-1.4573772
Walking,1.69,14.82,-1.0351465
Walking,0.42,8.54,-0.53
Walking,-1.38,2.64,-2.64
Walking,2.64,11.56,1.9885708
Walking,7.63,5.75,-1.14
Walking,-2.87,14.52,-1.920469
Walking,6.4,6.24,11.5
Walking,0.27,5.24,-2.9556155
Walking,6.05,8.96,2.14
Walking,11.18,10.76,3.2961242
Walking,-2.49,4.37,-1.4573772
Walking,18.73,3.91,1.7978859
Walking,-5.05,9.77,-3.79
Walking,-0.19,11.18,0.040861044
Walking,-1.88,11.07,2.79
Walking,-3.41,9.15,-2.070293
Walking,0.89,4.82,1.607201
Walking,-0.99,14.9,7.8180795
Walking,0.69,5.22,-1.5
Walking,-1.5,5.41,-0.46309182
Walking,1.8,12.45,3.445948
Walking,0.65,7.16,1.42
Walking,-2.79,4.48,-1.38
Walking,12.76,4.25,-2.18
Walking,8.92,7.46,-1.12
Walking,-0.53,5.79,3.636633
Walking,-1.76,-0.15,-2.53
Walking,-5.67,-1.61,-0.8
Walking,-0.15,12.64,-1.7570249
Walking,10.04,19.57,6.782933
Walking,1.12,14.44,1.5
Walking,-1.88,7.86,1.334794
Walking,-3.79,8.43,-1.57
Walking,5.24,9.34,1.56634
Walking,7.74,-0.65,3.95
Walking,7.27,8.08,-3.9771416
Walking,7.04,3.99,-1.33
Walking,-8.73,4.52,-0.65
Walking,3.76,8.92,0.65
Walking,2.2201166,7.6273947,-2.4925237
Walking,-0.04,1.8,0.23154591
Walking,2.56,7.89,1.3756552
Walking,-3.02,10.04,-0.38
Walking,-1.8,17.35,15.66
Walking,8.73,6.24,6.851035
Walking,-2.87,11.54,0.313268
Walking,-3.17,6.85,0.15
Walking,-0.27,13.67,-3.11
Walking,-0.65,10.15,-0.91
Walking,8.54,7.93,1.31
Walking,4.99,10.19,-2.6
Walking,-1.76,16.93,5.33
Walking,-13.25,-5.33,-2.56
Walking,6.21,3.11,-1.88
Walking,13.53,3.21,0.6946377
Walking,-2.11,1.38,1.4573772
Walking,0.15,15.51,1.7978859
Walking,-1.14,8.96,-1.69
Walking,19.42,4.25,-15.21
Walking,-1.8,9.66,-1.38
Walking,4.1,9.47,-3.02
Walking,-6.17,19.57,4.2904096
Walking,8.66,3.45,-2.79
Walking,-4.18,19.46,-4.14
Walking,-6.32,6.05,2.34
Walking,-2.49,3.17,-0.0
Walking,6.21,10.61,1.1168685
Walking,-7.35,19.53,-1.99
Walking,-3.15,10.38,-3.57
Walking,4.56,9.77,-0.19
Walking,-1.95,8.35,-0.84
Walking,-2.37,4.94,-3.45
Walking,12.34,10.53,-3.9771416
Walking,0.19,12.64,0.8036005
Walking,-0.42,0.65,-1.73
Walking,9.92,5.98,-1.6889231
Walking,-12.41,4.71,-0.38
Walking,3.3,5.37,-1.84
Walking,0.53,8.35,0.99
Walking,0.61,17.97,-1.334794
Walking,1.84,9.89,0.88532263
Walking,-0.95,5.83,0.99
Walking,18.81,10.69,0.76
Walking,2.79,14.9,-1.95
Walking,6.55,17.77,-0.50395286
Walking,-0.04,4.63,-2.2201166
Walking,4.52,6.93,2.79
Walking,-0.53,1.42,-2.2201166
Walking,-2.79,3.79,-3.9771416
Walking,-1.84,14.6,-6.51
Walking,-7.55,1.42,-0.15
Walking,12.18,-1.76,-10.31
Walking,2.26,7.27,4.5219555
Walking,15.89,12.11,-2.18
Walking,1.04,15.89,2.26
Walking,6.47,11.56,-1.12
Walking,-0.65,9.15,-0.31
Walking,9.62,12.87,4.82
Walking,6.51,9.51,-0.84446156
Walking,5.52,10.12,-2.18
Walking,0.11,14.44,3.91
Walking,1.92,5.28,-2.6423476
Walking,6.7,9.7,7.08
Walking,-6.59,12.79,1.42
Walking,-5.52,17.92,18.24
Walking,-3.17,10.12,-5.5162406
Walking,-1.88,12.41,2.4108016
Walking,1.73,18.73,0.7627395
Walking,2.64,7.89,-1.9885708
Walking,-1.65,16.21,-1.4982382
Walking,1.92,15.02,-2.68
Walking,8.62,11.6,-3.1054392
Walking,-1.04,11.92,-5.48
Walking,1.73,7.4,1.4165162
Walking,8.73,5.28,-1.99
Walking,-3.34,5.79,1.879608
Walking,1.14,13.53,-0.84
Walking,-0.15,13.82,0.72
Walking,3.26,8.77,-1.879608
Walking,-0.3,7.31,0.7218784
Walking,-4.18,17.97,-0.0
Walking,10.88,11.88,0.61291564
Walking,6.89,11.26,1.5390993
Walking,3.02,11.75,-2.3018389
Walking,1.92,5.9,-0.7218784
Walking,1.18,7.5,-2.6014864
Walking,1.84,13.18,7.273266
Walking,8.24,14.67,5.6252036
Walking,3.57,13.38,2.83
Walking,-0.34,7.27,-1.56634
Walking,-9.38,14.29,3.9090397
Walking,3.06,9.34,-0.19068487
Walking,-1.57,13.44,3.1054392
Walking,8.24,13.38,2.34
Walking,-0.15,13.63,-5.18
Walking,-0.76,14.52,-3.02
Walking,5.01,10.73,0.95342433
Walking,-5.56,7.44,2.7240696
Walking,2.96,5.86,-0.38
Walking,0.34,16.36,4.140586
Walking,-1.5,13.44,2.0294318
Walking,3.21,15.43,3.41
Walking,12.07,3.34,-2.3
Walking,-7.97,11.5,-4.5628166
Walking,0.04,12.83,-3.0237172
Walking,10.72,12.6,5.79
Walking,9.23,9.43,-2.0294318
Walking,1.42,1.42,-1.42
Walking,-1.23,1.08,-2.79
Walking,-0.53,17.31,6.93
Walking,1.99,6.66,14.82
Walking,-1.84,10.12,1.95
Walking,-3.3,6.47,2.7240696
Walking,4.37,9.08,-5.325556
Walking,6.02,10.08,0.5720546
Walking,2.83,10.61,7.6273947
Walking,0.76,16.32,-0.5720546
Walking,0.8,2.72,-1.69
Walking,0.0,3.64,1.7297841
Walking,3.34,10.19,-1.99
Walking,0.42,8.2,-6.09
Walking,4.44,8.2,-1.525479
Walking,0.42,4.14,-2.64
Walking,4.37,13.44,-1.33
Walking,-2.3,3.17,-3.02
Walking,11.73,6.36,-0.84
Walking,-3.34,15.64,1.27
Walking,14.14,18.2,-3.5957718
Walking,1.31,3.15,1.4165162
Walking,-0.3,7.59,-1.0351465
Walking,-9.3,11.96,-2.07
Walking,0.0,11.45,-1.525479
Walking,1.33,14.18,2.0294318
Walking,1.33,11.54,1.0760075
Walking,5.83,2.11,-0.95342433
Walking,2.22,2.03,-1.8387469
Walking,-0.89,16.63,10.42
Walking,-7.59,2.18,1.99
Walking,-2.41,1.88,6.24
Walking,15.47,2.96,-8.62
Walking,0.8,11.73,1.69
Walking,4.4,5.18,2.96
Walking,7.97,4.63,-0.88532263
Walking,-0.46,5.09,1.27
Walking,-16.59,0.99,-4.75
Walking,-4.25,4.02,-4.99
Walking,-0.31,6.24,0.99
Walking,-1.5,2.76,2.56
Walking,-3.36,4.4,-0.27240697
Walking,1.23,8.01,2.37
Walking,-3.83,4.79,-3.76
Walking,4.37,9.96,5.243834
Walking,0.0,9.7,-3.91
Walking,-2.64,17.47,12.762266
Walking,-2.91,17.05,13.402422
Walking,10.76,-0.42,-8.54
Walking,7.12,8.58,-1.08
Walking,-0.61,13.14,1.84
Walking,0.08,9.08,-0.69
Walking,2.26,1.27,-0.5
Walking,-5.75,19.57,0.50395286
Walking,7.35,11.96,-4.29
Walking,9.3,14.52,1.23
Walking,4.37,9.7,-1.1849703
Walking,-5.56,12.76,-4.71
Walking,-9.11,15.83,2.2609777
Walking,1.12,4.79,-0.6537767
Walking,-6.21,14.98,1.61
Walking,9.19,4.82,3.41
Walking,-2.37,14.56,-0.19
Walking,-5.05,19.27,-1.0351465
Walking,6.13,17.12,-6.82
Walking,-11.07,3.87,-4.48
Walking,0.08,5.33,0.61291564
Walking,-1.33,6.89,0.50395286
Walking,8.54,10.61,-1.607201
Walking,-7.5,3.17,-2.68
Walking,-0.5,5.05,5.407278
Walking,4.63,7.82,-1.607201
Walking,-2.49,5.18,-0.5
Walking,1.38,5.18,-3.21
Walking,-2.3,11.8,-3.95
Walking,0.11,11.14,-1.14
Walking,-0.04,1.95,-0.95342433
Walking,2.45,9.08,-3.6774938
Walking,1.99,11.11,-0.84446156
Walking,6.47,5.18,-3.486809
Walking,7.55,7.55,-2.5606253
Walking,-2.79,13.06,4.6
Walking,0.65,13.18,1.14
Walking,5.98,8.47,0.93
Walking,5.86,16.02,5.053149
Walking,1.23,13.82,8.47
Walking,-5.71,9.81,-0.27
Walking,-0.27,7.7,2.91
Walking,-0.11,8.73,-1.42
Walking,5.52,1.8,-3.636633
Walking,12.64,2.68,3.76
Walking,0.04,9.3,0.38136974
Walking,6.66,5.94,-1.76
Walking,0.72,8.92,-4.4
Walking,1.31,7.55,-0.8036005
Walking,1.65,9.7,0.14982383
Walking,-2.91,13.4,-1.38
Walking,2.49,13.63,3.49
Walking,-0.53,4.48,-0.29964766
Walking,4.52,9.43,1.9477097
Walking,2.2609777,4.1814466,-0.7218784
Walking,1.88,12.18,0.42223078
Walking,0.42,10.34,-1.7978859
Walking,-7.44,17.35,3.8681788
Walking,0.34,12.41,0.50395286
Walking,-0.99,7.46,-1.7570249
Walking,-0.08,8.62,0.6946377
Walking,5.6,18.5,11.8
Walking,-14.63,2.76,1.9477097
Walking,1.61,15.43,-3.405087
Walking,-6.13,9.34,-4.2904096
Walking,1.99,8.5,-0.040861044
Walking,1.84,10.73,0.5720546
Walking,9.81,11.11,0.72
Walking,5.28,9.62,-2.8330324
Walking,-2.91,9.0,-1.04
Walking,-2.26,13.57,-0.23154591
Walking,0.0,13.1,-1.1849703
Walking,5.09,13.76,-1.23
Walking,8.66,2.53,3.0237172
Walking,2.79,18.47,-2.49
Walking,-3.11,10.65,1.14
Walking,-14.18,5.48,0.14982383
Walking,0.84,2.18,0.3405087
Walking,3.11,4.48,-1.18
Walking,-5.01,3.53,-2.64
Walking,0.95342433,9.043911,2.0294318
Walking,13.8,1.42,3.7864566
Walking,1.08,5.22,-2.18
Walking,-4.59,10.88,-8.349273
Walking,12.87,4.33,-1.12
Walking,-1.27,9.89,-1.2666923
Walking,7.59,11.03,1.1441092
Walking,-0.53,6.89,-1.76
Walking,-3.17,14.63,4.4810944
Walking,2.83,3.68,-2.18
Walking,6.63,6.02,-2.2201166
Walking,-0.65,2.45,-1.6480621
Walking,0.89,16.04,3.990762
Walking,1.99,9.04,-2.9556155
Walking,-0.15,8.05,3.1054392
Walking,11.22,4.4,7.4639506
Walking,-10.04,16.25,-13.29
Walking,-1.54,3.45,-2.37
Walking,2.91,16.74,-2.91
Walking,-1.92,6.66,1.879608
Walking,-18.54,9.96,-5.63
Walking,0.65,5.6,3.1054392
Walking,7.97,10.04,2.3699405
Walking,9.28,7.35,-0.31
Walking,-0.3,11.3,11.304889
Walking,1.18,6.63,-7.08
Walking,10.27,-4.71,-8.85
Walking,-4.29,15.89,2.0294318
Walking,-0.65,7.59,-1.6889231
Walking,-6.24,6.44,-3.9090397
Walking,2.15,2.68,-0.08
Walking,-6.55,-0.08,0.46
Walking,0.8,7.74,3.17
Walking,14.02,15.32,2.96
Walking,-8.47,12.87,5.6252036
Walking,7.35,7.63,1.334794
Walking,0.65,12.37,-2.37
Walking,1.14,6.44,-1.5
Walking,8.43,10.23,0.23
Walking,-1.92,5.43,4.14
Walking,5.86,9.7,1.54
Walking,-0.04,7.5,-3.76
Walking,14.1,3.99,0.76
Walking,-1.73,-3.6,-4.02
Walking,-2.83,11.8,1.84
Walking,5.05,3.57,0.76
Walking,1.04,4.29,3.11
Walking,-1.65,13.87,-0.5720546
Walking,8.24,3.64,2.3018389
Walking,-3.72,10.12,-2.45
Walking,-1.95,14.9,0.38136974
Walking,0.31,2.49,-1.4573772
Walking,-4.21,1.65,-1.57
Walking,-3.83,-0.95,-2.76
Walking,-18.31,4.1,16.51
Walking,0.23,8.28,-0.04
Walking,2.68,6.74,-3.83
Walking,-5.56,3.38,-1.525479
Walking,5.13,6.24,-2.982856
Walking,-1.38,12.22,-0.27240697
Walking,-2.15,8.66,7.59
Walking,-0.38,10.31,0.8036005
Walking,15.94,10.46,0.19068487
Walking,18.96,8.39,2.79
Walking,-3.26,3.38,1.92
Walking,-3.98,11.56,2.4516625
Walking,-3.49,0.72,-3.15
Walking,-0.04,5.22,1.27
Walking,8.66,-10.46,-6.32
Walking,16.93,9.0,-2.68
Walking,-5.43,13.33,-0.27240697
Walking,-2.982856,9.888372,3.759216
Walking,-5.52,4.52,7.21
Walking,2.98,9.04,0.23154591
Walking,11.26,3.45,1.04
Walking,0.93,16.09,-0.27
Walking,-0.61,8.08,-2.9147544
Walking,3.3,6.82,-2.45
Walking,4.59,15.83,11.95
Walking,8.47,-12.41,-11.69
Walking,2.49,5.71,-0.19
Walking,-4.25,14.71,1.2258313
Walking,3.15,9.28,-2.64
Walking,-5.43,11.8,-3.68
Walking,-2.56,17.05,9.656827
Walking,9.34,-0.91,-5.33
Walking,-1.76,10.31,-2.34
Walking,18.28,15.36,-0.8036005
Walking,0.23,8.77,-1.879608
Walking,-1.38,0.93,-2.79
Walking,0.19,7.63,-6.5513873
Walking,5.94,9.72,-0.61291564
Walking,0.11,3.21,-2.76
Walking,-0.11,11.73,-3.06
Walking,-6.89,17.69,0.7218784
Walking,8.2,16.17,-3.3642259
Walking,2.3,15.32,-4.4
Walking,1.57,7.31,1.65
Walking,-2.75,15.21,0.7218784
Walking,6.63,17.27,16.780268
Walking,4.94,2.91,-0.46309182
Walking,1.31,9.38,1.3756552
Walking,11.26,6.36,-0.38136974
Walking,-0.46,14.71,-0.04
Walking,-0.89,11.18,-2.79
Walking,1.61,5.83,2.18
Walking,-11.56,17.73,1.0351465
Walking,-5.22,15.6,-1.12
Walking,3.45,8.69,-1.4573772
Walking,-3.76,11.6,-4.71
Walking,3.34,15.75,-0.53119355
Walking,1.65,10.15,2.5606253
Walking,-2.11,2.79,-3.17
Walking,-0.53,6.13,3.214402
Walking,-1.46,7.74,2.96
Walking,3.53,9.34,-0.7218784
Walking,-3.26,6.93,0.53
Walking,-5.05,9.19,-5.28
Walking,2.11,8.12,-0.8
Walking,-2.07,7.16,4.7535014
Walking,6.17,10.69,2.6014864
Walking,-0.08,1.18,-1.920469
Walking,-0.42,2.79,-0.27240697
Walking,9.43,5.28,2.2201166
Walking,4.63,4.29,-0.53119355
Walking,7.67,12.07,0.3405087
Walking,2.64,9.15,-4.29
Walking,2.41,13.14,1.4165162
Walking,7.65,4.4,-1.5
Walking,-2.6,2.11,-1.65
Walking,4.21,10.12,-3.255263
Walking,0.23,3.41,0.8036005
Walking,2.41,11.03,2.7240696
Walking,2.76,9.34,7.21
Walking,4.67,3.41,-0.08172209
Walking,-0.57,12.91,2.41
Walking,0.89,18.81,-2.91
Walking,-2.11,11.22,-2.76
Walking,7.7,11.6,2.07
Walking,6.85,9.92,1.27
Walking,0.69,12.6,-7.25
Walking,6.44,19.08,5.83
Walking,-3.49,12.68,-1.46
Walking,1.84,6.05,-2.6
Walking,-0.5,7.21,-2.79
Walking,1.73,8.2,2.72
Walking,5.37,11.41,-0.34
Walking,3.11,6.4,-1.12
Walking,1.31,7.44,-3.76
Walking,12.45,1.04,-0.11
Walking,-2.98,11.92,0.15
Walking,-10.92,7.01,-8.43
Walking,-3.49,2.03,-1.33
Walking,-3.36,7.63,-3.53
Walking,5.43,9.62,-1.31
Walking,6.05,1.38,2.07
Walking,-9.0,4.82,-1.5
Walking,4.71,5.37,-4.2495484
Walking,0.3,9.28,-1.38
Walking,2.18,6.44,-3.173541
Walking,7.93,10.61,-1.525479
Walking,2.3,17.58,-2.4516625
Walking,2.56,7.97,-6.85
Walking,-6.13,11.07,0.69
Walking,3.53,12.11,-4.3312707
Walking,1.73,8.43,1.920469
Walking,4.37,6.93,-1.2258313
Walking,1.76,5.41,-0.6537767
Walking,-1.73,8.66,9.92
Walking,19.27,10.19,-0.61291564
Walking,1.23,15.05,1.61
Walking,4.79,6.51,-2.6832085
Walking,6.89,2.72,-11.88
Walking,-2.45,7.78,-2.1111538
Walking,0.08,10.46,-8.24
Walking,-6.47,5.24,-1.65
Walking,-5.48,5.98,-0.08
Walking,1.23,7.7,-0.42223078
Walking,0.27,5.01,-1.53
Walking,-0.23,14.67,0.08172209
Walking,-9.23,15.83,-2.98
Walking,-0.84,15.64,0.89
Walking,-2.98,10.12,7.3958488
Walking,-2.37,1.95,0.6946377
Walking,8.05,8.62,5.63
Walking,1.14,9.62,0.95342433
Walking,-1.5,9.19,1.95
Walking,2.070293,8.076866,-2.5606253
Walking,4.6,9.3,-3.405087
Walking,-0.53,10.65,7.5865335
Walking,-0.04,8.28,1.5
Walking,-3.26,0.72,1.04
Walking,3.3,9.43,2.9147544
Walking,7.59,11.45,-2.41
Walking,-1.95,9.19,-1.14
Walking,-0.42,4.29,0.0
Walking,0.15,2.53,0.6537767
Walking,-2.22,10.65,1.73
Walking,-3.41,10.61,-0.99
Walking,2.53,5.56,-2.1792557
Walking,1.57,7.89,-3.8681788
Walking,-4.21,3.49,-3.68
Walking,-3.17,4.48,1.9477097
Walking,8.47,3.11,-0.0
Walking,1.12,2.87,3.636633
Walking,7.44,4.4,-0.42223078
Walking,6.43,4.63,-0.65
Walking,4.02,11.22,5.28
Walking,-0.08,6.13,-2.3018389
Walking,2.76,10.65,-2.8738933
Walking,2.11,9.34,0.92618364
Walking,2.3,14.1,-5.407278
Walking,19.57,-1.69,-8.158588
Walking,8.85,10.73,1.14
Walking,5.9,7.78,-1.9477097
Walking,-1.04,12.98,-1.04
Walking,-4.1,2.56,-2.07
Walking,2.96,7.97,1.46
Walking,-4.25,18.05,13.17
Walking,0.31,8.89,-2.03
Walking,-5.33,10.27,-3.21
Walking,-1.6889231,8.430995,-0.50395286
Walking,-7.16,14.1,1.65
Walking,2.14,5.94,-0.65
Walking,-0.5,11.18,-1.88
Walking,-7.27,6.32,5.56
Walking,-11.6,11.14,-0.11
Walking,3.02,1.5,-1.1168685
Walking,-1.23,5.18,1.7570249
Walking,13.02,-13.99,-1.12
Walking,10.8,8.39,-0.84
Walking,3.26,3.45,-3.445948
Walking,11.88,6.51,-4.86
Walking,-1.73,8.89,0.61291564
Walking,0.50395286,12.367276,9.534244
Walking,7.97,2.96,-1.08
Walking,-4.94,17.82,15.4046135
Walking,5.79,1.95,-3.7864566
Walking,2.98,5.37,-1.9885708
Walking,-5.79,14.79,-0.19
Walking,-2.22,19.15,-9.3
Walking,-2.11,1.38,0.42223078
Walking,-2.96,16.04,3.91
Walking,6.51,11.92,-3.568531
Walking,1.08,7.63,3.336985
Walking,5.79,10.27,1.7978859
Walking,5.09,8.28,-4.9
Walking,-1.53,3.11,1.2666923
Walking,8.47,5.01,-0.3
Walking,-2.83,4.9,-1.4573772
Walking,11.96,8.43,5.434519
Walking,0.57,2.37,-1.0351465
Walking,12.3,8.73,-1.92
Walking,2.49,8.12,-1.1849703
Walking,0.61,5.28,-3.3642259
Walking,-4.94,19.57,-3.5276701
Walking,0.53,2.83,1.6889231
Walking,-4.44,10.27,-3.36
Walking,8.08,10.23,2.4925237
Walking,-0.95,12.64,6.32
Walking,-0.61,15.64,-3.6
Walking,11.14,12.18,0.27240697
Walking,4.63,9.47,0.46
Walking,-2.18,13.87,-0.9942854
Walking,-4.37,14.98,1.61
Walking,6.13,15.24,-3.445948
Walking,3.83,10.57,1.3075534
Walking,-4.48,7.4,-3.6774938
Walking,-9.66,-0.57,3.79
Walking,-8.01,-0.15,3.11
Walking,-0.08,11.37,4.21
Walking,1.31,12.79,-3.5957718
Walking,0.15,7.59,-6.05
Walking,12.98,1.92,-7.4
Walking,5.41,8.05,2.070293
Walking,6.89,10.95,-1.4982382
Walking,0.0,13.72,1.920469
Walking,-5.79,-3.41,-2.34
Walking,12.22,0.08,-2.8738933
Walking,-1.27,1.8,-5.9
Walking,-5.82,7.82,-3.9090397
Walking,-3.11,5.71,3.5276701
Walking,-7.55,19.57,0.50395286
Walking,11.6,-2.49,-5.33
Walking,-2.98,7.21,1.6889231
Walking,-4.21,3.91,-4.79
Walking,0.23,5.98,-0.89
Walking,5.01,12.37,-1.2258313
Walking,11.03,10.8,3.57
Walking,-2.79,0.0,-2.49
Walking,1.5,15.75,-0.040861044
Walking,-6.93,14.79,0.53
Walking,-2.3,4.99,0.08
Walking,-7.21,18.92,2.34
Walking,-0.69,7.86,0.19068487
Walking,-0.99,6.63,3.57
Walking,-1.27,1.92,-3.76
Walking,4.63,7.78,-1.3075534
Walking,3.3,2.76,0.27240697
Walking,12.76,6.02,0.7218784
Walking,8.77,10.65,-2.6832085
Walking,-5.67,10.12,-2.7921712
Walking,-0.99,10.15,3.72
Walking,1.7978859,12.299174,0.6537767
Walking,-10.5,5.86,-2.26
Walking,3.68,7.27,-2.98
Walking,0.46309182,9.615966,-2.6832085
Walking,6.4,6.78,-0.5
Walking,-0.57,16.28,-1.879608
Walking,-1.76,14.44,1.4573772
Walking,1.27,11.6,1.31
Walking,3.57,14.25,-0.42
Walking,-5.43,9.3,-0.9942854
Walking,9.85,7.67,-14.1
Walking,-2.64,12.26,5.43
Walking,5.52,6.24,1.9885708
Walking,-7.44,-3.3,10.88
Walking,-2.79,8.81,0.65
Walking,-1.57,5.33,-2.982856
Walking,-6.89,14.06,-4.79
Walking,0.61,4.71,-0.72
Walking,-10.72,12.49,-6.7
Walking,14.75,7.67,10.760075
Walking,1.12,7.86,1.84
Walking,-5.09,16.47,-0.57
Walking,-2.68,3.06,-2.03
Walking,-2.03,11.56,11.99
Walking,-6.4,6.59,-8.689782
Walking,-4.29,1.57,-4.25
Walking,1.65,5.22,-0.08
Walking,4.6,3.95,-2.56
Walking,0.11,5.22,-0.84
Walking,0.53,4.6,-2.6014864
Walking,-1.27,4.86,-1.1849703
Walking,1.65,2.87,-1.99
Walking,-1.57,7.08,0.46
Walking,6.24,9.7,-3.336985
Walking,6.02,14.94,-1.1441092
Walking,-4.4,1.38,-4.48
Walking,1.31,9.77,-1.73
Walking,8.16,3.3,-0.84
Walking,12.45,7.82,-1.57
Walking,-4.94,11.03,-0.6537767
Walking,0.46,9.19,-2.9556155
Walking,-0.15,3.41,-0.38136974
Walking,-3.06,0.23,-3.6774938
Walking,0.04,12.37,10.147159
Walking,2.22,14.37,-0.8036005
Walking,8.73,-11.33,-7.55
Walking,-5.05,3.26,-1.18
Walking,12.64,-1.42,8.349273
Walking,5.94,12.57,2.4925237
Walking,7.35,5.86,-2.3018389
Walking,-0.8,4.44,-4.0180025
Walking,2.45,5.56,1.7978859
Walking,2.91,7.44,-1.54
Walking,-4.9,13.95,-4.37
Walking,8.12,8.62,1.5390993
Walking,2.6,4.63,-1.879608
Walking,-6.63,6.24,-1.73
Walking,-1.33,11.26,-1.38
Walking,6.55,-0.04,-1.53
Walking,0.15,6.82,-2.18
Walking,6.44,-10.15,-5.37
Walking,3.91,19.27,14.9006605
Walking,5.41,6.47,-2.8330324
Walking,1.27,11.37,2.4108016
Walking,-3.41,-3.49,-2.53
Walking,-3.45,9.0,8.281172
Walking,0.89,7.82,1.8
Walking,-1.18,2.3,-0.84
Walking,1.46,10.04,-4.56
Walking,7.63,7.74,-2.4516625
Walking,1.61,13.25,1.0351465
Walking,-3.21,10.65,6.1291566
Walking,-7.7,11.92,-4.06
Walking,-1.12,17.08,9.724928
Walking,9.04,7.7,-1.88
Walking,-1.18,5.41,-3.83
Walking,2.68,3.91,12.22
Walking,-2.75,7.4,1.607201
Walking,-0.42,7.01,-2.3426998
Walking,1.5,6.85,-0.3
Walking,-1.46,1.23,-4.4
Walking,12.11,8.73,0.65
Walking,-3.36,4.99,1.9885708
Walking,-1.33,15.24,3.0237172
Walking,-1.8,12.18,-7.8589406
Walking,13.29,1.88,-2.6
Walking,-3.76,5.6,-4.440233
Walking,3.79,8.85,-3.26
Walking,1.73,8.89,-2.41
Walking,8.69,16.09,14.52
Walking,8.5,7.21,-0.61
Walking,2.76,13.21,4.37
Walking,8.5,12.34,1.04
Walking,10.19,4.99,0.5720546
Walking,1.65,7.55,-2.3699405
Walking,1.57,11.07,2.7240696
Walking,5.37,11.3,-1.6480621
Walking,0.53,5.13,0.65
Walking,-1.08,14.02,1.23
Walking,-7.04,14.25,0.53119355
Walking,-0.04,9.51,0.040861044
Walking,10.88,-0.95,-8.39
Walking,18.58,8.05,-0.5720546
Walking,4.1,10.57,-1.607201
Walking,1.65,12.3,-1.879608
Walking,-4.71,19.46,1.0760075
Walking,-1.92,10.34,1.1168685
Walking,-0.27,14.37,7.6954966
Walking,3.34,14.02,1.31
Walking,-0.72,9.34,-1.8
Walking,-16.97,10.34,-1.92
Walking,-5.41,19.11,-0.19
Walking,-1.99,9.77,-0.19
Walking,5.43,3.68,-1.2666923
Walking,7.86,11.75,10.800936
Walking,7.27,5.28,-1.76
Walking,1.92,11.11,2.4925237
Walking,7.08,4.33,-0.99
Walking,0.99,6.63,1.2666923
Walking,-1.31,6.47,-0.53119355
Walking,-1.23,4.56,-3.79
Walking,0.61,10.46,2.0294318
Walking,6.89,10.92,-2.982856
Walking,0.53,9.19,-1.69
Walking,4.94,11.14,0.14982383
Walking,5.18,14.18,-1.6889231
Walking,-3.64,9.11,-0.04
Walking,18.89,17.2,15.21
Walking,1.04,4.9,0.11
Walking,1.38,10.99,-1.2666923
Walking,-1.84,8.58,-1.1168685
Walking,2.41,16.74,-5.94
Walking,-2.53,2.15,-1.61
Walking,-13.8,8.89,7.59
Walking,-2.11,1.23,-4.399372
Walking,-2.53,5.28,-0.53
Walking,0.93,3.02,-1.1849703
Walking,-1.27,14.44,2.45
Walking,0.19,18.16,5.706926
Walking,3.15,13.06,-1.65
Walking,1.65,9.89,-7.43671
Walking,1.18,6.66,1.08
Walking,-6.51,1.31,-2.72
Walking,1.33,3.91,-0.7218784
Walking,9.81,5.33,-0.65
Walking,-4.59,4.21,-1.57
Walking,-3.34,11.73,-1.56634
Walking,-2.87,9.38,-0.53
Walking,5.18,15.24,2.18
Walking,3.34,8.92,-1.3075534
Walking,4.79,7.78,-5.18
Walking,10.04,16.78,7.16
Walking,1.88,15.64,-1.4165162
Walking,-4.14,2.3,0.95
Walking,17.05,-10.31,3.91
Walking,-2.83,12.11,-0.04
Walking,-10.46,-5.63,-4.33
Walking,4.06,9.72,-2.72
Walking,1.73,8.39,1.69
Walking,0.08,7.25,-3.3642259
Walking,15.47,-7.97,0.04
Walking,5.75,11.37,-5.94
Walking,8.62,3.72,-0.42
Walking,-0.34,10.0,-0.89
Walking,-4.94,17.69,3.990762
Walking,2.91,2.26,-1.56634
Walking,3.26,12.37,0.11
Walking,0.65,12.49,-0.57
Walking,-2.07,3.38,-1.33
Walking,2.18,0.72,-0.08
Walking,14.9,1.23,4.2086873
Walking,-3.57,1.84,0.76
Walking,1.04,7.78,-1.8387469
Walking,6.66,12.91,7.67
Walking,-1.12,6.74,7.5456724
Walking,-5.28,12.79,1.04
Walking,-11.22,18.5,-3.15
Walking,5.18,10.04,-2.4925237
Walking,6.51,10.46,2.6832085
Walking,0.46,6.63,-3.02
Walking,-1.08,15.75,5.7477865
Walking,1.88,15.47,3.214402
Walking,4.440233,9.084772,-0.53119355
Walking,-3.15,12.22,-2.3699405
Walking,10.95,6.74,-0.93
Walking,-5.41,13.67,2.49
Walking,1.27,7.5,1.95
Walking,7.21,5.09,-2.4108016
Walking,1.65,15.83,-0.84446156
Walking,0.91,7.86,0.19
Walking,-3.45,7.5,1.08
Walking,-0.34,2.72,-1.99
Walking,6.82,12.64,3.17
Walking,1.27,16.51,1.1168685
Walking,-7.63,14.6,-1.42
Walking,0.95,2.87,-0.7627395
Walking,5.56,12.76,9.3
Walking,-3.95,14.21,-3.53
Walking,1.99,-2.68,-7.55
Walking,9.51,-0.69,-8.77
Walking,10.76,6.85,0.27
Walking,0.0,10.69,4.71
Walking,1.61,8.81,-0.46
Walking,1.95,10.34,0.19
Walking,8.89,13.29,-4.5628166
Walking,-0.46,4.18,-1.54
Walking,4.06,-0.34,-4.44
Walking,-3.64,2.49,1.8
Walking,-1.92,6.7,-2.07
Walking,4.9,5.09,-1.99
Walking,11.65,12.95,1.54
Walking,4.25,4.71,-0.50395286
Walking,-1.65,8.47,4.399372
Walking,4.44,9.11,3.636633
Walking,3.91,15.09,-1.5
Walking,0.31,4.37,4.1814466
Walking,4.48,6.93,0.9942854
Walking,-3.17,6.21,-3.76
Walking,-5.18,16.78,2.152015
Walking,13.4,-3.21,-5.48
Walking,-7.74,0.89,-0.65
Walking,-5.6,12.11,-2.22
Walking,10.31,11.88,5.48
Walking,4.6036777,13.865514,0.7627395
Walking,7.08,13.29,-2.1111538
Walking,13.4,-0.5,-6.3607025
Walking,2.11,3.41,1.4165162
Walking,5.37,13.91,12.11
Walking,-4.21,7.08,-3.34
Walking,2.15,14.33,-1.61
Walking,0.99,6.17,2.6423476
Walking,4.5628166,6.932757,-0.42223078
Walking,1.14,1.8,-3.5957718
Walking,3.76,8.73,0.040861044
Walking,-5.01,5.18,0.5
Walking,0.27,18.31,-3.64
Walking,6.02,15.4,6.469665
Walking,11.96,11.14,9.11
Walking,-1.18,9.0,-2.982856
Walking,1.5,10.34,4.1814466
Walking,-9.34,9.19,8.77
Walking,1.57,8.92,-1.46
Walking,-8.69,16.47,-6.78
Walking,5.94,8.01,-1.2258313
Walking,2.18,5.6,2.18
Walking,7.55,4.18,-1.2258313
Walking,-5.9,4.52,-5.8976107
Walking,-5.63,17.31,2.8738933
Walking,13.02,1.88,-10.46
Walking,-5.24,7.21,-5.56
Walking,14.6,3.11,9.302697
Walking,8.47,1.73,1.99
Walking,1.76,3.83,-2.982856
Walking,1.08,16.02,2.6832085
Walking,5.6,4.86,1.879608
Walking,0.19,4.44,-2.22
Walking,11.75,17.39,3.87
Walking,1.88,2.22,-0.8
Walking,-6.24,8.73,-6.47
Walking,-3.36,8.77,-12.15
Walking,-6.63,13.59,1.920469
Walking,1.88,13.4,0.040861044
Walking,-0.61,18.85,0.50395286
Walking,-4.86,3.45,-5.05
Walking,13.59,-0.72,-13.78
Walking,-3.02,6.82,0.46
Walking,2.83,13.18,0.08172209
Walking,-0.3,11.75,-3.21
Walking,-4.59,11.3,-1.57
Walking,5.9,12.37,1.6889231
Walking,3.79,19.5,-3.53
Walking,0.04,9.3,-3.636633
Walking,9.34,9.96,2.45
Walking,-0.31,8.96,-0.38
Walking,-5.05,2.37,-0.27
Walking,-0.19,6.44,3.568531
Walking,-1.33,12.98,1.1168685
Walking,-4.63,14.41,0.23
Walking,1.38,4.48,0.84446156
Walking,3.53,13.8,4.71
Walking,3.87,14.29,-3.568531
Walking,6.13,10.31,0.04
Walking,-3.26,9.85,3.0237172
Walking,1.14,11.73,-4.099725
Walking,-3.06,8.05,-3.02
Walking,-1.14,11.99,-1.46
Walking,1.33,6.24,-2.6014864
Walking,6.28,14.79,-1.42
Walking,-3.34,11.96,-3.45
Walking,6.32,14.02,3.405087
Walking,10.53,10.04,-1.5
Walking,-1.99,6.89,-4.29
Walking,-7.31,10.84,2.91
Walking,4.56,12.15,0.3405087
Walking,-1.38,9.96,-7.27
Walking,1.31,5.83,0.23154591
Walking,4.79,-1.42,-1.1168685
Walking,-6.47,11.8,-2.96
Walking,6.47,17.27,2.76
Walking,2.72,13.14,-0.3
Walking,0.46,8.54,-2.03
Walking,8.12,1.95,3.445948
Walking,5.9,11.26,4.903325
Walking,0.61,8.66,9.084772
Walking,-2.49,16.78,-4.37
Walking,-1.73,5.63,0.76
Walking,3.26,12.76,-2.1792557
Walking,-7.25,17.97,4.2495484
Walking,11.45,14.18,3.49
Walking,1.73,12.91,4.48
Walking,-4.82,2.22,-3.79
Walking,6.93,11.45,2.91
Walking,-5.28,8.69,3.6774938
Walking,0.23,10.76,-2.3426998
Walking,-3.06,16.66,16.780268
Walking,3.214402,8.62168,-0.3405087
Walking,-8.81,11.73,2.03
Walking,-0.8,2.45,-0.29964766
Walking,7.21,12.11,0.88532263
Walking,-0.99,15.75,-1.23
Walking,-1.5,9.92,-2.07
Walking,5.9,3.87,-2.6423476
Walking,0.19,5.01,-0.95
Walking,2.22,11.73,-1.334794
Walking,-2.22,4.44,2.3699405
Walking,-5.18,18.35,-4.75
Walking,-2.68,14.37,0.5
Walking,3.76,14.14,3.1054392
Walking,6.51,3.79,-0.57
Walking,-6.21,8.08,-9.08
Walking,-4.33,-1.76,-5.37
Walking,-1.27,8.54,-0.72
Walking,5.67,3.76,0.69
Walking,-7.35,7.82,-8.05
Walking,2.41,8.54,3.38
Walking,0.34,9.96,-2.4516625
Walking,5.94,16.09,-7.97
Walking,-9.0,14.6,2.0294318
Walking,-1.73,13.72,0.84446156
Walking,8.54,-3.02,-6.7
Walking,0.42,3.38,0.19
Walking,1.27,10.27,2.03
Walking,-1.27,14.02,2.1792557
Walking,5.2,4.94,-3.57
Walking,-0.69,11.22,-1.9477097
Walking,-5.63,8.62,-0.69
Walking,0.61,12.72,-0.27240697
Walking,4.37,7.12,6.1291566
Walking,-0.69,8.85,-1.3075534
Walking,4.44,14.63,5.13
Walking,2.22,10.84,2.8330324
Walking,1.18,5.22,-1.3075534
Walking,5.37,12.37,-2.3426998
Walking,8.39,4.48,1.3075534
Walking,-1.61,5.18,0.88532263
Walking,0.15,17.77,-2.49
Walking,-2.45,10.31,14.44
Walking,0.61,16.89,-0.11
Walking,-5.2,13.02,-3.11
Walking,0.93,11.65,-0.3405087
Walking,4.14,11.65,-4.0588636
Walking,2.18,11.99,-0.7218784
Walking,-0.84,2.41,-3.15
Walking,8.24,7.44,-2.79
Walking,-14.86,1.65,-1.42
Walking,1.33,3.38,-0.61
Walking,-1.5,4.48,-0.0
Walking,-2.98,3.34,-0.19
Walking,10.15,18.28,-2.6
Walking,-1.12,4.71,1.9477097
Walking,-4.06,8.39,0.23154591
Walking,-9.58,13.14,9.23
Walking,-4.44,12.68,-1.1168685
Walking,-0.42,17.92,-0.27240697
Walking,12.15,15.43,-2.1383946
Walking,-0.3,18.28,-4.399372
Walking,-2.41,6.09,-1.73
Walking,0.04,2.41,-0.5720546
Walking,-0.76,8.89,-0.95
Walking,2.79,9.7,1.3756552
Walking,9.43,9.96,0.50395286
Walking,-0.3,12.45,-2.8330324
Walking,-0.61,9.66,-0.99
Walking,6.05,1.12,-2.34
Walking,0.19,8.12,0.23154591
Walking,2.53,12.53,-0.34
Walking,-1.65,13.82,3.214402
Walking,0.0,12.03,-0.89
Walking,2.79,10.88,2.6014864
Walking,-1.23,10.42,-1.6889231
Walking,-3.02,10.12,-0.93
Walking,-0.72,7.78,1.18
Walking,2.64,5.41,-2.79
Walking,-0.38,12.79,-1.2666923
Walking,-1.84,17.35,10.038197
Walking,-5.63,7.4,-0.61
Walking,11.35,12.72,10.119919
Walking,4.21,7.25,-1.2666923
Walking,0.31,8.73,1.2666923
Walking,9.43,7.74,0.23154591
Walking,2.3,14.6,2.2201166
Walking,-1.73,15.05,1.1849703
Walking,-0.8,5.56,-5.33
Walking,-7.65,10.53,-3.76
Walking,6.93,13.29,0.19
Walking,4.9,13.99,8.08
Walking,6.36,12.22,4.630918
Walking,4.82,4.56,-4.2086873
Walking,3.95,2.72,-0.46
Walking,0.8,10.08,-1.31
Walking,14.14,17.24,-4.25
Walking,-0.3,10.27,-4.372132
Walking,0.89,12.03,-3.1463003
Walking,7.5,3.02,-0.10896278
Walking,-8.39,15.98,2.34
Walking,-0.61,6.74,1.18
Walking,0.65,16.59,0.46309182
Walking,3.3,8.92,-5.5162406
Walking,4.63,16.63,-1.08
Walking,3.76,16.32,-1.0760075
Walking,-7.59,7.06,5.6
Walking,2.03,6.09,-3.06
Walking,2.07,8.35,1.42
Walking,0.23,7.97,-2.45
Walking,-0.46,5.05,3.990762
Walking,-2.11,3.72,-0.95342433
Walking,9.96,9.58,-0.93
Walking,11.96,7.25,6.09
Walking,2.11,3.83,-2.26
Walking,3.76,10.0,-1.88
Walking,1.65,7.89,-2.75
Walking,7.59,7.89,-2.2201166
Walking,0.31,14.9,-3.87
Walking,19.91,10.84,0.8
Walking,3.45,7.59,0.08172209
Walking,-0.95,7.67,0.08172209
Walking,1.04,12.91,-0.9125633
Walking,-10.15,10.46,-0.95
Walking,1.57,13.99,0.6537767
Walking,-1.84,8.77,-0.65
Walking,0.27,1.04,0.99
Walking,1.88,11.75,-1.7570249
Walking,11.18,13.25,-4.440233
Walking,-0.46,11.41,-1.04
Walking,0.38,3.72,2.3699405
Walking,5.86,7.4,-1.879608
Walking,5.37,6.02,-1.334794
Walking,-3.06,13.91,1.3075534
Walking,-4.48,4.21,-3.9499009
Walking,13.29,3.64,4.52
Walking,9.72,2.91,-0.72
Walking,-16.25,5.01,-1.8
Walking,10.53,7.67,-0.29964766
Walking,9.89,3.83,-0.72
Walking,-4.25,14.18,-2.0294318
Walking,-8.54,19.57,10.27
Walking,1.31,11.96,-5.134871
Walking,6.02,12.57,3.255263
Walking,-4.99,3.57,-3.41
Walking,1.42,17.05,-0.69
Walking,0.15,12.87,-1.95
Walking,9.92,10.88,-1.607201
Walking,0.19,13.33,-1.99
Walking,-0.8,2.07,0.14982383
Walking,2.91,7.59,-2.6
Walking,-4.33,15.64,5.05
Walking,-5.09,3.76,-2.22
Walking,0.53,12.15,-1.2666923
Walking,-5.6,7.67,-2.6
Walking,0.34,18.73,-0.23154591
Walking,-5.86,16.21,1.5390993
Walking,6.89,7.35,0.5
Walking,-3.68,2.49,-1.12
Walking,3.41,10.69,-1.69
Walking,-2.79,9.72,-1.1441092
Walking,-2.14,7.27,-3.21
Walking,5.75,9.28,-1.4165162
Walking,-4.18,10.23,3.255263
Walking,6.21,3.72,2.4108016
Walking,-7.04,14.14,-0.11
Walking,7.44,6.63,0.91
Walking,6.24,19.34,-3.98
Walking,6.51,13.87,-0.23154591
Walking,10.38,9.66,-0.0
Walking,4.2904096,9.956474,-0.53119355
Walking,8.43,11.69,3.445948
Walking,0.72,10.5,-4.94
Walking,-9.66,8.16,3.64
Walking,-3.17,11.35,-0.91
Walking,-1.5,3.41,3.255263
Walking,-6.09,4.67,-5.05
Walking,3.72,10.46,2.3018389
Walking,2.83,9.38,-3.17
Walking,10.61,3.49,5.7477865
Walking,-4.1,11.84,1.607201
Walking,2.03,9.28,-1.99
Walking,5.71,7.27,0.38
Walking,15.13,0.15,-12.03
Walking,1.88,12.83,-0.19068487
Walking,2.75,5.33,-0.57
Walking,4.63,9.19,-0.11
Walking,8.2,8.01,-3.5957718
Walking,2.3,12.53,0.65
Walking,-2.64,9.62,-1.38
Walking,-4.18,17.35,0.19068487
Walking,12.37,4.63,9.084772
Walking,10.42,6.4,-1.65
Walking,-1.53,4.94,3.68
Walking,1.65,6.51,-3.8273177
Walking,-1.46,10.69,8.812365
Walking,3.91,9.3,-0.15
Walking,19.38,10.04,4.140586
Walking,-5.71,18.16,17.39
Walking,-0.19,12.03,1.31
Walking,-3.36,7.86,-5.6660647
Walking,11.37,13.91,1.5
Walking,6.09,4.99,-1.27
Walking,1.14,7.78,-1.08
Walking,0.11,8.92,1.88
Walking,0.84,17.58,9.615966
Walking,0.38,14.25,-3.68
Walking,-1.92,8.92,8.66
Walking,1.65,14.37,7.97
Walking,0.5,8.43,-0.6537767
Walking,5.28,2.79,3.9499009
Walking,-11.3,0.15,5.52
Walking,1.0351465,3.568531,-0.50395286
Walking,-3.76,2.68,-1.73
Walking,0.19,1.33,-3.636633
Walking,4.33,6.78,-1.1168685
Walking,-2.91,8.96,-2.37
Walking,-5.75,7.25,-4.99
Walking,-3.45,5.9,-0.11
Walking,-14.33,-10.5,17.67
Walking,4.21,8.89,-0.84
Walking,-3.49,19.38,1.7297841
Walking,0.19,8.47,-0.46309182
Walking,13.91,11.26,1.18
Walking,5.6,19.57,0.7218784
Walking,-5.67,17.62,0.42223078
Walking,2.11,9.11,2.152015
Walking,-4.1,6.47,3.0237172
Walking,-1.27,9.11,0.65
Walking,0.42,2.91,-2.79
Walking,0.10896278,14.859799,-4.1814466
Walking,5.43,10.84,-2.5333846
Walking,-2.98,12.72,-4.25
Walking,-1.54,8.08,-0.65
Walking,-3.49,2.98,-3.3
Walking,-0.04,6.82,0.15
Walking,2.76,11.37,-0.11
Walking,2.11,11.07,6.89
Walking,2.83,10.88,-0.27240697
Walking,-0.65,8.73,1.31
Walking,-2.56,7.06,-0.27
Walking,0.57,10.65,0.23154591
Walking,7.63,8.85,-0.0
Walking,6.7,5.05,-2.22
Walking,-8.77,15.64,-0.46
Walking,6.7,3.17,-1.04
Walking,-3.72,9.08,1.3756552
Walking,-1.92,5.22,2.87
Walking,4.99,6.93,3.6774938
Walking,17.43,-3.76,3.79
Walking,1.18,3.26,0.313268
Walking,2.18,15.51,-0.11
Walking,5.09,9.28,2.3699405
Walking,9.47,11.56,4.86
Walking,4.94,6.63,-1.0760075
Walking,1.84,2.76,-2.3
Walking,-9.58,0.15,0.69
Walking,-3.21,9.81,-0.93
Walking,-0.65,12.53,3.45
Walking,9.28,4.25,-0.99
Walking,1.99,7.27,-2.8738933
Walking,0.34,6.97,0.19
Walking,6.63,1.23,6.55
Walking,0.57,8.39,-0.89
Walking,2.87,16.21,1.4573772
Walking,-0.93,8.73,5.24
Walking,-11.65,8.47,2.37
Walking,-3.02,7.21,7.55
Walking,10.08,12.11,-0.53119355
Walking,4.79,3.91,-1.0351465
Walking,0.84,7.78,7.0553403
Walking,4.67,16.47,-0.53119355
Walking,-1.38,6.97,-1.56634
Walking,1.99,7.97,6.74
Walking,-4.02,2.64,3.21
Walking,7.67,12.37,1.607201
Walking,-1.18,3.57,-0.46
Walking,-7.01,6.74,-5.82
Walking,2.37,8.2,0.7627395
Walking,5.01,16.66,-3.95
Walking,1.42,14.37,-2.45
Walking,7.5,1.99,2.03
Walking,-16.17,3.41,1.46
Walking,1.12,10.99,-3.9090397
Walking,5.33,4.48,-2.4925237
Walking,-1.27,8.2,-0.15
Walking,5.79,11.69,-3.45
Walking,-1.73,16.47,-3.38
Walking,4.67,13.99,-6.47
Walking,10.38,11.96,4.5628166
Walking,-7.25,1.99,-4.86
Walking,3.87,8.01,1.6889231
Walking,-2.03,10.15,-2.98
Walking,-2.18,8.58,-0.34
Walking,8.85,-0.23,-1.84
Walking,2.79,11.26,1.2666923
Walking,6.21,8.31,-2.9556155
Walking,9.85,4.37,1.3075534
Walking,10.38,10.19,4.82
Walking,-12.87,5.41,1.18
Walking,-2.18,10.23,9.15
Walking,-3.68,10.19,0.27240697
Walking,-1.76,6.93,1.4165162
Walking,-6.05,8.58,-7.7772183
Walking,4.21,9.7,1.33
Walking,13.59,2.34,-3.2961242
Walking,-0.11,17.92,-3.45
Walking,-0.76,2.56,-1.38
Walking,3.72,9.11,1.3075534
Walking,3.6,12.95,-1.8387469
Walking,2.45,5.28,2.4516625
Walking,-3.06,5.05,-3.15
Walking,1.12,3.02,1.334794
Walking,3.41,9.58,-0.10896278
Walking,7.82,14.67,2.37
Walking,-2.96,3.87,-4.099725
Walking,3.91,12.37,12.571581
Walking,-3.06,7.82,-1.3756552
Walking,-2.14,14.37,0.99
Walking,4.29,3.79,-2.070293
Walking,1.73,16.21,-1.99
Walking,1.38,10.19,1.5390993
Walking,-2.87,1.12,-1.88
Walking,0.42,13.44,-4.63
Walking,-7.67,1.65,4.37
Walking,0.76,2.76,-2.070293
Walking,0.72,15.17,-9.04
Walking,-0.3,13.63,2.7649305
Walking,0.69,3.83,-3.486809
Walking,1.76,5.09,-1.1441092
Walking,0.31,7.55,-0.95
Walking,2.26,9.11,3.21
Walking,-6.93,7.01,-3.41
Walking,1.57,17.86,2.1792557
Walking,-8.92,6.44,-3.49
Walking,-1.12,2.41,0.040861044
Walking,-0.76,5.63,4.671779
Walking,-6.17,2.56,5.52
Walking,-17.88,9.77,-3.6
Walking,-1.31,8.24,-0.27240697
Walking,-5.2,12.68,0.27
Walking,-10.95,17.05,-0.38
Walking,-2.37,1.46,-0.38
Walking,-2.72,12.68,2.2201166
Walking,1.42,12.53,7.93
Walking,0.8,10.46,2.53
Walking,1.92,5.9,-2.070293
Walking,0.08,11.14,3.57
Walking,9.58,4.14,0.6537767
Walking,3.87,3.91,0.19
Walking,0.42,4.75,-1.2666923
Walking,1.27,7.7,1.46
Walking,5.37,0.65,-3.34
Walking,1.61,-0.99,-2.9147544
Walking,5.24,7.35,1.92
Walking,2.87,6.97,0.11
Walking,12.41,11.99,4.99
Walking,1.76,14.48,2.9556155
Walking,2.87,7.44,6.21
Walking,13.99,13.02,10.691973
Walking,2.14,6.97,-1.95
Walking,-0.95,7.74,-5.75
Walking,-1.57,6.21,0.15
Walking,5.22,8.28,-2.87
Walking,4.79,17.62,-0.89
Walking,-7.59,12.72,-2.6832085
Walking,-5.79,6.02,3.79
Walking,-9.08,5.28,-0.99
Walking,3.49,9.34,-2.64
Walking,-3.41,11.3,-0.27240697
Walking,-16.55,0.99,2.8738933
Walking,-1.04,2.45,-0.23154591
Walking,12.76,2.3,-4.82
Walking,10.99,-12.68,0.61
Walking,-2.56,9.53,-2.7513103
Walking,1.5,18.47,3.255263
Walking,-0.95,9.7,-2.2609777
Walking,3.26,11.5,-5.24
Walking,-4.33,5.9,-1.08
Walking,0.95,6.47,-0.14982383
Walking,-5.56,7.78,0.19
Walking,5.09,6.89,-5.5162406
Walking,-1.5,16.44,-3.445948
Walking,1.31,10.76,-0.42223078
Walking,-2.26,8.54,-2.15
Walking,-5.71,6.21,-1.84
Walking,2.3,8.66,1.4573772
Walking,6.05,1.84,-2.6423476
Walking,0.19,8.62,0.040861044
Walking,7.89,9.38,-2.6014864
Walking,-2.11,8.12,0.53
Walking,-0.61,3.3,-0.11
Walking,5.43,17.43,3.06
Walking,0.5,12.68,-0.5720546
Walking,-4.94,13.38,-3.91
Walking,11.3,7.35,4.18
Walking,1.8,12.53,3.15
Walking,-2.22,13.25,3.445948
Walking,-2.68,11.22,-0.38
Walking,-0.11,10.0,0.15
Walking,-5.83,-1.04,-0.08
Walking,12.07,12.41,0.46
Walking,-2.49,10.88,-1.12
Walking,3.53,3.76,0.11
Walking,11.45,18.43,7.31
Walking,16.13,9.28,-0.88532263
Walking,-2.18,9.08,9.58
Walking,-3.38,13.91,0.53
Walking,1.84,10.46,1.65
Walking,3.72,7.35,-1.0760075
Walking,7.12,9.81,2.07
Walking,-0.95,3.06,-2.5333846
Walking,6.59,9.3,1.5390993
Walking,-0.69,13.57,0.7627395
Walking,12.18,3.02,0.34
Walking,2.15,7.4,1.18
Walking,4.79,12.72,0.69
Walking,1.65,11.99,2.4925237
Walking,11.73,-1.8,-8.81
Walking,1.31,8.35,-1.7978859
Walking,3.83,9.7,-1.7570249
Walking,-3.17,3.26,8.85
Walking,4.02,3.34,-3.99
Walking,-0.65,10.8,8.390134
Walking,-8.66,10.04,-5.24
Walking,-5.82,8.01,-6.47
Walking,-4.21,11.96,-3.17
Walking,-5.48,1.99,5.43
Walking,2.91,5.33,-0.040861044
Walking,-2.91,4.67,-0.61
Walking,0.34,6.44,-2.5606253
Walking,1.84,9.34,-1.61
Walking,-1.08,1.92,-1.65
Walking,12.45,9.23,4.7943625
Walking,-2.34,8.39,1.23
Walking,1.46,8.92,-2.070293
Walking,-0.76,3.02,-0.14982383
Walking,2.64,5.22,-1.9885708
Walking,-5.6,16.89,4.944186
Walking,12.07,9.66,-4.399372
Walking,-4.71,13.06,-5.407278
Walking,5.37,2.22,2.79
Walking,-6.59,6.36,-5.284695
Walking,10.19,2.18,-0.9942854
Walking,-0.23,6.74,-3.68
Walking,-1.8,14.86,-1.9885708
Walking,17.97,-4.67,3.568531
Walking,-0.8,2.26,-2.68
Walking,1.76,13.06,7.44
Walking,-1.08,7.89,-0.72
Walking,6.66,11.14,-0.9125633
Walking,-11.8,12.6,-0.38
Walking,-0.34,7.21,-1.76
Walking,-0.08,7.35,-0.19068487
Walking,13.53,4.63,-1.23
Walking,5.37,6.13,-0.72
Walking,13.1,6.59,1.99
Walking,-5.33,12.18,2.9147544
Walking,12.22,-1.5,-8.85
Walking,8.2,6.85,3.6
Walking,13.53,-1.57,9.302697
Walking,0.42223078,10.95076,0.23154591
Walking,0.65,13.21,0.50395286
Walking,-2.11,3.49,-2.7921712
Walking,-3.68,5.28,-0.57
Walking,-1.38,8.96,0.7218784
Walking,3.41,4.71,-0.91
Walking,0.11,7.35,-0.38
Walking,-0.61,7.46,-1.73
Walking,-3.17,13.82,8.96
Walking,10.5,6.66,0.14982383
Walking,3.53,11.07,-0.38
Walking,3.91,5.09,-1.2666923
Walking,-6.24,3.76,-3.1054392
Walking,-2.68,13.18,4.02
Walking,0.57,12.98,-1.4573772
Walking,0.23,3.99,-1.92
Walking,3.72,12.41,2.4516625
Walking,-3.45,12.53,2.15
Walking,-2.18,1.08,-3.87
Walking,-3.68,11.8,-3.72
Walking,0.0,9.23,-5.48
Walking,4.25,7.63,-1.9477097
Walking,7.86,1.5,0.76
Walking,12.79,6.02,-1.38
Walking,2.68,8.12,-1.1168685
Walking,1.69,4.9,-1.33
Walking,7.55,10.84,1.23
Walking,-9.38,1.92,1.7978859
Walking,1.04,13.48,4.630918
Walking,0.76,11.54,1.57
Walking,-5.6,13.87,-0.84446156
Walking,-2.64,8.35,0.11
Walking,-0.84,6.74,3.99
Walking,12.79,18.31,1.334794
Walking,-9.85,10.57,5.79
Walking,-5.98,6.97,-1.61
Walking,-2.3,10.61,-8.24
Walking,14.33,3.15,2.41
Walking,17.47,-10.5,0.76
Walking,-5.18,10.73,0.61
Walking,10.19,14.21,5.366417
Walking,2.96,9.47,0.6946377
Walking,3.45,11.26,-2.15
Walking,1.18,4.18,1.879608
Walking,1.23,10.38,2.5333846
Walking,11.69,8.01,7.5865335
Walking,10.42,11.75,0.31
Walking,-2.07,11.75,-1.69
Walking,0.84,12.18,2.64
Walking,4.4,9.58,0.10896278
Walking,9.43,9.77,-3.2961242
Walking,6.97,10.8,2.76
Walking,0.27,8.08,-2.5606253
Walking,3.87,3.02,-3.0237172
Walking,10.34,3.64,-3.72
Walking,-8.2,11.11,9.38
Walking,-2.64,10.19,-3.36
Walking,13.48,3.95,0.0
Walking,2.4925237,5.2165933,-0.61291564
Walking,6.17,4.82,-1.607201
Walking,-4.06,14.25,-4.37
Walking,2.53,11.92,0.89
Walking,5.37,15.09,0.95
Walking,6.78,16.7,0.53119355
Walking,2.64,9.38,2.6014864
Walking,7.06,8.77,-1.57
Walking,-3.68,8.16,0.99
Walking,5.09,13.67,0.72
Walking,-2.79,4.94,0.6537767
Walking,4.33,8.31,-4.99
Walking,-0.23,9.96,-1.76
Walking,0.31,9.7,6.851035
Walking,9.3,3.68,-3.06
Walking,-1.04,17.12,-5.75
Walking,9.7,4.33,-2.79
Walking,18.92,-11.92,0.42
Walking,2.72,2.49,-2.22
Walking,1.88,10.57,-3.38
Walking,-8.96,13.18,0.23
Walking,8.73,8.69,-2.7513103
Walking,4.4,2.45,-0.10896278
Walking,7.25,5.05,-2.14
Walking,-2.68,3.76,2.5333846
Walking,-2.53,2.56,0.313268
Walking,-1.84,11.45,-1.12
Walking,-5.98,8.62,-3.45
Walking,-8.12,13.1,-6.510526
Walking,1.88,7.35,1.46
Walking,0.23,11.56,-2.76
Walking,12.79,16.93,7.89
Walking,5.56,7.93,7.5
Walking,-5.41,4.71,-0.99
Walking,1.8,13.95,4.1814466
Walking,2.68,10.99,1.73
Walking,-3.83,7.4,0.95
Walking,-1.12,9.58,-1.76
Walking,-3.02,7.08,-0.11
Walking,8.08,3.83,-1.7570249
Walking,10.0,3.76,-1.8387469
Walking,5.6,8.62,-2.2609777
Walking,2.07,5.22,-2.3426998
Walking,-5.28,2.56,-2.68
Walking,-4.4,19.34,5.7477865
Walking,3.68,9.11,-2.2201166
Walking,8.96,3.17,-4.33
Walking,4.02,8.31,-1.56634
Walking,4.56,10.84,3.6
Walking,-4.56,13.44,-2.26
Walking,-2.75,6.55,-1.0760075
Walking,13.87,5.33,8.62
Walking,-2.68,10.53,2.3
Walking,-2.79,1.04,-0.5
Walking,-1.14,16.28,8.62
Walking,-11.75,19.19,1.18
Walking,6.21,6.4,-2.8738933
Walking,1.99,8.89,-6.02
Walking,7.08,4.75,-2.37
Walking,-4.99,1.31,-2.37
Walking,8.12,11.45,-1.61
Walking,9.85,5.63,-0.6537767
Walking,9.72,12.34,4.0588636
Walking,-0.72,2.22,-4.02
Walking,0.84,15.64,0.76
Walking,0.65,9.53,-0.95
Walking,-1.14,7.27,-0.08172209
Walking,-0.91,4.1,1.56634
Walking,8.81,19.5,14.6
Walking,-5.13,4.25,4.6
Walking,3.79,7.12,-1.879608
Walking,17.77,5.13,-2.72
Walking,11.6,2.45,-0.61291564
Walking,6.82,17.88,-0.3405087
Walking,-1.65,11.99,-1.2258313
Walking,7.06,11.84,4.099725
Walking,-3.15,19.57,-6.09
Walking,-2.64,11.5,-1.42
Walking,15.83,-2.18,1.61
Walking,-14.75,14.86,10.46
Walking,9.34,2.3,-0.27
Walking,3.64,8.47,8.39
Walking,-2.96,3.6,6.4
Walking,-3.83,7.7,1.8
Walking,2.15,12.64,1.7297841
Walking,-1.73,14.33,0.53119355
Walking,-5.09,13.18,7.7772183
Walking,8.77,3.57,-0.46309182
Walking,1.57,5.43,-1.1441092
Walking,3.99,11.26,-2.34
Walking,3.68,10.84,-2.1792557
Walking,-2.87,4.18,1.0760075
Walking,9.08,-1.53,6.28
Walking,4.94,6.28,2.3
Walking,-1.31,2.49,-3.41
Walking,-5.37,0.19,-0.5
Walking,-5.71,9.85,-4.25
Walking,13.59,4.86,-0.84
Walking,8.01,10.88,1.56634
Walking,-0.3,16.13,-8.158588
Walking,-3.34,11.18,-4.37
Walking,9.08,10.65,-0.08172209
Walking,-2.6,10.23,-3.718355
Walking,1.95,8.89,0.08172209
Walking,-10.99,11.88,-3.68
Walking,-2.11,4.86,1.23
Walking,-0.53,11.8,-1.1168685
Walking,4.75,11.54,-2.79
Walking,3.76,9.04,-0.15
Walking,-8.24,9.7,-4.14
Walking,-3.57,14.52,-9.04
Walking,-3.06,17.73,-6.02
Walking,1.14,16.51,-1.1168685
Walking,12.18,5.6,4.399372
Walking,-3.41,17.43,-3.95
Walking,6.36,14.06,-0.65
Walking,3.06,13.1,1.2666923
Walking,0.08,4.48,-2.64
Walking,-2.96,3.53,-5.09
Walking,12.34,4.99,-1.23
Walking,9.0,12.64,-3.3642259
Walking,1.88,5.71,-2.11
Walking,-2.68,11.41,5.01
Walking,-3.64,11.3,-1.57
Walking,1.18,13.67,-0.61291564
Walking,4.67,8.35,-1.2258313
Walking,-3.64,16.59,-6.59
Walking,-3.26,14.63,4.56
Walking,6.78,17.27,-5.18
Walking,1.23,13.38,2.6423476
Walking,15.36,15.47,1.27
Walking,5.75,3.72,-0.5
Walking,-0.27,5.48,-1.9477097
Walking,3.72,8.01,2.4925237
Walking,3.26,8.58,1.7570249
Walking,6.28,7.25,-3.7864566
Walking,11.14,8.58,-1.8
Walking,0.04,11.6,-1.1168685
Walking,7.63,1.99,1.61
Walking,3.49,19.42,-3.11
Walking,4.75,9.96,7.97
Walking,-8.69,17.92,-10.337844
Walking,5.33,19.46,1.76
Walking,0.0,4.82,0.50395286
Walking,-11.5,0.5,3.06
Walking,-4.29,7.82,5.053149
Walking,2.37,12.68,-0.5720546
Walking,-2.45,8.47,-1.04
Walking,-2.56,17.12,-5.41
Walking,-0.15,9.38,-2.75
Walking,7.7,5.37,-1.46
Walking,1.14,7.59,6.44
Walking,-3.34,19.23,-4.099725
Walking,0.95,6.51,-1.334794
Walking,9.66,9.38,0.84446156
Walking,14.79,14.1,5.63
Walking,-4.59,16.89,1.2666923
Walking,18.73,-4.25,1.99
Walking,2.91,11.88,-1.0351465
Walking,-0.38,7.97,-0.23154591
Walking,-0.95,7.35,-0.23154591
Walking,-10.08,0.72,5.48
Walking,17.58,6.4,-0.76
Walking,-0.95,15.43,13.797412
Walking,-10.76,9.11,-2.15
Walking,5.24,9.3,2.8330324
Walking,-7.25,7.93,-0.76
Walking,3.11,7.97,2.87
Walking,11.96,7.78,0.19
Walking,-0.11,3.21,0.61291564
Walking,0.11,14.52,-0.08
Walking,-2.75,-3.49,-2.03
Walking,-0.04,3.02,1.1168685
Walking,0.42,5.48,-0.46309182
Walking,8.16,5.33,-5.6
Walking,2.03,10.42,-0.6537767
Walking,1.8,4.37,-1.73
Walking,3.72,10.15,0.8036005
Walking,1.54,8.08,1.334794
Walking,2.79,7.82,0.46309182
Walking,-1.31,11.18,2.7240696
Walking,0.69,13.02,-1.5
Walking,-2.6,4.56,-2.3
Walking,-2.83,3.6,-1.27
Walking,10.8,9.51,-1.7570249
Walking,3.02,6.21,-1.69
Walking,2.87,14.33,4.82
Walking,7.7,4.99,0.6537767
Walking,6.66,5.52,11.07
Walking,-5.75,9.28,-4.7943625
Walking,2.56,13.53,-1.38
Walking,14.25,-0.8,-12.64
Walking,18.05,12.15,-3.214402
Walking,-1.73,-0.61,-5.7477865
Walking,-3.38,12.53,-3.38
Walking,2.03,6.21,-1.5
Walking,7.78,12.07,1.88
Walking,0.31,1.18,-0.29964766
Walking,-8.5,6.82,-0.34
Walking,-3.83,5.6,-2.53
Walking,2.79,12.64,-1.0760075
Walking,-5.28,0.93,-1.27
Walking,1.61,11.6,0.88532263
Walking,0.04,17.39,1.95
Walking,-2.11,5.01,-3.173541
Walking,5.22,9.23,-2.9556155
Walking,-2.41,6.55,0.34
Walking,-6.66,14.52,-5.5162406
Walking,-9.49,11.54,-1.42
Walking,-1.76,9.77,-5.79
Walking,6.85,13.33,-4.14
Walking,2.96,5.09,-1.4573772
Walking,-5.71,0.61,-1.54
Walking,2.18,12.34,-5.01
Walking,-1.99,9.43,-8.85
Walking,18.31,19.38,-1.08
Walking,-0.69,5.22,-0.53119355
Walking,2.96,3.38,0.5
Walking,3.64,3.91,-2.83
Walking,-1.46,5.37,-2.45
Walking,-6.05,9.15,1.2666923
Walking,9.43,9.04,1.6480621
Walking,-7.7,6.17,-1.46
Walking,5.48,2.18,0.50395286
Walking,1.65,1.57,5.01
Walking,-4.9,9.72,0.76
Walking,-3.79,12.91,-0.23
Walking,12.18,4.94,-0.69
Walking,7.04,11.99,1.08
Walking,13.06,19.08,-2.07
Walking,-0.08,3.79,-4.671779
Walking,0.23,9.72,-1.88
Walking,-5.33,6.17,3.41
Walking,6.55,7.63,4.7943625
Walking,1.08,16.44,3.759216
Walking,0.19,4.86,-0.95
Walking,7.86,6.66,-1.8387469
Walking,3.64,2.98,2.3426998
Walking,-7.97,4.18,-8.771504
Walking,1.92,9.19,-3.9499009
Walking,0.15,5.94,4.7535014
Walking,11.56,7.4,-0.91
Walking,0.72,4.37,-2.2201166
Walking,-2.91,13.18,5.71
Walking,0.04,8.77,1.6889231
Walking,4.02,10.34,1.1441092
Walking,3.45,4.48,3.1054392
Walking,2.26,7.89,-0.53119355
Walking,-5.2,14.98,0.42
Walking,3.91,14.37,-5.94
Walking,4.25,9.0,0.34
Walking,2.41,9.77,1.95
Walking,4.14,6.32,-7.7
Walking,-2.56,9.43,-0.69
Walking,4.02,8.81,-3.21
Walking,-2.79,14.21,0.313268
Walking,-0.04,4.06,3.26
Walking,10.57,2.07,0.8
Walking,7.12,9.92,0.08
Walking,10.0,10.42,-4.37
Walking,-3.45,10.57,6.24
Walking,-0.53,8.58,0.69
Walking,3.06,15.66,-6.43
Walking,3.06,4.86,-2.76
Walking,-7.44,10.42,-6.47
Walking,0.11,10.42,2.0294318
Walking,0.84,15.09,4.8216033
Walking,15.79,-7.46,3.21
Walking,-5.43,13.87,-3.38
Walking,-1.27,14.71,-2.6832085
Walking,4.86,11.6,2.7921712
Walking,0.65,4.33,1.54
Walking,6.55,9.77,1.8387469
Walking,-4.59,0.65,-0.6537767
Walking,-10.84,0.08,-2.3
Walking,-4.06,16.13,-4.37
Walking,0.57,3.99,-1.92
Walking,12.87,12.34,2.49
Walking,-0.46,8.54,0.84446156
Walking,0.0,7.97,0.27
Walking,0.11,8.05,1.1168685
Walking,5.01,4.75,-1.2666923
Walking,-2.41,7.74,-3.15
Walking,-5.86,1.8,-0.57
Walking,-7.12,7.89,-3.76
Walking,-1.31,12.3,-2.1111538
Walking,3.06,9.77,-3.87
Walking,-0.42,12.53,-10.57
Walking,8.62,19.5,12.912089
Walking,15.55,17.92,13.0619135
Walking,-2.79,2.98,0.08172209
Walking,2.56,8.89,2.45
Walking,19.5,4.99,3.64
Walking,-2.96,7.08,-2.26
Walking,0.0,7.5,1.31
Walking,4.9,12.3,-2.53
Walking,-2.37,4.14,-1.8387469
Walking,0.23,12.95,-2.11
Walking,10.99,-2.6,6.97
Walking,3.57,8.66,0.27
Walking,5.67,5.86,-1.920469
Walking,1.3075534,3.1054392,-1.4982382
Walking,2.03,11.07,-0.61
Walking,1.08,9.58,10.991621
Walking,6.89,3.87,-0.27240697
Walking,0.08,14.41,0.19
Walking,0.72,13.48,4.67
Walking,2.96,6.47,-1.1168685
Walking,0.42,9.85,0.50395286
Walking,2.11,5.98,-1.4165162
Walking,-5.28,5.05,0.91
Walking,2.22,10.57,-0.84
Walking,-0.3,8.73,-0.53119355
Walking,-14.33,18.66,0.11
Walking,5.63,10.53,0.46
Walking,13.72,-1.04,-12.72
Walking,8.2,9.51,-4.671779
Walking,-1.69,4.71,0.27
Walking,12.11,8.92,1.84
Walking,1.99,15.09,-3.57
Walking,16.7,16.93,11.34575
Walking,-2.22,6.63,-0.34
Walking,-1.27,7.31,1.95
Walking,1.14,5.05,-2.37
Walking,-1.8,12.11,8.54
Walking,-3.11,13.48,-5.41
Walking,3.06,8.28,2.98
Walking,-0.34,7.01,-3.3642259
Walking,0.76,6.4,-0.3
Walking,-1.99,5.05,-4.5628166
Walking,3.49,2.15,-3.636633
Walking,-2.79,6.32,-1.27
Walking,5.24,13.48,2.7649305
Walking,-2.64,4.44,2.7649305
Walking,2.76,3.79,-1.0351465
Walking,-2.75,9.04,0.7627395
Walking,-2.56,3.76,-0.53
Walking,-1.42,13.4,-0.5
Walking,2.03,6.7,-1.57
Walking,1.42,7.63,1.27
Walking,-2.03,8.28,-3.45
Walking,3.83,12.22,-2.1383946
Walking,12.6,-1.8,-8.73
Walking,1.42,15.28,2.37
Walking,-1.33,7.44,0.7627395
Walking,2.49,12.11,-1.5
Walking,11.5,6.97,-1.08
Walking,1.38,4.33,-2.1383946
Walking,0.04,3.68,4.0180025
Walking,0.19,13.95,-0.69
Walking,-3.34,12.41,6.05
Walking,1.8,7.97,0.19068487
Walking,-7.12,17.01,-4.48
Walking,-2.79,19.84,14.48
Walking,-8.5,19.57,-10.0
Walking,9.43,4.06,1.6480621
Walking,-2.34,11.75,-4.8216033
Walking,7.59,4.44,-0.29964766
Walking,5.94,12.53,-2.1383946
Walking,-6.24,10.99,-4.48
Walking,-3.68,11.41,-7.205164
Walking,4.82,7.4,-1.2258313
Walking,15.98,12.98,13.91
Walking,4.75,3.72,0.23
Walking,-1.23,13.21,-1.9477097
Walking,4.37,12.68,-2.5333846
Walking,7.04,5.67,0.34
Walking,5.13,7.67,0.27
Walking,0.53,10.53,2.4516625
Walking,-8.08,2.83,8.27
Walking,-4.06,19.23,1.4165162
Walking,-0.89,10.23,-0.27
Walking,3.11,10.73,3.214402
Walking,-8.2,5.48,8.27
Walking,-1.76,3.64,-2.91
Walking,0.46,14.1,2.53
Walking,0.69,-0.65,-6.89
Walking,9.92,-0.5,-5.6
Walking,-0.8,12.98,0.88532263
Walking,-5.37,1.69,-2.1792557
Walking,0.61,1.46,-1.2666923
Walking,-1.08,5.22,6.02
Walking,0.27240697,14.560152,-4.1814466
Walking,8.31,13.8,12.11
Walking,2.56,2.68,3.3
Walking,2.18,7.12,-2.98
Walking,-1.08,7.7,0.57
Walking,-0.38,4.71,-0.19
Walking,-1.31,15.94,-0.89
Walking,4.75,0.04,-4.94
Walking,9.92,-0.19,-7.97
Walking,16.86,9.51,-10.34
Walking,12.68,7.44,5.6660647
Walking,-2.56,10.08,-1.18
Walking,2.45,15.55,13.29
Walking,-1.08,10.42,1.76
Walking,-0.23,9.85,-5.6
Walking,-2.53,9.81,-4.63
Walking,5.75,15.47,7.504812
Walking,-2.03,2.64,-2.03
Walking,-1.84,6.51,0.53119355
Walking,-0.61,11.54,-0.89
Walking,-0.91,1.84,1.879608
Walking,13.21,11.88,-3.06
Walking,-1.84,3.34,-1.5
Walking,4.14,7.25,-0.5720546
Walking,4.4,2.34,-0.95
Walking,1.92,7.4,2.37
Walking,5.79,12.26,0.6537767
Walking,9.34,17.73,12.72
Walking,-3.06,15.36,-1.7978859
Walking,7.21,8.92,-2.7921712
Walking,-1.46,15.05,4.5219555
Walking,-8.05,14.94,0.5720546
Walking,13.18,7.27,-3.5957718
Walking,-6.09,3.68,-9.084772
Walking,6.47,2.3,1.12
Walking,1.61,11.8,10.04
Walking,11.69,5.83,1.99
Walking,7.59,11.37,5.6252036
Walking,-3.53,4.06,0.65
Walking,-1.38,11.54,4.29
Walking,-3.21,11.56,-4.18
Walking,5.94,9.04,4.140586
Walking,-1.08,9.04,-0.27
Walking,-3.68,5.48,1.4165162
Walking,0.27,9.81,-1.0760075
Walking,-1.14,19.11,-4.140586
Walking,2.15,2.03,-3.5957718
Walking,1.69,7.97,-1.8
Walking,8.92,18.73,-3.68
Walking,11.56,13.91,4.37
Walking,3.76,17.35,-0.23154591
Walking,6.21,7.67,0.19068487
Walking,-5.98,4.94,-7.93
Walking,-2.26,8.2,1.0760075
Walking,14.94,-4.02,-7.59
Walking,0.15,10.73,1.6480621
Walking,-5.41,3.57,-4.1814466
Walking,-7.35,12.18,1.27
Walking,-3.57,8.16,-7.504812
Walking,-4.67,6.66,-3.57
Walking,-0.95,11.07,-2.3699405
Walking,5.37,6.59,1.6480621
Walking,10.69,9.47,9.507003
Walking,3.95,11.5,0.38136974
Walking,0.5,6.09,-1.12
Walking,-16.74,-0.65,-6.7
Walking,-0.61,2.98,-3.83
Walking,17.67,-7.93,-6.85
Walking,-0.31,7.82,-1.04
Walking,5.01,7.74,1.3756552
Walking,-1.33,15.7,0.10896278
Walking,-0.04,8.69,-1.3756552
Walking,-3.57,4.06,-5.24
Walking,1.69,12.83,2.7921712
Walking,1.5,7.78,0.6537767
Walking,4.75,19.53,-0.27240697
Walking,0.31,11.45,-3.76
Walking,0.34,14.75,-0.27
Walking,16.74,-2.41,-1.5
Walking,-1.69,4.33,-1.31
Walking,-8.5,13.29,1.18
Walking,2.79,12.68,-2.6014864
Walking,6.7,13.4,-1.3075534
Walking,-1.33,9.28,1.42
Walking,4.79,8.28,0.8
Walking,-3.53,11.5,-1.65
Walking,2.34,9.81,0.0
Walking,-1.53,2.96,0.14982383
Walking,10.46,4.9,-1.12
Walking,4.82,13.25,0.6537767
Walking,-2.11,5.6,-1.2666923
Walking,-2.96,10.53,-3.17
Walking,7.5,13.44,-0.72
Walking,-0.69,8.77,2.68
Walking,-2.6,18.12,-0.38
Walking,-5.56,9.23,0.19068487
Walking,4.79,10.31,1.920469
Walking,1.14,11.6,7.5865335
Walking,4.06,7.44,-0.7627395
Walking,6.28,17.31,-0.84446156
Walking,-0.84446156,-1.1849703,-2.1792557
Walking,0.23,3.87,-0.88532263
Walking,-2.07,8.43,1.879608
Walking,-3.26,6.59,-3.53
Walking,-1.57,2.83,-4.7535014
Walking,-0.57,12.49,7.35
Walking,-2.87,15.43,-4.903325
Walking,-5.6,-0.11,-5.24
Walking,-1.04,11.3,-0.72
Walking,-1.95,13.14,-3.405087
Walking,-0.5,1.84,0.42223078
Walking,-0.53,4.86,-0.19068487
Walking,6.93,8.92,-2.37
Walking,0.15,7.01,0.61
Walking,-2.49,10.61,6.97
Walking,1.65,7.7,-6.13
Walking,-6.02,13.44,1.42
Walking,13.91,9.04,-1.61
Walking,-1.46,4.82,-1.46
Walking,0.11,14.67,3.87
Walking,15.05,5.71,2.96
Walking,0.23,14.71,2.1111538
Walking,6.93,10.84,-3.0237172
Walking,-5.2,12.91,-0.65
Walking,2.76,4.29,-2.6832085
Walking,-4.4,0.34,0.91
Walking,4.6,7.82,-1.1441092
Walking,3.41,7.55,2.982856
Walking,18.16,7.25,7.78
Walking,6.17,7.08,4.2495484
Walking,-0.23,18.39,14.982383
Walking,3.64,7.35,-0.8036005
Walking,2.96,15.32,-0.42223078
Walking,-3.15,14.37,-0.38
Walking,1.84,6.4,0.23154591
Walking,-4.82,-1.57,-5.134871
Walking,0.08,1.31,-3.68
Walking,7.82,8.12,0.08172209
Walking,9.23,-0.19,-6.7
Walking,0.95,11.75,1.18
Walking,-8.27,18.81,-5.09
Walking,-2.98,10.46,10.65
Walking,-0.11,18.35,18.39
Walking,-3.79,4.33,0.3
Walking,-1.42,7.7,0.84446156
Walking,-5.56,2.41,-1.42
Walking,10.34,10.5,2.6832085
Walking,-2.53,11.99,1.31
Walking,-1.14,13.48,0.27240697
Walking,0.99,9.53,1.31
Walking,3.99,4.02,3.38
Walking,-5.37,7.5,-1.57
Walking,5.56,2.26,-3.8273177
Walking,-6.21,16.89,-7.82
Walking,6.4,9.04,-4.02
Walking,11.56,4.9,-1.23
Walking,8.24,15.21,3.759216
Walking,3.41,7.35,-1.6480621
Walking,-0.46,15.6,-3.68
Walking,1.57,7.63,-0.6537767
Walking,3.99,4.44,0.6946377
Walking,3.173541,11.686258,-2.6832085
Walking,-7.86,5.05,2.3
Walking,5.82,6.13,0.99
Walking,1.27,10.65,7.04
Walking,2.96,15.32,2.96
Walking,6.05,0.42,-1.31
Walking,7.78,13.02,-0.9942854
Walking,11.07,7.97,-0.88532263
Walking,-2.11,7.63,1.2666923
Walking,6.89,5.56,-1.31
Walking,-9.0,-2.56,3.91
Walking,-2.56,9.0,-0.42
Walking,16.02,1.69,2.6
Walking,-1.76,12.53,0.23
Walking,7.93,-8.24,-8.88
Walking,-3.41,4.9,-0.46
Walking,-1.08,8.92,-3.45
Walking,4.79,14.06,4.140586
Walking,-2.03,10.69,-0.69
Walking,18.47,5.71,-10.69
Walking,-2.98,12.6,-1.9477097
Walking,-0.93,8.12,-0.61
Walking,-1.99,6.32,-2.11
Walking,-3.06,13.57,-2.9147544
Walking,4.37,10.15,2.11
Walking,-4.56,12.37,2.56
Walking,8.08,5.71,3.36
Walking,-2.37,4.82,-0.19068487
Walking,1.23,10.5,-1.73
Walking,10.69,8.35,1.3756552
Walking,-0.61,3.53,2.83
Walking,-4.71,5.48,4.0588636
Walking,-0.8,7.27,0.95342433
Walking,2.6,12.79,8.39
Walking,4.56,3.79,-0.23154591
Walking,-0.15,8.69,-3.568531
Walking,3.72,9.53,1.879608
Walking,-1.53,15.85,-1.7570249
Walking,0.34,8.89,-2.982856
Walking,-5.05,11.65,-0.9942854
Walking,-10.11,16.36,11.03
Walking,7.7,5.37,8.390134
Walking,-7.65,16.32,-4.0180025
Walking,-1.38,8.12,-0.69
Walking,-4.67,0.11,-5.63
Walking,-5.33,0.08,-5.18
Walking,2.49,12.07,-4.06
Walking,-0.34,7.21,0.08
Walking,9.72,-10.38,-10.31
Walking,-0.42,14.21,1.920469
Walking,12.6,3.99,0.46309182
Walking,5.94,10.73,2.8330324
Walking,-7.78,8.62,-7.31
Walking,0.65,11.37,6.66
Walking,5.9,12.98,-3.11
Walking,-2.37,4.56,-1.84
Walking,2.3,13.14,3.0645783
Walking,1.69,6.85,0.46
Walking,-5.83,0.53,-2.6
Walking,2.83,7.59,-0.76
Walking,2.68,2.41,-0.19068487
Walking,1.95,8.54,2.26
Walking,0.0,11.22,0.61
Walking,-6.78,6.78,-0.04
Walking,-1.8,12.76,5.13
Walking,4.94,7.89,-2.91
Walking,0.57,13.1,-1.607201
Walking,15.13,4.75,0.84
Walking,-0.53,16.7,0.5720546
Walking,0.53,6.09,-0.5
Walking,-0.89,9.77,0.31
Walking,2.14,9.85,-0.42
Walking,-4.4,3.49,-1.3075534
Walking,-5.82,12.45,2.64
Walking,1.54,7.97,-1.69
Walking,-1.84,11.45,-3.36
Walking,4.86,2.72,-2.0294318
Walking,-8.01,8.12,0.53
Walking,-4.29,14.14,-0.5720546
Walking,0.11,3.6,-0.91
Walking,7.55,3.99,-2.75
Walking,6.89,5.71,-2.3
Walking,-4.82,1.12,-10.65
Walking,-4.9,2.76,-4.7535014
Walking,9.11,16.32,-8.39
Walking,1.54,13.38,7.8180795
Walking,2.83,8.39,-1.65
Walking,-2.75,16.28,10.337844
Walking,-1.92,16.55,4.29
Walking,-1.61,19.27,5.67
Walking,-3.3,8.85,-4.02
Walking,8.62,16.59,-1.3075534
Walking,6.02,5.86,2.03
Walking,-9.3,16.04,-0.65
Walking,0.84,14.56,12.95
Walking,8.89,9.04,3.173541
Walking,0.53,5.05,1.14
Walking,3.21,8.05,0.92618364
Walking,7.21,8.85,-1.1849703
Walking,-4.79,10.8,2.07
Walking,10.5,0.65,8.89
Walking,-1.31,8.35,3.21
Walking,7.7,11.22,-2.22
Walking,-0.08,13.21,1.7978859
Walking,0.38,13.48,-2.22
Walking,-8.16,12.07,-0.89
Walking,12.37,17.31,2.6423476
Walking,-2.53,7.08,-1.99
Walking,-11.3,18.47,15.66
Walking,4.37,8.08,-0.23
Walking,0.5,8.73,-0.53
Walking,-0.42,8.92,1.4573772
Walking,-4.4,11.14,-6.428804
Walking,7.82,3.83,-0.38136974
Walking,1.95,13.1,2.6
Walking,-5.67,12.03,0.76
Walking,-10.0,10.95,3.87
Walking,-1.76,7.01,7.25
Walking,7.08,8.66,-0.11
Walking,1.84,18.01,-1.69
Walking,-1.08,6.28,2.3699405
Walking,1.23,7.82,2.18
Walking,-4.86,8.24,-0.69
Walking,9.3,3.72,-0.08172209
Walking,0.69,6.59,-0.57
Walking,-6.05,4.67,-2.49
Walking,-0.23,5.6,-0.3
Walking,-7.25,15.98,12.95
Walking,4.18,17.73,-2.7513103
Walking,-8.16,18.81,-2.3
Walking,2.79,15.51,4.33
Walking,-6.47,9.11,-5.407278
Walking,-3.72,7.5,-4.02
Walking,9.92,8.85,5.41
Walking,-5.82,16.13,0.42
Walking,-4.02,9.19,-2.83
Walking,2.22,2.83,-2.2609777
Walking,2.15,7.06,-1.9885708
Walking,-1.04,6.05,-0.3405087
Walking,3.718355,7.668256,-1.920469
Walking,4.06,7.06,-2.1383946
Walking,-2.98,2.07,-0.7218784
Walking,-1.12,10.61,-1.61
Walking,0.53,8.28,-0.19068487
Walking,-4.06,2.07,-3.68
Walking,2.26,4.02,-1.525479
Walking,5.33,10.95,-3.9771416
Walking,-3.21,14.63,3.990762
Walking,0.23,6.4,7.31
Walking,-7.97,13.67,17.05
Walking,9.51,3.91,-0.38136974
Walking,1.08,9.96,0.53119355
Walking,-2.83,2.91,3.41
Walking,-6.43,12.03,-1.84
Walking,-1.18,9.3,-1.53
Walking,13.59,5.01,1.18
Walking,3.68,10.04,-1.2258313
Walking,12.3,9.3,-1.9885708
Walking,12.95,5.18,3.3
Walking,8.81,4.37,-3.02
Walking,-0.46,19.57,-4.7126403
Walking,-1.23,5.56,-3.9771416
Walking,2.34,11.07,-1.18
Walking,3.15,2.96,-0.7627395
Walking,-2.53,-0.42,-3.45
Walking,8.73,13.95,3.255263
Walking,-0.46,8.47,0.8
Walking,-13.87,5.18,3.02
Walking,0.11,9.81,1.0760075
Walking,0.15,16.7,0.23
Walking,7.7,8.62,8.62168
Walking,-2.56,4.9,2.49
Walking,1.46,11.75,-1.84
Walking,-0.23,9.3,-2.53
Walking,0.42,6.02,4.82
Walking,-1.8,13.1,2.070293
Walking,-0.3,9.77,0.53
Walking,-0.08,8.73,-0.27
Walking,3.3,13.4,8.853226
Walking,-2.64,3.79,3.21
Walking,-3.83,12.64,0.313268
Walking,0.23,8.96,-2.26
Walking,9.66,11.07,-13.53
Walking,-18.2,4.21,-3.11
Walking,4.1,8.66,2.45
Walking,6.51,9.3,0.95
Walking,1.38,4.99,0.8036005
Walking,3.36,5.33,1.53
Walking,7.59,12.68,2.2201166
Walking,5.18,7.44,1.54
Walking,19.38,6.66,-3.759216
Walking,-7.01,10.08,-6.2108784
Walking,1.38,6.21,-3.41
Walking,5.09401,9.00305,5.243834
Walking,9.11,9.89,-3.636633
Walking,1.73,13.99,2.7240696
Walking,4.06,12.64,0.8
Walking,-0.04,13.14,1.3756552
Walking,0.38,3.17,-5.134871
Walking,1.12,10.42,0.04
Walking,0.84,13.91,-0.7218784
Walking,0.65,3.76,0.6537767
Walking,1.69,10.99,-1.76
Walking,-16.17,1.57,0.27
Walking,1.61,8.24,1.69
Walking,-7.25,6.05,-4.399372
Walking,2.49,8.73,-1.54
Walking,11.18,5.33,-2.1383946
Walking,-0.72,4.02,1.88
Walking,-4.48,2.6,-2.91
Walking,2.41,11.84,1.8
Walking,-1.57,9.53,-0.89
Walking,-5.71,1.38,0.42
Walking,3.91,-1.27,-1.12
Walking,-5.83,-1.65,4.75
Walking,6.13,5.05,-1.2666923
Walking,5.75,19.31,-2.64
Walking,-0.84,7.93,-0.72
Walking,-0.15,5.83,0.34
Walking,10.31,7.12,0.95342433
Walking,14.71,14.82,-2.1111538
Walking,18.96,2.15,-3.759216
Walking,10.46,7.59,3.990762
Walking,-3.21,15.89,0.61291564
Walking,17.31,18.89,10.378705
Walking,-2.83,10.57,-1.4573772
Walking,1.99,6.93,-2.6
Walking,-1.18,12.37,2.11
Walking,3.21,12.26,-1.525479
Walking,4.9,6.24,-6.13
Walking,-5.75,5.09,-7.3958488
Walking,3.49,10.23,-0.95
Walking,5.05,8.66,-1.2258313
Walking,1.8,12.87,2.41
Walking,2.49,8.5,2.6423476
Walking,-1.73,16.47,-5.48
Walking,-1.42,4.33,-2.6
Walking,-0.89,8.58,-1.27
Walking,0.04,8.35,-0.23
Walking,-4.29,15.43,-2.4516625
Walking,-0.04,8.47,-0.69
Walking,-0.38,5.33,1.2258313
Walking,-4.99,2.34,-1.42
Walking,-2.03,11.11,3.405087
Walking,4.71,13.1,7.78
Walking,7.31,14.86,-0.95342433
Walking,-8.28,12.76,0.0
Walking,3.3,16.55,1.88
Walking,-1.23,3.17,0.08172209
Walking,-7.46,7.97,3.02
Walking,2.9147544,3.8681788,-0.23154591
Walking,-0.99,4.71,-2.7513103
Walking,-2.75,5.09,6.510526
Walking,-1.53,2.76,-1.33
Walking,-0.72,10.23,0.04
Walking,-13.53,1.18,11.69
Walking,1.5390993,5.7886477,-2.8738933
Walking,-1.65,16.13,2.7921712
Walking,-5.71,7.06,-3.26
Walking,-3.11,12.03,-0.040861044
Walking,15.05,-0.76,-6.510526
Walking,-6.43,8.85,-3.72
Walking,3.3,8.28,-3.87
Walking,-3.68,2.6,2.72
Walking,2.15,5.24,3.9090397
Walking,0.46,4.37,-2.6832085
Walking,1.08,13.4,4.2904096
Walking,1.99,15.24,1.1849703
Walking,6.97,9.51,-3.49
Walking,2.64,12.83,4.140586
Walking,0.84,15.17,-0.46309182
Walking,6.66,4.06,-1.12
Walking,-5.01,13.63,0.3
Walking,0.23,9.11,-2.83
Walking,0.72,7.5,-0.46
Walking,3.6,11.65,-1.9885708
Walking,2.49,12.68,-0.5720546
Walking,-2.98,7.82,-3.76
Walking,-0.95,9.38,-1.99
Walking,-4.75,13.48,-0.04
Walking,-4.82,2.34,-2.49
Walking,-0.76,3.02,1.2258313
Walking,7.89,13.02,0.92618364
Walking,-0.15,7.93,-0.61
Walking,-2.41,6.32,3.9090397
Walking,4.52,13.82,-1.08
Walking,0.76,8.16,-3.11
Walking,11.3,7.31,4.94
Walking,-3.68,3.02,-0.34
Walking,5.01,9.96,-2.6014864
Walking,-1.73,14.18,5.56
Walking,2.37,9.15,2.4108016
Walking,6.74,6.02,-2.0294318
Walking,0.5,12.03,-3.759216
Walking,13.44,17.82,2.83
Walking,-2.53,11.75,6.3607025
Walking,-10.57,8.85,2.34
Walking,11.22,-0.04,5.48
Walking,-0.11,13.29,-0.27
Walking,2.87,14.02,3.9090397
Walking,-2.72,8.05,-0.34
Walking,-1.57,7.67,-1.7570249
Walking,2.07,8.43,-1.1441092
Walking,-11.54,12.41,-1.14
Walking,-0.38,8.77,0.8036005
Walking,-5.48,10.61,0.14982383
Walking,4.18,10.46,1.69
Walking,-3.53,13.48,-0.95
Walking,-5.63,8.05,-6.74
Walking,1.31,13.87,-1.88
Walking,-5.13,13.21,-0.89
Walking,1.57,15.51,7.6954966
Walking,2.22,5.71,-0.3405087
Walking,-1.33,7.59,-2.3
Walking,16.28,0.65,4.2086873
Walking,-0.08,14.71,7.74
Walking,2.83,6.09,3.336985
Walking,-3.21,8.92,-2.91
Walking,-1.84,5.63,-2.6
Walking,14.52,1.54,6.63
Walking,15.79,-6.82,-12.15
Walking,0.95,7.67,-0.14982383
Walking,-2.49,7.27,0.99
Walking,7.25,10.65,0.14982383
Walking,-2.15,8.05,3.72
Walking,4.99,8.81,-0.88532263
Walking,1.7978859,5.284695,-4.903325
Walking,-0.11,5.09,0.3405087
Walking,0.93,14.1,2.6014864
Walking,-1.92,11.65,1.334794
Walking,-10.5,19.31,-8.66
Walking,6.82,9.3,-1.7978859
Walking,-0.76,11.14,4.48
Walking,-4.67,19.57,-2.34
Walking,3.17,6.74,-0.38
Walking,-5.63,13.87,-0.15
Walking,4.29,17.43,-0.7218784
Walking,-1.18,15.83,-4.67
Walking,-6.97,10.92,-0.91
Walking,3.06,6.93,-1.1441092
Walking,0.08,12.98,0.84
Walking,2.152015,9.575105,-1.56634
Walking,0.27,11.99,-0.61291564
Walking,0.27,13.53,-2.79
Walking,-2.14,17.97,8.28
Walking,-2.72,1.04,-1.57
Walking,-2.87,14.9,0.0
Walking,-4.56,6.85,2.3426998
Walking,-13.91,10.99,2.87
Walking,5.75,11.3,-0.3405087
Walking,-0.04,12.68,-2.14
Walking,-5.75,-3.57,-3.87
Walking,1.61,3.57,-1.9885708
Walking,2.03,8.01,-0.99
Walking,-10.08,12.03,-2.6
Walking,-2.14,4.21,-2.53
Walking,7.246025,10.760075,-0.84446156
Walking,2.37,7.89,-2.4516625
Walking,-6.78,6.59,-4.4810944
Walking,-1.8,4.29,-2.79
Walking,-1.14,6.24,0.61291564
Walking,11.65,3.38,1.31
Walking,-2.37,7.55,7.78
Walking,-6.09,2.34,-3.68
Walking,-2.72,16.21,-0.5720546
Walking,1.88,13.87,-3.568531
Walking,3.214402,11.536434,-1.1441092
Walking,8.43,-8.35,-5.98
Walking,6.44,8.31,4.903325
Walking,-0.04,3.17,-1.8
Walking,5.24,2.22,-3.636633
Walking,1.95,5.83,5.407278
Walking,-0.95,7.27,3.445948
Walking,-15.75,18.31,11.73
Walking,-3.98,4.6,-0.89
Walking,-0.04,1.04,-2.37
Walking,-8.54,-2.83,6.05
Walking,4.75,8.5,-0.84
Walking,-6.43,17.16,5.37
Walking,0.5,9.47,-0.9125633
Walking,6.17,10.57,1.38
Walking,1.61,4.67,1.8387469
Walking,-15.79,-0.57,-2.6
Walking,-7.97,10.19,-2.49
Walking,10.12,9.72,1.2666923
Walking,5.43,10.84,1.0351465
Walking,3.41,9.58,-4.099725
Walking,7.78,4.29,-0.46309182
Walking,9.89,6.59,-0.42
Walking,-0.15,15.17,2.3
Walking,1.61,8.73,-0.8
Walking,9.96,3.87,-1.61
Walking,-2.18,9.0,-2.9556155
Walking,-4.52,8.31,-0.93
Walking,7.97,9.62,6.4424243
Walking,-3.45,6.85,0.10896278
Walking,-1.99,3.06,-4.3312707
Walking,0.76,15.28,1.08
Walking,2.68,1.8,-2.37
Walking,-8.01,-1.08,-1.61
Walking,-2.11,5.18,11.22
Walking,-0.53,11.22,3.9090397
Walking,-0.19,8.54,2.0294318
Walking,3.21,10.65,7.5456724
Walking,-1.12,16.13,-7.59
Walking,8.39,9.3,-1.31
Walking,4.75,4.79,-0.95
Walking,1.73,6.55,-1.23
Walking,3.68,5.09,-1.69
Walking,-1.46,4.9,1.31
Walking,-4.67,10.27,-0.9125633
Walking,5.98,4.33,-2.7240696
Walking,-7.01,7.86,-0.95
Walking,-2.49,8.96,13.44
Walking,1.08,11.37,3.173541
Walking,-1.61,12.22,-9.62
Walking,0.99,9.34,-0.69
Walking,-2.79,11.14,-1.73
Walking,4.79,13.57,9.04
Walking,-5.75,4.14,2.15
Walking,1.57,13.87,-2.37
Walking,-2.79,10.12,7.246025
Walking,1.76,10.0,-3.79
Walking,-0.11,9.77,-1.04
Walking,0.93,13.21,4.6
Walking,-5.22,7.44,-0.42
Walking,-9.96,7.01,-2.79
Walking,-1.5,7.25,-1.08
Walking,-5.86,14.41,-0.5
Walking,-1.73,7.67,-0.19
Walking,4.33,4.44,-5.6
Walking,3.53,13.4,14.48
Walking,-2.49,-2.72,-4.903325
Walking,10.57,6.44,2.49
Walking,-4.48,18.39,-0.5
Walking,-6.7,-0.34,-0.38
Walking,2.37,9.96,0.46
Walking,3.68,14.1,0.10896278
Walking,-2.91,10.08,7.5865335
Walking,-2.6,5.6,-1.56634
Walking,2.79,10.61,-2.4925237
Walking,4.94,4.06,-1.38
Walking,-2.75,4.94,-1.920469
Walking,9.3,2.98,-1.65
Walking,4.25,14.75,2.9147544
Walking,4.21,8.77,0.0
Walking,10.19,7.59,0.8
Walking,-5.48,14.67,-6.66
Walking,5.18,7.67,-0.27240697
Walking,6.05,2.18,1.73
Walking,-6.09,4.02,4.18
Walking,8.24,4.25,-1.8
Walking,-6.55,6.66,-1.54
Walking,12.76,11.65,-2.6
Walking,-0.42,4.33,-1.18
Walking,-1.95,4.18,-1.38
Walking,3.34,7.67,-3.445948
Walking,-0.53,10.34,2.7240696
Walking,-7.08,14.63,2.53
Walking,-13.99,4.06,2.9556155
Walking,3.02,12.26,-0.50395286
Walking,0.72,12.22,3.17
Walking,-0.53,6.55,2.68
Walking,-1.99,16.28,17.2
Walking,-1.5,13.14,0.6946377
Walking,-7.93,9.47,-1.5
Walking,3.53,16.51,-0.19068487
Walking,2.53,13.95,-1.0760075
Walking,-1.04,9.0,1.92
Walking,-2.53,7.16,-1.46
Walking,-0.04,12.22,4.8216033
Walking,1.31,9.19,-0.31
Walking,5.13,10.65,2.2609777
Walking,5.01,18.73,-0.27240697
Walking,-0.76,11.56,-1.84
Walking,3.49,5.6,-0.19
Walking,-1.57,11.35,-0.19
Walking,16.47,2.87,1.4982382
Walking,0.65,8.05,-1.92
Walking,4.02,6.09,-1.2258313
Walking,6.82,3.72,-0.6946377
Walking,6.13,14.14,-0.76
Walking,4.21,11.14,-1.920469
Walking,7.7,11.56,-2.7921712
Walking,2.87,7.16,-0.95342433
Walking,7.27,7.01,-3.57
Walking,6.09,13.33,6.1700177
Walking,0.8,8.81,-0.69
Walking,-5.28,1.18,-4.02
Walking,-6.43,3.79,-5.94
Walking,-4.82,7.55,-6.1700177
Walking,-1.23,10.42,2.3018389
Walking,5.13,9.11,-4.33
Walking,8.12,12.49,-2.9147544
Walking,-2.45,12.95,-2.2609777
Walking,9.34,0.61,-5.75
Walking,-4.94,17.62,-7.12
Walking,10.27,19.57,-4.099725
Walking,3.72,12.53,0.61
Walking,10.73,3.41,-3.8681788
Walking,0.31,3.76,-0.19068487
Walking,-0.19,16.74,10.18802
Walking,4.48,6.44,-3.99
Walking,0.11,19.15,-3.8681788
Walking,-2.14,10.76,-0.15
Walking,14.9,-1.61,-9.3
Walking,1.31,17.67,1.69
Walking,-0.53,10.84,4.9
Walking,-1.73,11.03,-4.71
Walking,4.7943625,4.6036777,-5.407278
Walking,-3.49,9.7,-4.14
Walking,7.63,13.8,-1.7297841
Walking,6.05,11.5,2.15
Walking,0.84,9.51,0.38
Walking,14.79,4.94,3.68
Walking,1.46,10.99,-2.5333846
Walking,1.53,13.29,2.07
Walking,-4.1,3.91,-0.23
Walking,-0.91,4.99,6.2108784
Walking,9.15,7.7,-1.1168685
Walking,0.89,7.27,1.920469
Walking,1.99,11.69,-0.42223078
Walking,5.05,6.89,-1.9477097
Walking,-11.45,19.11,-0.69
Walking,5.28,10.99,2.7240696
Walking,-1.04,12.98,-2.4925237
Walking,3.26,4.6,3.255263
Walking,0.57,7.67,-2.4108016
Walking,11.03,8.12,-1.6480621
Walking,2.11,6.21,1.4982382
Walking,1.61,6.47,1.8387469
Walking,3.17,8.5,-0.69
Walking,-4.63,8.85,-0.19068487
Walking,-2.22,8.39,1.14
Walking,1.95,8.08,1.2666923
Walking,3.15,8.31,-4.37
Walking,9.47,7.97,-1.92
Walking,1.92,12.72,-2.22
Walking,11.5,8.47,-2.22
Walking,-2.68,2.56,-1.4165162
Walking,11.84,-2.53,-7.21
Walking,17.86,7.12,10.269742
Walking,-0.04,9.0,-0.38136974
Walking,9.62,7.12,-3.7864566
Walking,3.64,15.32,-3.0237172
Walking,0.27,13.95,2.5606253
Walking,-2.49,12.26,-4.399372
Walking,3.15,17.69,1.61
Walking,-1.5,12.45,3.718355
Walking,-2.72,0.11,-4.2495484
Walking,-0.38,2.45,0.10896278
Walking,-5.09,7.78,-1.42
Walking,6.78,9.34,-0.38
Walking,-5.41,1.69,-1.4982382
Walking,2.6,8.2,3.173541
Walking,2.53,9.47,0.57
Walking,6.24,0.11,-3.21
Walking,-0.57,16.47,-1.6889231
Walking,-5.71,19.15,14.9006605
Walking,-0.11,3.53,-0.7218784
Walking,-2.11,-0.69,-5.325556
Walking,3.36,8.16,1.5
Walking,-1.42,16.47,1.6480621
Walking,-0.3,9.0,-4.37
Walking,3.95,8.89,-0.57
Walking,-2.45,13.02,-7.63
Walking,-1.65,16.28,-2.6832085
Walking,-0.27,13.06,2.9556155
Walking,3.11,6.09,-0.53119355
Walking,-4.25,8.35,-0.15
Walking,0.3405087,4.862464,3.0645783
Walking,4.21,9.3,1.4165162
Walking,0.89,8.73,-2.3
Walking,-0.11,6.74,-5.86
Walking,0.99,8.96,-0.46
Walking,-2.87,6.66,-3.45
Walking,-4.48,13.57,-4.59
Walking,9.72,9.08,1.1168685
Walking,-4.21,8.2,-0.04
Walking,1.6889231,10.501288,-0.10896278
Walking,-1.31,16.55,1.33
Walking,-3.21,5.37,-2.4108016
Walking,-6.63,7.08,1.92
Walking,-4.56,-4.02,-3.3
Walking,3.26,16.86,2.9147544
Walking,-3.79,-0.95,-3.79
Walking,0.08,4.29,-0.0
Walking,3.64,-2.34,-6.4
Walking,7.08,12.83,11.18
Walking,-1.46,6.4,-3.445948
Walking,-1.92,16.97,-11.33
Walking,7.89,13.53,4.33
Walking,-4.25,3.57,-2.26
Walking,-4.86,7.86,0.42
Walking,0.42,4.67,-7.65
Walking,-5.56,3.57,0.50395286
Walking,-3.15,4.29,1.33
Walking,6.7,3.99,0.3405087
Walking,19.23,10.0,-1.2258313
Walking,-7.65,0.0,1.0760075
Walking,-2.91,12.83,-1.42
Walking,18.62,18.5,7.1234417
Walking,9.85,10.23,2.8330324
Walking,-1.31,14.18,3.636633
Walking,1.14,5.56,1.73
Walking,1.88,9.58,2.0294318
Walking,0.34,14.82,1.6480621
Walking,-1.69,9.11,-4.67
Walking,-10.42,15.43,-11.33
Walking,3.87,9.58,-1.4573772
Walking,-2.98,8.35,-3.06
Walking,3.68,4.21,-2.3426998
Walking,8.66,6.66,2.4108016
Walking,3.02,8.16,7.59
Walking,14.71,0.11,1.2258313
Walking,9.62,11.56,10.18802
Walking,-4.25,8.12,10.56939
Walking,4.18,11.11,-0.19
Walking,8.77,6.4,-0.89
Walking,-3.36,8.96,-0.23
Walking,1.54,11.03,-0.6946377
Walking,17.97,19.34,-2.37
Walking,12.76,8.08,-0.19
Walking,-3.68,2.07,-2.64
Walking,-1.8,13.59,-2.37
Walking,-1.69,13.76,1.84
Walking,0.84,6.44,-1.9885708
Walking,-6.74,18.43,-3.5957718
Walking,8.01,6.59,-1.607201
Walking,3.79,9.34,-1.607201
Walking,-3.45,8.92,-0.8
Walking,4.63,12.95,-0.38136974
Walking,-10.84,17.05,16.09
Walking,-6.74,9.23,-4.56
Walking,2.3,2.41,0.31
Walking,0.53,6.89,-3.1054392
Walking,-5.28,5.98,1.2666923
Walking,8.01,5.67,0.95
Walking,-9.7,15.89,-4.33
Walking,-3.41,8.73,-4.862464
Walking,0.6537767,7.8861814,0.040861044
Walking,-2.07,4.79,-6.82
Walking,-5.18,13.53,-0.3
Walking,-2.37,1.12,-1.5
Walking,9.43,3.83,-0.29964766
Walking,-0.89,13.8,-0.38
Walking,-0.15,11.3,-1.46
Walking,-4.18,9.85,-4.29
Walking,-2.76,6.78,-0.57
Walking,-10.0,2.37,2.72
Walking,8.05,7.01,0.04
Walking,6.89,7.4,-1.69
Walking,4.56,10.0,-1.42
Walking,0.61,6.85,0.9942854
Walking,1.84,7.97,3.64
Walking,7.82,4.71,-1.920469
Walking,-1.95,8.58,-4.29
Walking,-5.28,4.56,0.19
Walking,-0.23,16.63,0.6946377
Walking,-0.57,9.34,-2.45
Walking,-0.65,6.13,2.49
Walking,3.26,19.04,11.69
Walking,9.23,9.81,1.6889231
Walking,10.99,2.53,-2.79
Walking,-2.34,17.08,13.715691
Walking,10.61,-0.84,1.84
Walking,1.95,0.72,-1.7297841
Walking,2.15,9.66,1.6889231
Walking,-0.89,4.9,3.57
Walking,-1.8,12.57,13.102775
Walking,3.26,11.88,7.44
Walking,0.3,4.9,-1.42
Walking,-3.99,14.18,-1.18
Walking,-3.34,0.19,-5.33
Walking,1.99,17.69,0.10896278
Walking,2.22,8.92,1.9885708
Walking,-15.6,0.8,-4.37
Walking,0.23,9.51,0.08
Walking,3.91,17.39,6.28
Walking,-3.11,14.94,7.3958488
Walking,-11.22,6.47,3.1463003
Walking,0.57,14.48,1.2666923
Walking,1.23,8.28,4.099725
Walking,-5.41,16.44,-0.42223078
Walking,0.95,12.07,0.84446156
Walking,3.26,6.93,6.0474343
Walking,3.34,8.54,-1.0351465
Walking,9.77,10.08,4.7126403
Walking,-3.45,2.68,-3.06
Walking,0.8,10.27,4.944186
Walking,12.49,1.84,-2.68
Walking,3.17,6.4,4.75
Walking,10.42,6.89,2.3018389
Walking,-2.68,19.15,13.72
Walking,0.53,12.6,-0.61291564
Walking,-3.06,5.75,-0.57
Walking,-4.14,10.73,-5.33
Walking,-7.82,11.73,-2.45
Walking,6.05,15.4,14.4
Walking,9.38,3.76,1.920469
Walking,8.66,10.95,1.3756552
Walking,9.47,9.51,0.6537767
Walking,-1.31,12.07,-1.33
Walking,-8.62,17.2,-7.6954966
Walking,0.72,4.37,-1.4982382
Walking,-4.44,17.86,16.507862
Walking,-5.18,9.7,0.0
Walking,7.67,9.66,-1.0760075
Walking,-4.56,11.26,-0.6946377
Walking,-3.38,4.82,-2.79
Walking,14.52,6.74,-3.34
Walking,3.15,14.6,4.75
Walking,7.93,3.91,-0.6946377
Walking,1.31,6.17,-0.7627395
Walking,10.04,12.41,-2.7513103
Walking,-1.65,15.66,16.66
Walking,-5.24,10.12,4.75
Walking,3.49,6.82,-1.0351465
Walking,13.21,2.45,-0.7218784
Walking,-2.6,16.86,-4.25
Walking,-2.18,3.53,-1.69
Walking,-3.02,2.83,-4.440233
Walking,-5.24,2.98,-2.49
Walking,3.68,8.31,-0.3405087
Walking,-7.21,0.53,4.86
Walking,2.22,15.6,9.575105
Walking,5.37,6.32,3.0645783
Walking,2.3,8.66,0.88532263
Walking,9.77,5.24,-2.87
Walking,-0.3,12.15,-3.0645783
Walking,-2.96,4.02,-3.6
Walking,0.53,13.8,-2.41
Walking,-2.41,12.11,-4.21
Walking,4.9,7.31,-1.3075534
Walking,1.12,13.72,0.42223078
Walking,8.85,4.67,-1.1168685
Walking,-4.56,12.53,0.69
Walking,13.4,9.28,1.73
Walking,-11.37,6.13,1.54
Walking,-9.77,11.84,8.96
Walking,-0.57,16.02,3.41
Walking,-4.44,11.14,1.92
Walking,-6.82,16.55,1.88
Walking,0.89,13.44,1.9885708
Walking,0.04,7.4,-0.11
Walking,-5.09,3.95,-1.6480621
Walking,4.59,4.56,-0.95
Walking,-3.36,17.86,-3.41
Walking,0.34,13.33,-1.6480621
Walking,-7.25,2.03,-1.33
Walking,1.99,13.57,3.02
Walking,-5.86,5.63,3.49
Walking,1.14,7.55,0.89
Walking,-5.63,19.57,-3.214402
Walking,-2.14,6.51,3.636633
Walking,7.06,2.72,-0.53119355
Walking,5.37,6.05,0.10896278
Walking,6.97,8.47,-1.04
Walking,0.34,3.57,-1.9477097
Walking,-3.36,11.45,9.724928
Walking,-9.47,10.38,9.81
Walking,3.95,9.0,0.6946377
Walking,0.23,5.86,3.405087
Walking,5.9,5.13,4.7126403
Walking,-5.86,5.28,1.57
Walking,1.5,8.47,1.1441092
Walking,1.73,7.35,1.73
Walking,9.51,10.23,2.15
Walking,3.53,15.47,0.53
Walking,2.76,9.72,-1.08
Walking,6.09,9.66,0.3405087
Walking,-0.89,3.57,0.53119355
Walking,1.33,10.08,-2.68
Walking,-1.14,12.53,6.85
Walking,-0.99,11.92,-4.7126403
Walking,3.49,3.95,-2.2609777
Walking,1.18,5.18,1.2258313
Walking,2.68,6.28,-2.41
Walking,-3.57,5.94,0.46
Walking,16.44,8.96,-4.4
Walking,13.82,15.13,-0.19068487
Walking,-1.73,2.96,0.61291564
Walking,9.77,4.02,0.42223078
Walking,6.82,12.95,-4.52
Walking,-10.65,11.41,-5.28
Walking,-4.59,4.18,-2.0294318
Walking,4.37,4.4,1.08
Walking,5.01,13.21,-2.9147544
Walking,1.92,10.69,2.4108016
Walking,1.04,11.69,2.76
Walking,-2.68,5.63,0.11
Walking,-13.33,4.33,1.1168685
Walking,8.35,16.21,-4.944186
Walking,4.82,12.72,-3.214402
Walking,-1.08,2.18,-0.6946377
Walking,2.68,7.12,-5.37
Walking,-2.75,2.3,-2.34
Walking,9.34,11.92,0.42
Walking,5.43,6.51,1.3075534
Walking,-1.12,7.06,-1.2258313
Walking,-0.19,10.95,-2.0294318
Walking,-4.94,6.44,3.83
Walking,-5.48,11.18,-1.14
Walking,6.55,12.72,-2.1111538
Walking,17.92,-11.07,5.37
Walking,5.41,8.77,1.334794
Walking,-0.69,3.38,-2.56
Walking,5.48,4.82,5.7886477
Walking,7.63,3.83,-1.2258313
Walking,8.81,10.34,-2.0294318
Walking,0.11,5.79,-4.59
Walking,-1.88,9.53,-4.5219555
Walking,12.91,18.47,-4.2904096
Walking,-5.01,4.9,3.76
Walking,2.03,13.59,3.255263
Walking,6.24,9.58,0.42
Walking,6.36,6.36,-1.57
Walking,8.39,5.48,1.7570249
Walking,0.46,5.83,-1.4982382
Walking,7.4,9.38,2.0294318
Walking,9.49,13.06,-0.15
Walking,-4.02,1.61,-3.405087
Walking,-3.99,9.89,10.99
Walking,-2.49,5.52,-0.23154591
Walking,5.24,6.74,1.334794
Walking,2.22,9.15,-3.405087
Walking,-3.57,10.57,-1.0760075
Walking,-7.46,16.04,0.7627395
Walking,2.87,9.28,-0.34
Walking,17.47,0.99,-10.65
Walking,-2.64,2.96,0.27
Walking,1.99,10.99,0.3405087
Walking,-7.35,3.34,-7.7363577
Walking,17.5,1.18,6.4
Walking,3.57,13.1,-5.71
Walking,5.706926,18.115063,5.7886477
Walking,2.83,7.25,-2.5333846
Walking,-0.04,7.89,0.0
Walking,-4.86,8.69,-4.0588636
Walking,-2.76,13.38,0.0
Walking,2.41,1.99,-3.1054392
Walking,0.89,19.31,-1.12
Walking,1.42,6.21,-1.88
Walking,-3.98,2.6,-4.1814466
Walking,-5.2,5.28,-1.33
Walking,4.06,6.66,0.15
Walking,1.57,3.53,0.0
Walking,-3.36,3.06,-3.6
Walking,8.54,11.54,-1.4982382
Walking,5.48,6.97,0.84
Walking,5.9,-4.75,-2.72
Walking,0.23,13.91,-2.49
Walking,7.7,18.92,-2.8738933
Walking,-3.02,8.89,-1.18
Walking,-3.68,12.3,4.02
Walking,-7.12,1.18,-3.0237172
Walking,2.87,14.33,2.18
Walking,-3.41,0.27,0.84
Walking,1.33,16.89,-0.46
Walking,-2.03,16.13,1.27
Walking,7.78,5.33,-1.14
Walking,-9.47,11.8,-6.510526
Walking,-3.3,1.92,-2.11
Walking,5.98,9.72,-2.5606253
Walking,2.72,5.43,-0.89
Walking,1.53,7.86,1.61
Walking,0.5,7.21,-5.63
Walking,-6.24,17.31,-4.8216033
Walking,2.03,8.92,-2.6
Walking,-7.4,10.08,5.2165933
Walking,-4.71,1.12,-4.67
Walking,-2.3,3.79,-3.568531
Walking,1.18,3.17,-3.57
Walking,1.69,9.81,3.336985
Walking,2.98,5.33,-1.7570249
Walking,-2.18,13.91,-0.46
Walking,14.56,14.1,2.18
Walking,-2.79,8.08,0.8
Walking,1.65,8.58,2.8738933
Walking,-0.27,11.14,9.956474
Walking,-6.47,9.77,-4.630918
Walking,1.14,14.21,-2.34
Walking,6.97,12.6,8.390134
Walking,-4.02,1.31,-4.099725
Walking,1.27,5.9,-2.79
Walking,5.24,4.25,-0.72
Walking,3.72,9.3,0.6537767
Walking,4.52,9.11,-0.53119355
Walking,-0.04,5.6,-1.1168685
Walking,5.366417,8.730643,-0.27240697
Walking,3.36,9.96,9.92
Walking,-6.17,3.21,-5.366417
Walking,6.28,2.83,-0.08
Walking,1.76,4.94,0.72
Walking,1.54,11.45,-3.57
Walking,1.54,10.76,3.99
Walking,0.27,13.57,1.8
Walking,-0.99,4.99,-0.95342433
Walking,-3.83,0.57,-4.06
Walking,7.12,2.64,-2.22
Walking,0.89,10.27,2.3018389
Walking,5.05,0.27,-2.68
Walking,-2.64,7.12,-2.8330324
Walking,3.06,5.48,1.4573772
Walking,-2.98,8.66,6.891896
Walking,3.15,14.6,4.75
Walking,9.47,1.31,-1.57
Walking,3.26,16.25,-1.2258313
Walking,17.97,-0.69,0.38136974
Walking,-5.6,0.34,-2.49
Walking,16.66,2.87,0.46
Walking,-1.42,7.74,-1.38
Walking,-2.34,6.89,-2.3699405
Walking,-14.48,16.17,-12.026767
Walking,-2.22,12.95,0.6537767
Walking,-0.72,7.08,2.91
Walking,9.0,4.14,5.98
Walking,4.79,4.71,1.2258313
Walking,7.55,9.66,1.42
Walking,-7.01,4.21,-1.08
Walking,2.6,4.75,3.3778462
Walking,-4.33,10.73,-7.04
Walking,5.829509,12.789507,-1.56634
Walking,12.91,4.71,7.5456724
Walking,-2.79,1.12,-2.75
Walking,8.12,6.82,2.76
Walking,-1.65,3.21,-3.45
Walking,-4.37,0.34,-5.33
Walking,-1.84,10.0,10.378705
Walking,17.82,-10.95,2.15
Walking,12.26,18.96,0.04
Walking,8.58,12.45,0.53119355
Walking,-1.57,4.6,-2.070293
Walking,-2.53,7.7,-1.5
Walking,-6.66,14.52,-5.5162406
Walking,7.55,14.37,-2.7240696
Walking,0.34,12.18,10.923519
Walking,6.93,13.95,2.1111538
Walking,5.13,15.6,9.043911
Walking,6.36,4.99,-1.31
Walking,-1.65,10.8,-2.3426998
Walking,-0.57,9.43,-3.1054392
Walking,6.89,5.48,-1.334794
Walking,8.28,14.48,2.49
Walking,-1.61,8.28,-0.08
Walking,-6.93,13.72,12.76
Walking,8.01,14.1,11.032481
Walking,3.445948,8.812365,-0.95342433
Walking,-4.99,4.18,-4.25
Walking,-6.59,6.85,-0.89
Walking,-2.79,4.33,-3.02
Walking,4.6,9.77,-2.41
Walking,2.91,6.47,1.61
Walking,-2.11,11.35,0.11
Walking,4.44,5.94,-6.6331096
Walking,2.26,8.47,-2.1792557
Walking,-0.3,6.4,-3.405087
Walking,8.31,7.78,1.0760075
Walking,19.46,-1.31,-4.8216033
Walking,-3.26,2.68,5.6252036
Walking,5.24,10.92,3.3778462
Walking,-3.72,3.79,-1.7978859
Walking,-4.21,4.63,-0.46
Walking,12.49,4.25,1.57
Walking,-2.68,8.16,-0.19
Walking,-2.72,4.48,-4.52
Walking,1.38,1.92,-1.8
Walking,-0.72,6.7,-1.5
Walking,4.94,3.79,-1.525479
Walking,2.53,11.11,2.7240696
Walking,1.73,9.28,2.3699405
Walking,-6.28,-0.76,5.43
Walking,4.4,4.82,-1.3756552
Walking,-10.84,17.77,-1.42
Walking,-4.02,19.46,-7.78
Walking,14.71,1.57,2.18
Walking,1.73,14.33,1.8387469
Walking,1.5,7.25,0.46309182
Walking,7.63,11.45,0.3405087
Walking,-4.56,6.4,-4.94
Walking,7.21,4.06,-1.33
Walking,-10.0,14.56,-1.76
Walking,3.17,9.53,0.27
Walking,5.48,3.99,-6.4
Walking,-3.21,9.28,1.12
Walking,-1.27,10.08,-3.255263
Walking,-5.33,1.8,0.08
Walking,-0.23,9.53,-0.19
Walking,2.76,12.91,2.152015
Walking,-2.98,3.76,-4.48
Walking,-3.49,13.67,-4.399372
Walking,-18.31,4.52,-0.89
Walking,14.25,17.58,0.27240697
Walking,-1.27,6.47,-2.8738933
Walking,12.3,11.5,5.09
Walking,5.75,2.3,-2.3426998
Walking,9.19,13.91,-0.14982383
Walking,0.04,10.04,-2.49
Walking,-3.87,6.13,5.24
Walking,-7.4,-0.04,-1.42
Walking,-7.59,16.04,-1.76
Walking,1.73,8.39,-0.04
Walking,2.53,10.42,-3.405087
Walking,0.04,16.36,6.851035
Walking,1.61,3.53,-2.3018389
Walking,11.75,-0.08,4.9
Walking,-1.27,10.8,-2.3
Walking,1.23,13.44,-1.0760075
Walking,1.99,4.06,-2.96
Walking,1.65,7.78,-0.0
Walking,-1.69,16.78,3.214402
Walking,0.19,11.75,0.14982383
Walking,-0.27,8.54,-0.19
Walking,8.58,13.48,-0.15
Walking,11.41,-0.91,-7.46
Walking,7.78,1.42,-2.72
Walking,-2.11,8.73,-3.1054392
Walking,0.34,5.37,-1.879608
Walking,-0.69,11.5,-3.9090397
Walking,14.33,11.75,4.3312707
Walking,11.11,4.18,-5.09
Walking,7.82,3.83,-2.41
Walking,4.29,13.99,-3.87
Walking,-3.02,13.72,2.34
Walking,-2.83,3.17,-1.88
Walking,0.99,14.52,5.09
Walking,-5.67,18.85,0.72
Walking,1.23,15.85,-0.7218784
Walking,14.14,15.43,-3.49
Walking,0.42,17.16,-11.11
Walking,2.03,15.09,-2.1111538
Walking,1.31,13.57,-0.53119355
Walking,2.37,5.63,0.53119355
Walking,-2.6,9.77,7.9270425
Walking,7.16,9.43,2.4516625
Walking,3.15,7.82,2.91
Walking,-10.5,11.37,-2.91
Walking,-2.56,0.11,-3.83
Walking,3.64,9.62,-1.84
Walking,6.17,8.58,0.42
Walking,-2.87,2.37,-5.33
Walking,-4.25,8.73,2.26
Walking,10.76,13.29,-3.64
Walking,3.45,5.13,-2.96
Walking,8.31,11.96,-4.52
Walking,10.57,5.22,0.04
Walking,13.53,16.47,-2.18
Walking,0.84,1.57,-1.84
Walking,-9.62,2.6,-0.23
Walking,-9.08,12.11,4.9
Walking,12.91,14.48,-3.41
Walking,3.11,16.13,-0.08172209
Walking,-6.82,10.69,10.882658
Walking,16.51,8.62,12.53072
Walking,-1.95,15.64,-3.41
Walking,0.84,6.4,0.91
Walking,-2.83,15.09,-0.57
Walking,-2.6,13.02,-3.45
Walking,6.55,0.53,0.89
Walking,-2.6,11.07,-1.33
Walking,-4.79,4.56,-1.18
Walking,8.62,8.43,1.76
Walking,10.19,15.13,-3.0237172
Walking,-1.5,10.76,-0.15
Walking,12.37,5.28,8.539958
Walking,-0.65,4.67,-2.6014864
Walking,9.51,9.04,-6.1291566
Walking,-3.15,11.69,2.2609777
Walking,6.63,9.77,-1.3756552
Walking,-4.56,9.47,-5.7886477
Walking,-1.14,2.18,-2.79
Walking,-5.28,7.63,4.52
Walking,2.11,6.82,-1.92
Walking,8.66,13.1,1.84
Walking,-4.67,3.91,3.53
Walking,-2.91,10.04,-2.1792557
Walking,-3.72,8.43,1.2666923
Walking,0.76,9.3,-6.24
Walking,18.2,-9.77,4.75
Walking,-1.38,6.55,-1.92
Walking,7.5,-1.5,3.41
Walking,-8.92,16.78,-6.36
Walking,-0.27,16.36,4.3312707
Walking,-3.99,10.31,-3.91
Walking,10.53,9.47,14.18
Walking,2.56,13.44,-1.8
Walking,0.95,5.98,1.38
Walking,1.61,9.43,-0.5720546
Walking,2.11,15.98,0.38
Walking,11.35,8.92,8.812365
Walking,-4.14,8.47,-0.57
Walking,7.89,12.03,-2.41
Walking,4.52,9.15,-1.84
Walking,-4.37,3.06,-0.34
Walking,-6.51,5.48,6.05
Walking,4.82,4.6,1.1441092
Walking,-2.68,9.81,5.75
Walking,-2.6,15.02,1.3075534
Walking,-8.77,4.67,0.15
Walking,-2.64,8.39,-0.9942854
Walking,11.84,9.15,-0.3405087
Walking,1.5,15.7,8.39
Walking,3.68,12.15,0.313268
Walking,5.52,7.25,-0.53
Walking,-1.5,13.38,1.1849703
Walking,1.57,7.63,-5.6252036
Walking,-7.59,8.31,-2.07
Walking,6.21,3.83,1.3756552
Walking,-8.47,9.47,-8.31
Walking,18.01,1.54,-12.95
Walking,-5.09,6.63,-0.65
Walking,-5.33,1.76,-0.08
Walking,0.11,8.73,2.1111538
Walking,-10.38,10.19,-4.29
Walking,-14.1,-6.13,-2.34
Walking,7.31,12.95,3.0237172
Walking,-7.46,1.88,-3.36
Walking,4.33,7.63,-1.920469
Walking,7.25,9.28,-1.7297841
Walking,-0.11,9.19,-0.76
Walking,1.73,12.79,1.4982382
Walking,-1.61,9.47,-3.83
Walking,-4.82,15.64,-2.1111538
Walking,-10.23,12.15,-2.34
Walking,2.34,16.93,-0.57
Walking,-2.87,11.99,-5.43
Walking,0.91,13.59,3.02
Walking,0.53,6.4,6.8237944
Walking,-5.63,17.05,5.7477865
Walking,6.82,5.05,0.7627395
Walking,12.83,3.17,-0.27
Walking,-6.59,12.57,-0.46
Walking,4.9,13.82,6.02
Walking,1.46,8.05,2.7240696
Walking,-2.6,17.77,14.9006605
Walking,2.68,5.83,-0.38
Walking,3.64,14.14,14.67
Walking,0.38,12.83,-0.23
Walking,0.89,9.89,-1.3075534
Walking,3.41,7.59,-3.1463003
Walking,0.46,10.76,0.93
Walking,-7.08,11.54,-0.57
Walking,-2.87,5.28,-1.12
Walking,6.55,12.37,1.61
Walking,-2.91,4.25,3.15
Walking,11.88,19.15,-0.19068487
Walking,5.05,13.25,-2.5606253
Walking,6.09,7.63,5.56
Walking,-1.04,11.56,-2.070293
Walking,10.57,13.76,-0.69
Walking,-0.89,9.85,-0.34
Walking,-0.31,12.76,6.36
Walking,7.63,0.84,-5.18
Walking,3.21,11.6,-0.88532263
Walking,-7.31,3.76,0.8036005
Walking,3.72,6.66,-4.6
Walking,7.59,12.64,-1.73
Walking,15.24,-3.98,4.82
Walking,14.9,10.95,0.11
Walking,-0.42,12.34,-0.23
Walking,-2.45,5.43,-3.636633
Walking,2.49,9.58,-0.3405087
Walking,8.92,11.54,11.54
Walking,-9.53,14.56,2.18
Walking,-1.92,9.72,-3.45
Walking,6.82,12.07,-1.5
Walking,0.72,4.99,6.742072
Walking,-0.46,13.91,3.9090397
Walking,-11.54,1.57,-0.8
Walking,-3.64,12.72,0.31
Walking,4.6,12.22,-0.27240697
Walking,1.65,3.6,3.0237172
Walking,6.59,13.91,11.11
Walking,-0.57,2.87,-0.31
Walking,0.8,7.01,-1.334794
Walking,4.37,7.08,1.6889231
Walking,5.9,7.44,-0.61291564
Walking,0.93,9.72,0.95342433
Walking,-4.71,14.18,-0.42
Walking,-1.88,10.69,-3.8273177
Walking,-6.97,16.21,-3.02
Walking,-3.02,6.59,5.67
Walking,-1.14,4.06,0.27
Walking,2.83,8.35,0.7218784
Walking,4.4,6.4,-0.34
Walking,7.86,9.58,0.76
Walking,-3.57,12.79,-2.34
Walking,-5.82,9.11,-9.89
Walking,-0.8,7.01,-0.42
Walking,14.29,15.4,5.24
Walking,-1.65,5.33,-1.99
Walking,0.5,4.37,-1.879608
Walking,2.11,6.05,-0.95342433
Walking,5.52,10.76,2.8330324
Walking,-5.48,10.76,-0.6946377
Walking,2.15,10.57,2.98
Walking,4.52,6.85,-2.2609777
Walking,-3.3,7.27,-0.11
Walking,3.17,12.11,3.255263
Walking,3.79,10.27,-1.95
Walking,-2.56,6.66,-1.18
Walking,0.23,8.62,-0.95
Walking,-0.38,3.15,-3.11
Walking,-1.92,16.7,6.55
Walking,0.04,13.95,11.073342
Walking,6.89,17.67,6.2108784
Walking,-2.79,13.33,-4.44
Walking,-0.15,7.21,6.973618
Walking,-6.43,4.25,-0.3405087
Walking,6.78,-1.23,-0.99
Walking,3.6774938,8.689782,0.08172209
Walking,-3.3,12.95,-5.94
Walking,-4.18,4.06,-3.0237172
Walking,3.21,5.71,2.45
Walking,-0.53,5.13,2.7649305
Walking,4.06,8.77,0.31
Walking,7.44,3.17,-1.1168685
Walking,-3.72,9.0,6.21
Walking,2.26,14.1,0.6946377
Walking,-2.18,12.49,0.15
Walking,-12.68,17.58,-1.73
Walking,-0.34,4.1,-2.91
Walking,7.27,13.06,-4.63
Walking,-3.68,14.94,-0.34
Walking,1.04,6.09,5.94
Walking,10.57,6.85,5.24
Walking,-2.3,6.44,-1.3075534
Walking,-0.57,5.22,1.1849703
Walking,7.89,4.29,-0.10896278
Walking,-2.37,16.36,-1.69
Walking,7.25,10.0,-0.19068487
Walking,-3.76,5.79,0.84446156
Walking,-0.08,11.8,1.7570249
Walking,0.27,17.5,-0.46
Walking,8.08,7.06,0.08
Walking,-1.65,2.96,-2.72
Walking,1.57,12.45,-0.15
Walking,-2.87,5.9,-3.02
Walking,-5.18,13.99,3.06
Walking,4.06,2.53,-3.5276701
Walking,3.95,10.08,1.38
Walking,7.74,8.81,-4.25
Walking,-2.37,0.42,0.38
Walking,-2.26,4.21,-0.11
Walking,6.36,8.77,2.14
Walking,-5.9,5.6,-2.37
Walking,-4.4,10.46,-1.5
Walking,5.13,7.59,1.76
Walking,2.07,6.89,3.990762
Walking,-0.46,8.2,1.5390993
Walking,-6.13,12.45,-9.38
Walking,-2.45,8.81,-3.76
Walking,1.33,4.82,-1.8
Walking,1.46,9.28,-0.88532263
Walking,-0.53,12.72,1.31
Walking,-3.68,6.63,1.7570249
Walking,10.88,12.79,4.29
Walking,4.67,8.24,0.89
Walking,2.07,4.56,-0.31
Walking,-2.91,16.78,-0.27240697
Walking,2.83,15.89,-6.02
Walking,0.0,6.7,-0.61
Walking,3.11,2.26,-0.19068487
Walking,1.8,19.53,6.4424243
Walking,-9.08,9.11,-6.7
Walking,-7.4,3.02,0.14982383
Walking,-1.95,7.31,5.7477865
Walking,-4.86,12.45,1.65
Walking,2.91,10.99,0.8036005
Walking,11.69,9.38,-0.11
Walking,-5.43,8.31,0.0
Walking,3.38,15.17,15.595298
Walking,-0.72,9.08,2.2201166
Walking,-1.18,9.23,-2.76
Walking,2.22,19.46,-3.9090397
Walking,-2.18,18.5,-6.782933
Walking,-2.96,5.63,0.3
Walking,4.14,10.61,-2.3426998
Walking,4.33,18.92,-3.26
Walking,7.67,11.6,0.93
Walking,-9.89,2.96,2.7240696
Walking,7.78,3.76,-2.11
Walking,0.38,18.5,-0.95342433
Walking,6.4,12.26,1.14
Walking,14.44,6.93,1.2258313
Walking,-1.88,0.93,-2.6
Walking,-9.3,11.99,4.3312707
Walking,10.57,2.98,-1.1441092
Walking,-3.15,11.6,-4.94
Walking,4.33,17.92,-1.3756552
Walking,1.46,1.95,-0.08
Walking,-11.3,19.0,14.44
Walking,2.98,8.58,-1.33
Walking,5.63,0.5,0.38
Walking,18.47,-0.34,-3.759216
Walking,-2.64,14.71,-1.27
Walking,-0.11,6.66,-1.0351465
Walking,15.43,-1.12,7.164303
Walking,0.93,1.46,-0.9125633
Walking,3.99,6.32,-7.3549876
Walking,2.07,1.46,-1.525479
Walking,-4.59,11.11,-0.99
Walking,-3.41,3.57,7.08
Walking,-3.76,0.42,-4.372132
Walking,-3.72,10.27,-0.57
Walking,-1.12,9.0,1.7570249
Walking,1.84,13.21,-0.6537767
Walking,7.7,11.35,2.3018389
Walking,4.82,8.5,-0.34
Walking,-5.63,1.18,-0.89
Walking,5.71,6.17,-0.76
Walking,-4.56,8.28,-3.95
Walking,10.95,14.98,4.1814466
Walking,7.08,15.64,4.6036777
Walking,-6.17,17.24,-3.68
Walking,-3.26,12.3,-5.28
Walking,-0.08,13.21,-3.3642259
Walking,7.12,5.94,-1.04
Walking,-5.71,8.96,4.140586
Walking,-5.71,15.36,2.83
Walking,1.92,12.95,1.56634
Walking,-1.8,5.98,1.4165162
Walking,-3.36,1.14,-3.79
Walking,-0.15,10.0,6.82
Walking,6.13,5.05,-0.72
Walking,-2.91,11.99,-3.02
Walking,10.42,9.47,6.28
Walking,6.93,4.94,1.38
Walking,-6.66,6.7,-3.57
Walking,-2.03,11.92,4.3312707
Walking,1.12,11.8,2.6423476
Walking,-3.34,4.75,1.5
Walking,3.53,15.4,1.6889231
Walking,0.84,9.08,-0.10896278
Walking,6.51,1.33,-5.2
Walking,10.92,11.69,-2.3426998
Walking,-1.88,7.63,-0.23
Walking,5.01,10.99,-1.61
Walking,-1.8,9.7,7.27
Walking,-2.34,2.83,-1.76
Walking,6.17,10.5,-1.9477097
Walking,-9.72,14.44,-2.6423476
Walking,-6.74,13.25,-0.89
Walking,-2.22,4.44,4.02
Walking,0.5,10.46,-3.83
Walking,-5.05,4.67,0.38
Walking,0.72,12.68,0.15
Walking,-1.95,14.37,-3.636633
Walking,7.12,11.92,1.7297841
Walking,-0.61,7.63,-0.76
Walking,12.72,6.09,-1.69
Walking,5.18,12.53,3.5957718
Walking,0.8,4.63,-0.50395286
Walking,-1.57,0.8,2.98
Walking,2.3,7.31,-2.26
Walking,0.57,16.51,-0.9125633
Walking,-3.3,13.57,-5.48
Walking,0.15,4.99,0.313268
Walking,8.5,9.38,0.46309182
Walking,10.11,9.11,4.56
Walking,-3.95,6.59,0.19
Walking,6.7,4.63,-1.0351465
Walking,-4.33,15.09,1.2258313
Walking,-6.82,17.39,1.5390993
Walking,-4.02,1.42,-4.21
Walking,13.4,19.57,-8.85
Walking,-12.34,15.7,7.46
Walking,-3.45,17.97,-4.9850473
Walking,0.15,2.91,-0.61291564
Walking,-1.95,11.8,4.75
Walking,4.4,10.27,-0.3
Walking,2.45,13.53,3.759216
Walking,2.26,5.83,-0.84446156
Walking,-4.71,9.0,1.61
Walking,2.45,5.09,6.6331096
Walking,-0.08,15.75,1.53
Walking,-5.18,0.38,-1.3075534
Walking,0.27,11.35,-3.8681788
Walking,12.41,-1.23,-11.22
Walking,-2.34,8.35,6.1291566
Walking,-2.56,8.58,-2.34
Walking,-5.09,7.4,-4.4810944
Walking,5.86,9.53,0.57
Walking,6.7,17.35,11.33
Walking,0.57,2.79,-0.88532263
Walking,-2.56,8.77,5.82
Walking,-4.06,5.83,-6.4
Walking,1.18,13.91,1.4165162
Walking,-3.21,13.48,2.07
Walking,4.37,7.08,-0.10896278
Walking,3.64,11.99,1.84
Walking,0.8,13.18,-0.5720546
Walking,-5.18,6.21,-1.08
Walking,8.2,16.51,-0.38136974
Walking,-0.95,10.04,-0.72
Walking,11.45,11.22,-3.76
Walking,2.79,1.57,-2.7921712
Walking,1.08,10.5,-1.7570249
Walking,8.16,12.68,-0.040861044
Walking,0.42,4.4,1.46
Walking,8.16,14.25,-0.9125633
Walking,2.41,11.73,-0.04
Walking,-3.87,6.74,0.50395286
Walking,12.41,12.03,0.27
Walking,2.87,11.18,4.86
Walking,2.11,7.35,2.22
Walking,-1.95,6.78,-0.23154591
Walking,-2.45,8.01,-1.14
Walking,8.05,5.24,-1.23
Walking,15.43,2.76,4.099725
Walking,-1.23,8.62,-1.38
Walking,9.34,16.04,-4.75
Walking,0.89,4.79,-2.8330324
Walking,-3.83,16.63,9.888372
Walking,2.37,14.98,-1.8387469
Walking,0.27,6.63,8.962189
Walking,-6.02,10.73,4.6036777
Walking,10.27,6.47,1.53
Walking,4.6,9.58,-0.3405087
Walking,2.6,8.28,3.79
Walking,5.75,3.06,9.85
Walking,-6.97,8.12,3.3778462
Walking,9.34,3.02,-2.72
Walking,-4.02,5.18,-2.7513103
Walking,5.83,7.21,-3.06
Walking,-5.24,12.34,-3.64
Walking,9.15,6.17,-0.38
Walking,-3.3,3.06,-5.09
Walking,-2.41,4.21,-2.26
Walking,-1.38,0.99,3.759216
Walking,4.67,13.87,1.4982382
Walking,-3.11,8.47,5.18
Walking,-0.31,6.66,-0.31
Walking,-4.48,12.3,9.72
Walking,3.45,6.44,-2.5333846
Walking,0.04,10.88,-6.43
Walking,-0.23,12.57,0.88532263
Walking,-0.23,11.18,-2.4108016
Walking,1.99,11.84,5.7886477
Walking,10.5,2.79,0.11
Walking,-3.11,5.56,-3.36
Walking,-2.3,14.52,8.117727
Walking,-5.67,8.16,3.9499009
Walking,12.6,1.73,-1.5
Walking,5.48,10.0,-2.11
Walking,2.53,11.75,0.38
Walking,-2.79,13.76,-0.11
Walking,2.6,12.03,-1.76
Walking,-0.42,4.29,-2.6423476
Walking,9.66,8.77,4.9
Walking,4.33,7.46,0.46
Walking,8.73,1.04,2.4108016
Walking,7.59,9.77,-0.46309182
Walking,1.76,2.64,1.607201
Walking,2.22,5.9,-2.0294318
Walking,3.99,10.46,2.070293
Walking,3.87,13.21,-1.31
Walking,-1.27,10.27,-0.19
Walking,1.31,7.7,-1.14
Walking,-0.11,3.41,-2.982856
Walking,4.82,12.18,-2.87
Walking,16.21,13.67,-3.445948
Walking,9.34,5.67,5.09401
Walking,4.4,7.01,-1.53
Walking,5.33,11.03,-1.57
Walking,2.72,5.71,0.19068487
Walking,-2.49,7.31,-0.08172209
Walking,19.04,8.62,-2.98
Walking,9.0,10.88,1.18
Walking,4.82,3.76,-1.3756552
Walking,7.25,17.39,5.67
Walking,-0.84,8.47,0.84
Walking,-2.53,11.14,-1.14
Walking,-3.02,9.19,2.2201166
Walking,-2.3,8.47,6.85
Walking,-0.84446156,0.7627395,-1.334794
Walking,-1.12,5.13,-3.255263
Walking,3.83,14.37,1.46
Walking,2.87,7.06,5.28
Walking,-4.82,6.36,0.0
Walking,3.41,-0.84,-2.53
Walking,6.44,7.4,-3.91
Walking,-4.18,0.99,-0.46
Walking,0.89,8.69,-3.72
Walking,7.89,10.27,-7.93
Walking,7.63,8.01,-0.14982383
Walking,15.4,4.6,6.21
Walking,-3.72,4.18,4.29
Walking,3.95,10.08,-0.65
Walking,3.21,15.43,-2.3426998
Walking,8.16,10.27,0.53119355
Walking,5.18,6.02,-1.04
Walking,1.42,11.88,1.33
Walking,1.18,12.83,14.44
Walking,-1.23,7.5,-3.45
Walking,3.99,15.02,1.0760075
Walking,3.99,13.82,3.255263
Walking,2.98,5.9,-1.7978859
Walking,1.69,13.67,2.7649305
Walking,-0.76,6.59,-5.18
Walking,1.54,18.58,-0.46
Walking,5.94,11.96,1.9477097
Walking,-4.06,11.69,-6.55
Walking,4.99,8.12,4.671779
Walking,-4.33,4.25,-1.04
Walking,-1.14,16.04,0.27240697
Walking,2.41,11.56,10.15
Walking,1.08,-0.15,-1.18
Walking,0.23,1.73,0.7627395
Walking,-4.99,6.32,0.15
Walking,-2.07,1.73,-1.99
Walking,16.93,-7.86,0.84
Walking,5.01,12.22,-0.53
Walking,-6.63,18.73,-2.53
Walking,-4.14,9.66,-0.27240697
Walking,-0.19,11.65,-2.7921712
Walking,-5.18,7.08,-3.17
Walking,-4.59,15.75,4.06
Walking,-8.58,15.6,-6.932757
Walking,-5.01,11.56,-1.42
Walking,-6.02,19.57,-6.36
Walking,-3.336985,12.639683,-0.14982383
Walking,-2.41,19.08,-1.42
Walking,2.98,7.35,1.8
Walking,5.09,8.66,-2.41
Walking,-7.82,9.89,4.86
Walking,2.18,12.6,-0.27240697
Walking,14.6,-3.83,-13.67
Walking,2.11,14.79,-0.57
Walking,-0.34,15.17,4.63
Walking,-6.28,14.79,0.04
Walking,-1.65,5.41,-1.12
Walking,-4.48,16.78,-3.3
Walking,-1.14,12.76,-0.0
Walking,18.7,0.46,0.38136974
Walking,1.12,11.35,1.3756552
Walking,6.51,15.47,-1.12
Walking,-4.37,10.19,0.31
Walking,-1.65,10.08,-0.7218784
Walking,-2.18,7.5,-2.37
Walking,-1.8,3.64,-1.88
Walking,-2.18,11.26,4.8216033
Walking,9.23,16.13,5.94
Walking,0.99,12.83,10.42
Walking,-4.4,2.79,6.44
Walking,-0.91,3.99,-2.3018389
Walking,-5.63,10.5,1.38
Walking,1.14,11.54,2.49
Walking,-2.3,3.76,-2.34
Walking,10.08,12.91,-0.29964766
Walking,11.84,2.18,6.0882955
Walking,3.3,10.42,-1.61
Walking,1.27,2.11,-0.9125633
Walking,-1.08,14.52,-3.17
Walking,-3.26,1.92,-1.73
Walking,4.86,11.03,2.15
Walking,0.11,6.82,0.27240697
Walking,10.15,17.47,10.337844
Walking,2.18,16.4,-2.3
Walking,-1.57,8.47,-2.7921712
Walking,-3.02,16.17,0.6946377
Walking,-2.91,11.75,0.27240697
Walking,5.48,2.68,-1.879608
Walking,2.53,12.87,-6.32
Walking,-1.14,5.86,-1.3756552
Walking,-4.14,19.38,-1.92
Walking,-8.01,10.73,-6.59
Walking,14.71,-1.08,-5.8158884
Walking,2.53,6.55,-2.0294318
Walking,0.15,9.81,11.495573
Walking,17.16,-1.88,6.47
Walking,3.3,12.68,1.5
Walking,-0.61,1.27,-2.07
Walking,-2.11,12.57,0.27
Walking,5.37,9.28,-0.53119355
Walking,0.76,13.06,-4.25
Walking,-2.72,8.05,6.469665
Walking,2.18,6.05,-1.65
Walking,3.87,9.77,-3.41
Walking,-6.43,5.9,-5.9793324
Walking,-0.42,3.11,1.76
Walking,7.5,4.18,-0.19068487
Walking,2.76,7.7,-5.05
Walking,0.5,6.63,-2.9147544
Walking,-4.94,6.78,-1.88
Walking,9.51,-4.79,-3.53
Walking,-5.67,13.4,3.486809
Walking,-3.79,6.4,-3.6
Walking,-5.24,2.96,-3.3
Walking,-0.72,14.37,0.313268
Walking,11.35,3.64,-0.23
Walking,-5.79,9.85,-3.11
Walking,4.18,12.57,-1.61
Walking,2.96,16.32,0.27
Walking,-12.07,1.84,13.25
Walking,14.29,3.06,4.6
Walking,7.06,13.95,8.47
Walking,1.14,3.6,-1.1168685
Walking,11.07,13.44,0.7218784
Walking,-3.68,14.21,-3.34
Walking,-2.22,9.15,0.46
Walking,-4.48,1.88,-7.4639506
Walking,6.17,11.22,0.15
Walking,12.56,7.89,12.6
Walking,3.64,13.25,-2.91
Walking,0.72,14.02,2.152015
Walking,5.37,2.41,-7.12
Walking,8.96,-0.46,-5.82
Walking,9.38,0.5,-6.36
Walking,1.73,7.97,0.8
Walking,9.96,3.99,-1.08
Walking,-4.59,5.6,-1.33
Walking,-7.86,11.37,2.64
Walking,0.53,4.48,-2.3699405
Walking,-2.18,8.54,-1.920469
Walking,5.52,-0.69,1.99
Walking,-3.76,7.59,1.92
Walking,10.53,8.69,-0.27240697
Walking,4.79,10.12,0.0
Walking,2.45,13.87,8.05
Walking,-4.06,12.3,5.243834
Walking,-2.14,8.12,0.72
Walking,-10.65,18.66,0.19
Walking,0.42,16.7,-3.7864566
Walking,-0.04,3.45,1.56634
Walking,1.88,15.28,2.87
Walking,8.01,3.38,3.568531
Walking,5.33,11.65,-1.56634
Walking,-1.46,12.83,-2.7921712
Walking,-3.91,8.85,0.38136974
Walking,1.27,6.66,-1.1441092
Walking,1.33,11.75,-0.42223078
Walking,4.1,12.72,-2.22
Walking,3.34,10.99,2.7240696
Walking,-2.34,4.44,1.607201
Walking,0.11,10.27,-8.96
Walking,3.76,6.05,-0.38136974
Walking,4.99,4.52,-1.61
Walking,-0.65,9.7,0.38136974
Walking,12.41,16.47,11.182305
Walking,-0.08,9.08,2.11
Walking,-17.12,2.56,1.0760075
Walking,8.92,3.72,4.5219555
Walking,5.63,0.42,-2.72
Walking,12.49,-1.23,-12.49
Walking,4.18,4.99,0.53119355
Walking,0.27,18.01,0.8
Walking,2.37,10.31,-6.28
Walking,-4.86,4.71,-6.4015636
Walking,5.33,6.05,1.2666923
Walking,9.38,15.94,12.789507
Walking,-0.15,6.55,4.862464
Walking,3.21,13.02,-4.18
Walking,-7.44,17.35,4.862464
Walking,9.77,15.89,16.02
Walking,-4.9,1.61,0.38
Walking,-1.57,10.69,10.841797
Walking,2.53,7.78,-1.95
Walking,3.34,4.25,-3.0645783
Walking,-1.42,10.73,-3.214402
Walking,4.82,8.12,0.7218784
Walking,5.52,11.11,7.43671
Walking,1.33,17.16,-6.4015636
Walking,-0.27,13.99,-4.67
Walking,-0.72,19.57,-4.14
Walking,2.11,4.37,-1.2258313
Walking,-1.04,14.52,-3.9499009
Walking,10.73,6.97,-0.88532263
Walking,5.56,4.56,0.95
Walking,-12.64,15.7,1.42
Walking,-2.34,2.41,-3.17
Walking,12.26,12.45,1.84
Walking,-7.46,0.19,-1.76
Walking,-1.57,12.11,3.49
Walking,4.25,6.4,-2.45
Walking,-8.2,10.34,4.71
Walking,3.95,12.53,9.343558
Walking,-4.82,-1.8,-5.7477865
Walking,5.01,6.47,1.8
Walking,-0.15,-2.64,-7.31
Walking,1.33,16.97,1.99
Walking,9.7,5.94,-1.57
Walking,-0.42,12.45,3.11
Walking,7.08,8.39,-1.920469
Walking,10.0,4.02,1.607201
Walking,-1.84,3.79,-1.65
Walking,3.83,6.97,-2.1383946
Walking,-2.03,17.54,-1.76
Walking,-2.22,8.12,-0.19
Walking,5.05,12.49,-3.336985
Walking,11.75,2.45,2.8738933
Walking,2.07,6.21,1.0760075
Walking,6.78,6.09,-1.5
Walking,5.43,3.68,-1.7297841
Walking,-5.9,11.11,-0.8
Walking,16.17,4.56,-11.88
Walking,-3.57,2.26,-4.399372
Walking,2.41,5.9,-1.7297841
Walking,9.08,14.21,-1.8
Walking,6.47,5.98,-1.7297841
Walking,-0.23,11.69,1.12
Walking,-0.27,10.73,-2.56
Walking,7.55,4.18,-0.29964766
Walking,7.31,13.29,2.5333846
Walking,-0.34,13.38,0.99
Walking,0.15,3.26,1.4573772
Walking,4.4,10.65,-1.6480621
Walking,14.29,13.21,-0.38136974
Walking,3.9499009,14.7916975,2.7240696
Walking,8.24,3.38,2.9147544
Walking,1.57,8.92,0.040861044
Walking,-5.6,3.41,-2.2609777
Walking,-0.46,0.89,-0.61
Walking,1.76,11.88,3.1463003
Walking,-5.24,11.11,-2.7513103
Walking,12.6,13.48,1.2666923
Walking,0.57,18.12,14.9
Walking,-4.48,8.2,3.72
Walking,10.99,10.0,-0.53119355
Walking,0.08,18.89,-6.701211
Walking,-5.33,11.8,-1.56634
Walking,-0.53,10.46,-5.41
Walking,10.23,4.99,-0.91
Walking,3.41,5.71,4.7535014
Walking,-3.45,12.49,-2.6
Walking,-0.11,14.37,2.5606253
Walking,0.53,14.48,0.313268
Walking,0.57,7.35,-0.76
Walking,-6.09,1.54,-3.336985
Walking,-4.9,11.6,-1.69
Walking,4.18,8.89,-2.64
Walking,6.55,2.53,0.95
Walking,0.5,9.53,0.76
Walking,18.73,-1.65,-0.34
Walking,-2.37,6.93,-2.07
Walking,1.92,10.12,-0.3405087
Walking,0.8,9.28,0.89
Walking,1.99,9.77,2.3018389
Walking,7.89,1.99,-3.72
Walking,10.84,3.02,-0.76
Walking,3.45,6.24,-3.759216
Walking,-1.69,11.54,-1.73
Walking,1.99,18.47,0.69
Walking,0.31,9.11,0.95342433
Walking,-0.11,14.25,2.49
Walking,-4.21,7.27,-8.05
Walking,2.76,5.18,-2.4108016
Walking,7.78,9.66,-1.04
Walking,-3.11,5.09,-1.7570249
Walking,1.23,9.23,3.87
Walking,4.21,6.47,-2.0294318
Walking,-5.24,11.84,-2.8738933
Walking,-9.47,2.07,0.8
Walking,11.07,2.45,1.14
Walking,-5.05,11.92,-2.72
Walking,3.79,10.69,-3.36
Walking,0.5,9.04,-5.71
Walking,-0.53,10.92,-2.18
Walking,7.44,15.94,-0.46
Walking,8.47,7.63,-4.86
Walking,2.22,8.92,-5.05
Walking,2.26,5.24,-7.08
Walking,-2.34,13.91,-1.2258313
Walking,8.81,8.39,-1.334794
Walking,-0.19,9.38,-1.920469
Walking,16.89,-3.68,3.3778462
Walking,-1.84,5.63,-0.040861044
Walking,2.03,16.04,3.83
Walking,7.5,1.92,-2.53
Walking,5.75,14.9,4.99
Walking,-7.97,3.76,-0.04
Walking,-0.38,7.31,-2.22
Walking,6.02,5.94,-2.1111538
Walking,5.52,4.4,-0.50395286
Walking,1.65,5.18,-2.4108016
Walking,19.57,9.11,-2.7240696
Walking,1.42,5.33,3.45
Walking,5.48,8.77,1.9477097
Walking,-1.99,2.18,-2.45
Walking,2.37,14.98,1.6889231
Walking,1.54,-0.61,-0.15
Walking,-6.47,-1.76,-4.25
Walking,-0.46,11.92,-1.33
Walking,3.68,13.48,3.57
Walking,-4.1,15.4,-5.79
Walking,8.58,17.12,-3.26
Walking,-4.06,11.03,-4.944186
Walking,3.11,17.82,-1.525479
Walking,1.08,8.16,3.9090397
Walking,-5.05,13.02,-1.4573772
Walking,5.24,5.37,-0.5
Walking,-1.95,6.09,-1.65
Walking,2.6,12.41,2.34
Walking,2.98,11.5,0.08
Walking,-5.79,2.03,1.27
Walking,-2.37,5.18,2.45
Walking,1.61,5.75,-1.12
Walking,1.76,6.93,-3.17
Walking,8.92,18.58,11.182305
Walking,4.63,10.46,-1.8387469
Walking,1.73,13.91,-12.07
Walking,1.23,5.05,-1.99
Walking,7.46,5.18,-1.61
Walking,-4.37,16.74,-0.6946377
Walking,1.57,4.94,-0.3
Walking,4.94,6.74,1.4573772
Walking,4.56,12.53,-1.334794
Walking,-2.3,12.79,3.45
Walking,3.02,5.37,-0.76
Walking,9.34,15.7,-1.4165162
Walking,-6.4,-0.72,-0.8
Walking,-4.48,7.12,-3.64
Walking,-0.46,7.82,-1.08
Walking,1.33,10.19,0.65
Walking,-2.49,12.49,0.95
Walking,-3.06,18.85,0.9942854
Walking,-1.84,13.82,2.91
Walking,-0.57,1.92,2.5606253
Walking,11.5,19.23,-1.4165162
Walking,-1.5,5.24,-2.6
Walking,-1.76,4.94,-2.76
Walking,10.84,12.64,-5.012288
Walking,-4.75,7.97,-0.23
Walking,7.12,11.14,-0.99
Walking,-2.22,10.34,-2.07
Walking,-8.35,15.36,-6.0201936
Walking,0.46,8.58,-2.1383946
Walking,8.58,12.34,-3.17
Walking,13.82,-5.01,-6.36
Walking,2.56,8.89,0.3405087
Walking,-3.06,9.92,-8.62
Walking,0.57,12.11,3.41
Walking,2.64,13.53,2.2201166
Walking,5.9,8.96,-1.334794
Walking,0.27,9.28,1.1849703
Walking,0.42,8.66,0.6946377
Walking,-3.79,3.45,-0.27
Walking,3.95,18.12,-3.5957718
Walking,-3.6,3.57,-1.7978859
Walking,1.04,8.08,-2.6423476
Walking,-5.01,15.94,1.92
Walking,4.37,7.01,-3.214402
Walking,0.72,7.67,-0.0
Walking,-0.42,8.66,-1.879608
Walking,0.89,9.72,-0.76
Walking,6.28,11.88,-1.334794
Walking,2.15,6.82,1.14
Walking,7.44,2.91,1.23
Walking,-1.73,10.84,-2.6423476
Walking,-2.11,15.4,13.33432
Walking,0.31,8.77,-4.2495484
Walking,3.57,8.43,2.3426998
Walking,-2.79,11.03,-3.87
Walking,-1.46,17.01,-1.92
Walking,4.37,17.86,-1.8
Walking,10.34,12.15,-0.53119355
Walking,9.0,3.91,0.84446156
Walking,7.35,9.38,-2.5606253
Walking,-8.39,10.34,-5.98
Walking,6.28,10.84,4.140586
Walking,-0.04,1.61,-0.23154591
Walking,14.98,1.99,2.72
Walking,-2.83,8.96,-2.64
Walking,14.98,4.14,11.5
Walking,0.76,4.37,2.152015
Walking,8.28,5.05,-1.8
Walking,-0.89,2.37,1.42
Walking,-5.75,15.51,-2.2609777
Walking,0.38,2.49,-0.84
Walking,-0.91,6.55,-3.0237172
Walking,11.69,7.59,-0.19
Walking,10.65,14.67,3.6774938
Walking,-2.72,3.68,-0.95342433
Walking,-4.99,10.95,-0.11
Walking,6.05,17.05,-2.07
Walking,4.82,6.59,4.944186
Walking,-1.38,16.51,3.64
Walking,7.46,5.94,-1.12
Walking,-0.11,8.28,-2.2201166
Walking,-0.3,13.06,3.8681788
Walking,5.13,6.78,-2.91
Walking,-5.22,4.71,5.9
Walking,-0.65,10.84,0.38
Walking,1.57,5.48,-1.18
Walking,-3.49,6.47,-3.11
Walking,-3.06,7.44,4.56
Walking,-3.79,10.04,1.95
Walking,-3.3,8.05,1.92
Walking,4.02,11.6,1.6889231
Walking,1.08,1.57,-1.92
Walking,0.0,9.89,-7.25
Walking,6.97,5.94,-1.7297841
Walking,-0.8,12.41,-2.6832085
Walking,-2.87,10.61,-0.04
Walking,-2.6,10.84,0.6946377
Walking,3.64,12.34,1.88
Walking,10.38,10.57,4.2086873
Walking,-16.47,-8.35,13.53
Walking,5.41,5.01,-4.440233
Walking,1.14,5.37,-1.4573772
Walking,-2.3,6.28,-2.3426998
Walking,10.73,3.45,0.11
Walking,3.95,11.56,0.3
Walking,2.56,10.38,-3.6
Walking,1.33,6.28,6.59
Walking,0.95,13.18,-0.46309182
Walking,-5.01,0.61,-3.6774938
Walking,3.83,4.56,-0.9942854
Walking,2.72,3.76,3.759216
Walking,9.89,8.81,1.92
Walking,8.01,3.91,-0.23154591
Walking,-1.42,2.18,-0.10896278
Walking,7.55,3.53,0.040861044
Walking,-8.24,11.37,-2.7921712
Walking,-0.11,6.05,-0.11
Walking,-0.46,4.4,1.56634
Walking,0.31,10.31,8.008764
Walking,-4.25,14.94,-2.96
Walking,4.48,12.98,-2.2609777
Walking,0.31,5.63,-2.6832085
Walking,-2.22,2.96,-1.92
Walking,-1.84,9.28,-0.38136974
Walking,4.02,11.07,-0.04
Walking,-1.33,5.63,0.15
Walking,3.26,11.18,-1.23
Walking,-9.34,17.62,1.38
Walking,7.25,8.2,-2.91
Walking,-0.23,12.68,-6.28
Walking,-11.73,5.9,4.0588636
Walking,-0.61,3.34,1.2258313
Walking,0.19,6.93,8.117727
Walking,5.67,11.22,-0.08
Walking,12.45,-1.04,-6.97
Walking,10.31,2.79,-3.3
Walking,-0.5,15.98,-1.7297841
Walking,10.46,8.16,-0.38
Walking,-2.3,14.48,-5.33
Walking,0.42,10.76,2.6832085
Walking,-6.47,7.46,0.27
Walking,4.29,11.41,-4.2495484
Walking,0.69,16.86,10.119919
Walking,0.34,5.41,-0.84
Walking,0.76,8.39,-0.65
Walking,9.85,14.56,1.6480621
Walking,5.01,11.41,-3.1054392
Walking,12.15,6.89,4.18
Walking,3.64,8.54,-3.87
Walking,11.3,6.85,-0.29964766
Walking,0.34,6.59,-7.504812
Walking,-0.89,6.09,-1.18
Walking,6.85,4.14,3.1463003
Walking,1.84,10.04,-1.5
Walking,-1.08,9.7,-2.070293
Walking,-1.69,12.18,4.99
Walking,0.8,10.15,0.38
Walking,7.44,5.63,-1.6480621
Walking,1.31,19.19,1.69
Walking,-0.04,9.66,6.89
Walking,3.21,9.58,-2.91
Walking,13.14,4.99,-2.4925237
Walking,12.3,-4.37,-6.21
Walking,7.63,10.04,1.27
Walking,-2.49,12.68,3.445948
Walking,6.97,5.67,-2.9556155
Walking,-0.27,4.99,0.27
Walking,-4.4,7.4,2.79
Walking,-1.53,2.91,0.313268
Walking,-2.53,7.12,-2.76
Walking,5.52,6.05,-1.33
Walking,-10.08,4.86,3.53
Walking,-0.61,5.67,-7.31
Walking,-2.72,12.49,2.15
Walking,17.12,9.96,-10.69
Walking,4.18,16.97,-1.73
Walking,-6.21,3.06,-0.15
Walking,5.52,6.13,-0.84
Walking,4.25,3.11,-1.3756552
Walking,-6.63,12.76,8.01
Walking,9.53,3.95,-0.6946377
Walking,-3.91,10.95,-3.26
Walking,-3.06,9.62,-1.2258313
Walking,0.91,3.21,-2.3
Walking,10.15,5.33,0.65
Walking,-0.72,5.05,-2.8330324
Walking,2.56,6.02,2.4516625
Walking,-3.34,11.45,0.7627395
Walking,11.8,16.4,8.62168
Walking,2.18,7.4,2.26
Walking,-4.18,19.57,0.5720546
Walking,1.65,4.94,-2.18
Walking,4.21,5.79,-0.89
Walking,-1.69,12.37,1.607201
Walking,2.83,9.11,-0.23
Walking,3.17,12.53,3.8273177
Walking,-3.36,9.81,1.4165162
Walking,10.61,3.49,-11.33
Walking,-2.72,11.22,0.61
Walking,5.83,17.05,1.1849703
Walking,-1.69,3.91,-1.8387469
Walking,-1.99,0.23,-4.2904096
Walking,-0.11,14.75,14.7916975
Walking,-7.5,11.84,-0.23
Walking,2.49,-2.22,-3.6
Walking,-0.99,6.55,-1.92
Walking,13.02,6.7,3.76
Walking,0.5,10.69,0.313268
Walking,-5.82,19.57,-3.173541
Walking,1.69,8.96,-2.8738933
Walking,-9.04,16.66,1.42
Walking,7.7,4.6,-2.34
Walking,5.18,5.71,-0.57
Walking,-4.1,12.95,-0.8
Walking,8.16,13.21,2.7240696
Walking,-1.8,1.92,-2.83
Walking,0.53,14.25,0.27
Walking,-0.53,14.33,-3.76
Walking,0.42,5.63,-2.3699405
Walking,19.11,-0.99,-0.93
Walking,-5.52,16.04,-0.9125633
Walking,4.56,2.87,-1.1849703
Walking,2.45,9.23,0.46309182
Walking,-8.88,10.69,-5.71
Walking,-0.99,10.61,-2.2609777
Walking,-5.37,13.76,-3.64
Walking,-5.75,7.97,4.7535014
Walking,-0.89,7.97,-4.25
Walking,3.49,-0.34,-0.69
Walking,2.14,12.68,0.42
Walking,9.81,5.09,-3.21
Walking,3.76,8.62,3.636633
Walking,5.18,10.95,-2.07
Walking,2.87,6.47,-1.33
Walking,11.95,5.52,-0.38
Walking,-3.06,3.3,-0.23154591
Walking,0.84,8.85,-2.53
Walking,-3.06,13.02,6.05
Walking,6.32,10.88,-1.334794
Walking,-0.72,13.48,-0.19068487
Walking,-3.87,0.93,-1.23
Walking,-2.3,7.35,-1.99
Walking,3.06,14.41,3.41
Walking,7.21,4.25,-0.11
Walking,-3.11,3.57,-2.22
Walking,-0.89,1.23,-2.22
Walking,-8.88,17.58,-5.71
Walking,1.08,5.33,-1.4165162
Walking,4.99,9.89,-2.53
Walking,-0.46309182,8.812365,-0.7627395
Walking,1.99,9.0,1.4573772
Walking,3.57,7.82,-2.22
Walking,8.47,12.57,-0.84
Walking,4.82,5.63,-6.510526
Walking,-5.63,1.88,4.79
Walking,-1.04,8.39,-1.1168685
Walking,1.08,7.16,-2.7240696
Walking,3.76,12.53,-0.76
Walking,-1.33,0.53,-3.6774938
Walking,-1.61,11.11,-2.26
Walking,11.99,10.38,3.3778462
Walking,-2.53,10.0,8.05
Walking,11.37,12.57,0.61
Walking,-3.87,11.5,2.68
Walking,-8.88,11.69,-5.8158884
Walking,3.38,5.71,1.6480621
Walking,-1.65,13.91,7.9270425
Walking,3.17,1.12,1.7297841
Walking,0.93,14.56,2.0294318
Walking,0.15,4.94,-2.9556155
Walking,-2.68,15.21,2.11
Walking,8.16,10.69,-0.0
Walking,-4.75,0.69,-5.71
Walking,-11.26,5.75,0.04
Walking,13.72,3.11,3.91
Walking,1.5,9.43,3.0237172
Walking,-9.04,12.07,2.49
Walking,-0.46,9.81,-0.19
Walking,-4.67,12.3,-5.09
Walking,-0.76,6.36,2.96
Walking,12.3,13.1,-2.6014864
Walking,6.13,6.02,12.3
Walking,-3.98,5.22,-1.9885708
Walking,-1.99,9.77,6.66
Walking,5.71,8.69,-2.11
Walking,-1.38,10.15,-2.5333846
Walking,3.17,7.12,-2.070293
Walking,0.0,12.95,1.31
Walking,0.42,9.23,1.7978859
Walking,-4.02,12.6,2.9556155
Walking,4.02,8.89,2.152015
Walking,2.83,11.35,-1.56634
Walking,2.07,19.46,15.826844
Walking,0.53,4.37,-2.1792557
Walking,1.5,7.27,-2.3018389
Walking,3.68,7.89,-2.18
Walking,-0.08,8.73,0.6946377
Walking,-1.65,7.86,1.4165162
Walking,-6.74,12.72,-2.7513103
Walking,-5.33,10.65,0.31
Walking,3.15,8.12,-0.3
Walking,-5.43,6.74,-3.87
Walking,7.4,13.29,-3.36
Walking,-2.18,3.72,-3.6
Walking,2.6,8.01,1.7297841
Walking,2.1792557,14.2877445,0.23154591
Walking,-4.94,10.57,2.72
Walking,7.35,4.71,-0.34
Walking,-0.3,10.65,1.6480621
Walking,10.04,3.34,-0.7218784
Walking,12.72,3.21,0.9942854
Walking,-2.03,7.89,0.34
Walking,2.3,12.6,-2.0294318
Walking,0.8,14.1,9.80665
Walking,-0.95,14.52,3.255263
Walking,-1.5,0.38,-1.76
Walking,7.46,8.12,-1.7570249
Walking,-0.42,11.99,-2.91
Walking,-3.26,1.88,-5.94
Walking,2.53,13.38,2.2201166
Walking,1.8,8.43,0.23154591
Walking,0.34,9.11,-5.75
Walking,5.41,14.41,-1.33
Walking,0.11,11.54,-1.31
Walking,1.23,11.56,7.65
Walking,2.45,8.01,-0.9125633
Walking,2.72,10.92,0.3405087
Walking,4.75,6.44,-0.34
Walking,-2.34,3.83,1.12
Walking,7.08,6.63,-0.8036005
Walking,2.34,6.55,0.6946377
Walking,-3.3,14.56,-6.6331096
Walking,-1.8,4.06,-1.73
Walking,-4.21,12.11,3.49
Walking,-0.95,8.58,0.34
Walking,3.64,6.17,5.67
Walking,-2.6,-1.33,-4.2904096
Walking,5.48,11.88,-3.79
Walking,16.74,8.58,1.9885708
Walking,8.69,10.12,-2.2201166
Walking,2.83,13.67,-3.1054392
Walking,5.2,8.89,-1.57
Walking,-0.84,6.78,-1.42
Walking,13.95,9.66,0.5
Walking,-1.46,11.56,10.841797
Walking,-9.72,17.31,-8.12
Walking,-1.57,17.69,1.3075534
Walking,-0.95,15.05,1.84
Walking,-4.33,6.36,1.65
Walking,-1.14,8.85,0.08172209
Walking,7.65,19.04,13.38
Walking,-3.06,11.45,4.1814466
Walking,8.16,3.95,7.6273947
Walking,14.06,-11.56,-5.56
Walking,11.3,6.66,-2.3426998
Walking,4.52,2.22,-2.9147544
Walking,0.61,9.28,0.95342433
Walking,-4.79,14.94,-0.08
Walking,-6.47,8.39,-1.69
Walking,3.34,4.75,-0.88532263
Walking,-3.83,12.83,2.6
Walking,-0.23,12.18,-4.1
Walking,0.5,13.1,0.42223078
Walking,4.71,6.82,3.21
Walking,6.44,11.5,-1.7297841
Walking,-0.5,7.86,1.7570249
Walking,2.96,10.57,0.84446156
Walking,3.38,9.28,-0.8
Walking,1.73,12.45,-0.46
Walking,-3.68,2.18,3.21
Walking,-1.61,9.96,-1.84
Walking,3.79,8.43,-2.1383946
Walking,-2.72,2.76,-2.53
Walking,1.33,7.89,-1.08
Walking,9.43,9.43,-2.9147544
Walking,-10.27,11.07,0.040861044
Walking,8.31,8.05,1.04
Walking,-8.66,17.01,-1.61
Walking,-0.27,4.1,2.6423476
Walking,-9.23,13.14,-3.02
Walking,-1.18,4.82,4.440233
Walking,1.5,10.99,9.92
Walking,4.37,-0.11,-1.04
Walking,-4.79,13.87,8.812365
Walking,5.52,10.5,-3.636633
Walking,0.31,12.72,-3.5276701
Walking,-2.45,11.37,-2.7240696
Walking,5.22,4.99,-1.7570249
Walking,12.03,-13.87,-3.41
Walking,-1.61,3.02,-0.38
Walking,4.02,11.5,3.2961242
Walking,-0.3,10.8,12.258313
Walking,1.23,5.13,-1.2666923
Walking,-0.65,13.4,-1.95
Walking,-3.49,10.95,-1.23
Walking,6.97,5.01,-1.12
Walking,2.83,12.98,0.9942854
Walking,5.71,13.87,-0.9125633
Walking,4.18,11.8,17.16
Walking,2.7649305,6.932757,-2.3018389
Walking,-3.06,4.86,1.76
Walking,0.0,8.2,0.42223078
Walking,2.07,11.35,2.0294318
Walking,9.81,0.15,1.65
Walking,-8.35,10.34,-3.17
Walking,3.57,9.28,1.08
Walking,-3.17,8.28,2.53
Walking,0.15,9.23,4.8216033
Walking,1.76,13.02,8.117727
Walking,5.41,8.58,-2.64
Walking,3.76,8.08,0.6946377
Walking,1.95,16.32,-3.255263
Walking,3.79,9.96,-2.72
Walking,-2.41,13.76,-3.3642259
Walking,-2.18,4.18,-3.57
Walking,3.26,10.99,1.31
Walking,-6.59,12.3,4.79
Walking,-8.01,19.27,1.9477097
Walking,-4.63,5.22,-1.525479
Walking,-8.81,10.84,0.23
Walking,4.18,16.4,7.3958488
Walking,10.08,14.82,7.16
Walking,9.53,6.02,-0.65
Walking,4.1,13.72,2.26
Walking,7.86,0.23,-6.51
Walking,19.53,18.77,-10.72
Walking,9.62,9.19,0.42223078
Walking,-2.64,4.82,-4.82
Walking,-6.89,7.16,4.63
Walking,0.76,7.44,4.63
Walking,-8.08,16.13,14.29
Walking,-2.18,17.73,-4.67
Walking,-5.94,13.33,1.69
Walking,2.41,4.1,0.31
Walking,-3.83,12.79,-6.43
Walking,-3.02,12.53,-1.18
Walking,7.31,4.75,-1.14
Walking,5.98,7.82,1.14
Walking,-2.3,7.01,1.5390993
Walking,-3.49,3.06,-0.42
Walking,-3.36,15.85,-6.66
Walking,1.14,11.99,0.84446156
Walking,-7.86,12.91,1.38
Walking,-2.41,6.17,2.11
Walking,0.93,9.77,-3.36
Walking,-3.17,5.22,-3.68
Walking,2.18,9.89,-4.44
Walking,3.11,11.11,6.66
Walking,4.48,12.18,4.5628166
Walking,3.57,9.43,8.049625
Walking,-3.76,12.87,-1.04
Walking,0.89,12.68,-3.6
Walking,1.12,2.34,-0.19068487
Walking,4.14,12.07,-1.6480621
Walking,-0.72,10.46,11.6
Walking,4.29,2.83,-0.8036005
Walking,5.18,8.05,1.23
Walking,-0.42,10.46,-1.61
Walking,-1.18,9.81,1.27
Walking,1.92,9.11,5.5162406
Walking,6.32,5.6,-1.23
Walking,-3.72,10.61,0.8
Walking,9.85,8.73,0.76
Walking,-0.08172209,14.246883,-3.445948
Walking,17.31,15.55,7.3549876
Walking,-0.19068487,3.0237172,-0.8036005
Walking,3.99,10.73,-2.96
Walking,-1.23,16.44,13.95
Walking,5.41,6.13,-0.95
Walking,-13.87,18.39,-0.57
Walking,-2.56,7.12,-0.7627395
Walking,3.72,9.11,-1.99
Walking,6.85,11.73,1.04
Walking,-0.8,10.15,-3.6
Walking,6.36,3.17,-0.61291564
Walking,2.34,8.77,1.1441092
Walking,-4.75,15.05,-1.33
Walking,-0.42,6.74,-0.53119355
Walking,-1.8,0.57,-0.95
Walking,-0.11,7.31,-3.336985
Walking,-1.99,3.17,-0.5
Walking,-0.34,16.17,0.08172209
Walking,-1.31,5.75,2.152015
Walking,-2.56,5.18,0.15
Walking,-11.84,-0.27,-5.75
Walking,0.34,2.15,-1.42
Walking,-2.03,0.19,-1.04
Walking,8.05,11.07,-2.4925237
Walking,-6.82,13.33,5.18
Walking,2.45,8.43,-2.45
Walking,6.09,1.23,2.22
Walking,4.02,3.02,-3.17
Walking,5.8976107,13.593107,-1.9477097
Walking,-6.82,7.78,-1.88
Walking,-3.45,3.64,-3.0237172
Walking,0.76,13.76,5.13
Walking,5.43,3.68,0.3
Walking,13.91,17.16,5.01
Walking,0.89,7.59,-1.4573772
Walking,-0.19,3.34,1.7297841
Walking,0.95,8.2,-2.53
Walking,-4.44,3.17,-3.49
Walking,-9.62,17.5,-1.04
Walking,-0.3,7.01,-4.2086873
Walking,4.14,5.37,-2.6832085
Walking,3.76,15.09,-1.42
Walking,0.15,14.06,0.88532263
Walking,15.43,16.04,-2.6014864
Walking,5.94,19.53,-3.9499009
Walking,7.78,8.66,2.14
Walking,1.08,15.43,-0.42
Walking,-4.48,10.92,0.8
Walking,3.3,4.79,-1.5
Walking,2.26,17.27,1.99
Walking,10.23,8.05,-1.33
Walking,13.59,15.83,-4.63
Walking,8.5,9.11,0.19068487
Walking,0.93,6.02,3.11
Walking,2.49,6.51,-0.65
Walking,0.89,9.96,1.56634
Walking,-2.91,5.83,-1.84
Walking,4.18,1.27,0.0
Walking,1.76,9.85,-1.42
Walking,8.39,10.95,-0.50395286
Walking,2.34,11.07,-4.71
Walking,-9.28,17.67,11.45
Walking,3.45,-0.08,-4.79
Walking,-2.34,7.21,-1.5
Walking,0.93,12.49,-0.27240697
Walking,-8.12,17.54,-5.8567495
Walking,4.75,7.27,-2.070293
Walking,-12.72,18.81,-0.93
Walking,-7.35,14.25,-0.3
Walking,5.09401,8.281172,-0.7218784
Walking,-2.6,15.32,-2.83
Walking,-4.1,11.69,-2.53
Walking,3.45,13.29,1.99
Walking,2.49,5.33,-1.4982382
Walking,-1.95,12.98,5.94
Walking,-0.76,2.18,-2.7513103
Walking,2.37,11.35,0.0
Walking,5.13,10.04,3.1054392
Walking,3.91,12.41,-1.7570249
Walking,-4.56,1.65,-1.42
Walking,5.41,15.98,2.72
Walking,5.79,12.68,1.1441092
Walking,-7.44,16.09,9.19
Walking,9.62,15.6,12.9529505
Walking,2.03,9.92,-1.18
Walking,3.3,4.48,1.14
Walking,0.04,7.63,-0.5
Walking,-6.24,16.13,-4.67
Walking,1.69,6.13,5.24
Walking,5.75,8.62,1.8387469
Walking,-0.53,11.41,-3.21
Walking,-3.53,8.39,0.61291564
Walking,5.71,15.75,7.273266
Walking,2.152015,9.275456,-3.6774938
Walking,1.84,9.08,-5.24
Walking,0.11,16.47,-5.8976107
Walking,2.34,10.04,1.2258313
Walking,-0.04,9.62,-5.01
Walking,4.1,4.4,-0.6946377
Walking,7.59,19.42,4.4810944
Walking,2.6,13.38,3.3
Walking,-0.38,15.05,1.4165162
Walking,2.37,12.83,-3.21
Walking,-5.75,4.71,-5.6660647
Walking,-1.73,5.86,-3.8273177
Walking,-0.89,12.22,-2.3699405
Walking,0.04,5.09,-2.03
Walking,0.93,3.38,-1.7297841
Walking,6.21,8.39,1.5390993
Walking,10.0,15.32,12.680544
Walking,0.08,8.39,-2.6
